# Blender 5.2.0 LTS
# www.blender.org
mtllib RPLIDAR_C1_v1.mtl
o RPLIDAR_C1_v1
v 0.027718 -0.019293 0.000000
v 0.027674 0.019482 0.000000
v 0.027178 -0.017828 0.022964
v 0.027192 0.017800 0.022909
v 0.027012 -0.019632 0.022906
v 0.027010 0.019638 0.022907
v 0.027091 -0.021523 0.000000
v 0.027100 0.021506 0.000000
v 0.026916 0.019140 0.023091
v 0.026830 -0.019560 0.023094
v 0.026477 -0.021394 0.022906
v 0.026477 0.021395 0.022906
v 0.026181 -0.023270 0.000000
v 0.026233 0.023202 0.000000
v 0.025893 -0.022289 0.023084
v 0.026029 0.022035 0.023084
v 0.026201 -0.000298 0.000002
v 0.026039 0.000600 -0.000000
v 0.025990 -0.000142 0.000200
v 0.025990 -0.000142 0.006600
v 0.025910 0.000415 0.000200
v 0.025910 0.000415 0.006600
v 0.025609 0.023018 0.022906
v 0.025756 -0.000655 0.000200
v 0.025756 -0.000655 0.006600
v 0.025666 -0.019228 0.000000
v 0.025679 -0.002627 0.000000
v 0.025695 0.002633 -0.000000
v 0.025719 0.018492 -0.000000
v 0.025661 -0.018678 0.000200
v 0.025695 -0.002633 0.000200
v 0.025635 0.002658 0.000200
v 0.025733 0.018222 0.000200
v 0.025557 0.019464 0.000200
v 0.025619 -0.018483 0.000100
v 0.025600 -0.002668 0.000100
v 0.025585 0.002664 0.000100
v 0.025567 0.019210 0.000100
v 0.025585 -0.002664 0.000200
v 0.025595 -0.023022 0.022921
v 0.025325 -0.001194 0.000003
v 0.025319 0.001178 0.000001
v 0.025481 -0.000060 0.023117
v 0.025466 -0.019477 0.000175
v 0.025427 0.019869 -0.000000
v 0.025427 -0.019869 0.000200
v 0.025541 0.000841 0.000200
v 0.025541 0.000841 0.006600
v 0.024900 -0.024900 0.000000
v 0.024900 0.024900 0.000000
v 0.025321 0.019975 0.000200
v 0.025162 -0.003137 0.023168
v 0.025063 0.004785 0.023122
v 0.025300 -0.000009 0.023299
v 0.025282 -0.002147 0.000000
v 0.025276 0.002142 -0.000000
v 0.025276 -0.002142 0.000200
v 0.025282 0.002147 0.000200
v 0.025282 -0.000959 0.000200
v 0.025282 -0.000959 0.006600
v 0.025271 -0.020031 0.000000
v 0.025225 -0.002229 0.000160
v 0.025225 0.002229 0.000160
v 0.025201 -0.019959 0.000160
v 0.025201 0.019959 0.000160
v 0.025116 0.003042 0.023299
v 0.025000 0.001000 0.000200
v 0.025000 0.001000 0.006600
v 0.024785 -0.002650 0.037766
v 0.024903 0.000767 0.037801
v 0.024600 -0.006147 0.023168
v 0.024763 -0.020301 0.000000
v 0.024763 0.020301 -0.000000
v 0.024774 -0.020230 0.000175
v 0.024725 0.020240 0.000175
v 0.024667 -0.000760 0.038504
v 0.024441 -0.024436 0.022911
v 0.024436 0.024441 0.022911
v 0.024718 -0.000959 0.000200
v 0.024718 -0.000959 0.006600
v 0.024568 0.002180 0.038530
v 0.024620 0.003822 0.037801
v 0.024566 0.006048 0.023300
v 0.024459 0.000841 0.000200
v 0.024459 0.000841 0.006600
v 0.024386 -0.003695 0.038530
v 0.024115 -0.000865 0.000002
v 0.024400 0.001039 -0.000000
v 0.024279 -0.005643 0.037768
v 0.024289 -0.024342 0.023083
v 0.024342 0.024289 0.023083
v 0.024244 -0.000655 0.000200
v 0.024244 -0.000655 0.006600
v 0.024191 -0.020151 0.000100
v 0.024179 0.020147 0.000150
v 0.024192 -0.020214 0.000200
v 0.024123 -0.020232 0.000000
v 0.024151 0.020244 -0.000000
v 0.024123 0.020232 0.000200
v 0.024111 0.005197 0.038530
v 0.024090 0.000415 0.000200
v 0.024090 0.000415 0.006600
v 0.024021 -0.001744 0.000000
v 0.024021 0.001744 -0.000000
v 0.024064 -0.001826 0.000200
v 0.023929 0.001750 0.000200
v 0.024010 -0.000142 0.000200
v 0.024010 -0.000142 0.006600
v 0.023972 -0.001831 0.000100
v 0.023972 0.001831 0.000100
v 0.023964 0.006818 0.037801
v 0.023815 0.000353 0.000002
v 0.023680 -0.009067 0.023168
v 0.023190 0.010644 0.023122
v 0.023743 -0.006680 0.038530
v 0.023658 0.008965 0.023300
v 0.023412 -0.008553 0.037770
v 0.023391 -0.001187 0.000000
v 0.023391 0.001187 -0.000000
v 0.023357 -0.001255 0.000175
v 0.023316 0.001199 0.000175
v 0.023284 0.008137 0.038530
v 0.023202 -0.026233 0.000000
v 0.023270 0.026181 0.000000
v 0.023018 -0.025609 0.022906
v 0.023114 -0.019151 0.000100
v 0.023114 0.019151 0.000100
v 0.023007 -0.019138 0.000200
v 0.023164 0.019246 0.000200
v 0.023100 0.020266 0.023100
v 0.023067 -0.020985 0.023100
v 0.023067 -0.020027 0.023100
v 0.023057 -0.019234 0.000000
v 0.023057 0.019234 -0.000000
v 0.023045 -0.000421 0.000000
v 0.023045 0.000421 -0.000000
v 0.023045 -0.000421 0.000200
v 0.022971 0.000401 0.000175
v 0.023022 0.025595 0.022921
v 0.023012 0.021219 0.023100
v 0.022958 0.020276 0.021099
v 0.022959 -0.020861 0.021099
v 0.022919 -0.019923 0.021099
v 0.022947 -0.000442 0.000140
v 0.022944 0.009712 0.037801
v 0.022035 -0.026029 0.023084
v 0.022289 0.025893 0.023084
v 0.022872 0.021202 0.021099
v 0.022872 -0.020519 0.022563
v 0.022872 0.020488 0.022564
v 0.022829 -0.021143 0.000001
v 0.022844 0.021124 0.000003
v 0.022838 0.019345 0.023100
v 0.022736 -0.009562 0.038530
v 0.022696 0.019387 0.021099
v 0.022647 -0.021745 0.021099
v 0.022686 -0.021424 0.022563
v 0.022696 -0.019611 0.022563
v 0.022684 0.019583 0.022565
v 0.022698 0.021396 0.022564
v 0.022728 0.021496 0.000716
v 0.022726 -0.021497 0.000843
v 0.022727 0.021493 0.001212
v 0.022726 -0.021500 0.001347
v 0.022726 0.021497 0.001707
v 0.022726 -0.021500 0.001847
v 0.022727 0.021493 0.002212
v 0.022731 -0.021501 0.002346
v 0.022727 0.021493 0.002712
v 0.022731 -0.021501 0.002846
v 0.022727 0.021500 0.003212
v 0.022729 -0.021505 0.003349
v 0.022727 0.021507 0.003713
v 0.022730 -0.021495 0.003825
v 0.022727 0.021507 0.004213
v 0.022735 -0.021498 0.004339
v 0.022728 0.021504 0.004717
v 0.022729 -0.021497 0.004850
v 0.022727 0.021493 0.005212
v 0.022729 -0.021495 0.005326
v 0.022727 0.021493 0.005712
v 0.022731 -0.021499 0.005830
v 0.022727 0.021500 0.006212
v 0.022729 -0.021503 0.006326
v 0.022726 0.021503 0.006718
v 0.022721 -0.021877 0.023100
v 0.022721 -0.019135 0.023100
v 0.022669 -0.022175 0.000000
v 0.022669 0.022175 -0.000000
v 0.021937 -0.013049 0.023116
v 0.022632 -0.019190 0.021100
v 0.022450 0.021494 0.000525
v 0.022450 -0.021504 0.000650
v 0.022404 0.021493 0.000964
v 0.022401 -0.021494 0.001090
v 0.022403 0.021490 0.001462
v 0.022403 -0.021500 0.001592
v 0.022401 0.021495 0.001961
v 0.022406 -0.021499 0.002088
v 0.022403 0.021490 0.002462
v 0.022403 0.021490 0.002962
v 0.022403 0.021510 0.003463
v 0.022403 0.021511 0.003963
v 0.022415 -0.021494 0.004072
v 0.022403 0.021511 0.004463
v 0.022404 0.021494 0.004965
v 0.022403 0.021489 0.005462
v 0.022415 -0.021494 0.005572
v 0.022403 0.021490 0.005962
v 0.022416 -0.021498 0.006073
v 0.022401 0.021505 0.006464
v 0.022445 -0.021516 0.006545
v 0.022446 0.021749 0.006921
v 0.022585 0.022076 0.023100
v 0.022562 0.020881 0.000682
v 0.022562 0.022119 0.000742
v 0.022565 -0.022111 0.000800
v 0.022563 -0.020887 0.000879
v 0.022563 0.020882 0.001158
v 0.022564 0.022114 0.001254
v 0.022564 -0.022116 0.001283
v 0.022563 -0.020887 0.001379
v 0.022563 0.020887 0.001671
v 0.022566 0.022115 0.001762
v 0.022562 -0.022113 0.001796
v 0.022563 -0.020887 0.001879
v 0.022562 0.020880 0.002183
v 0.022567 0.022110 0.002265
v 0.022559 -0.022119 0.002296
v 0.022561 -0.020883 0.002383
v 0.022561 0.020888 0.002671
v 0.022567 0.022110 0.002765
v 0.022559 -0.022119 0.002796
v 0.022565 -0.020886 0.002866
v 0.022563 0.020886 0.003188
v 0.022567 0.022110 0.003266
v 0.022559 -0.022119 0.003296
v 0.022566 -0.020893 0.003379
v 0.022564 0.020886 0.003671
v 0.022562 0.022119 0.003743
v 0.022563 -0.022110 0.003801
v 0.022562 -0.020879 0.003865
v 0.022564 0.020886 0.004171
v 0.022562 0.022114 0.004238
v 0.022563 -0.022110 0.004301
v 0.022563 -0.020887 0.004379
v 0.022562 0.020887 0.004662
v 0.022560 0.022115 0.004760
v 0.022566 -0.022107 0.004796
v 0.022563 -0.020890 0.004885
v 0.022562 0.020880 0.005183
v 0.022564 0.022114 0.005254
v 0.022565 -0.022111 0.005300
v 0.022560 -0.020885 0.005385
v 0.022562 0.020880 0.005683
v 0.022564 0.022114 0.005754
v 0.022565 -0.022114 0.005809
v 0.022559 -0.020881 0.005879
v 0.022563 0.020886 0.006188
v 0.022567 0.022114 0.006263
v 0.022566 -0.022113 0.006310
v 0.022563 -0.020883 0.006391
v 0.022566 0.020885 0.006663
v 0.022563 0.022112 0.006749
v 0.022448 0.022032 0.021099
v 0.022496 -0.022224 0.006787
v 0.022450 -0.021500 0.000400
v 0.022416 -0.021502 0.002601
v 0.022415 -0.021506 0.003103
v 0.022425 -0.021512 0.003580
v 0.022420 -0.021485 0.004611
v 0.022422 -0.021500 0.005088
v 0.022320 -0.021980 0.000608
v 0.022324 -0.021028 0.000691
v 0.022279 0.021959 0.001002
v 0.022304 -0.021948 0.001026
v 0.022282 -0.021049 0.001129
v 0.022276 0.021038 0.001420
v 0.022285 0.021952 0.001504
v 0.022282 -0.021950 0.001546
v 0.022282 -0.021049 0.001629
v 0.022282 0.021049 0.001921
v 0.022276 -0.021961 0.002046
v 0.022277 -0.021040 0.002129
v 0.022277 -0.021960 0.002546
v 0.022290 -0.021027 0.002609
v 0.022279 0.021050 0.002921
v 0.022277 -0.021960 0.003046
v 0.022287 -0.021058 0.003129
v 0.022278 -0.021955 0.003547
v 0.022303 -0.021038 0.003599
v 0.022284 0.021047 0.003921
v 0.022289 0.021963 0.003988
v 0.022282 -0.021947 0.004048
v 0.022281 -0.021049 0.004129
v 0.022284 0.021046 0.004421
v 0.022279 0.021950 0.004504
v 0.022287 -0.021943 0.004546
v 0.022277 -0.021044 0.004631
v 0.022277 0.021044 0.004919
v 0.022279 0.021958 0.005003
v 0.022287 -0.021943 0.005046
v 0.022283 -0.021054 0.005131
v 0.022284 0.021953 0.005504
v 0.022286 -0.021947 0.005548
v 0.022277 -0.021040 0.005629
v 0.022285 0.021952 0.006004
v 0.022277 -0.021040 0.006129
v 0.022190 0.020805 0.006836
v 0.022475 0.020343 0.022952
v 0.022399 -0.011765 0.023298
v 0.022404 0.011753 0.023300
v 0.022348 0.021001 0.006599
v 0.022346 0.021093 0.000468
v 0.022362 0.021849 0.000494
v 0.022483 -0.020506 0.022951
v 0.022392 0.021828 0.006600
v 0.022353 -0.021092 0.006580
v 0.022295 0.021027 0.000913
v 0.022295 0.021952 0.002020
v 0.022291 0.021042 0.002439
v 0.022295 0.021952 0.002520
v 0.022295 0.021952 0.003020
v 0.022304 0.021051 0.003443
v 0.022298 0.021961 0.003504
v 0.022289 0.021037 0.005437
v 0.022291 0.021042 0.005939
v 0.022291 -0.021968 0.006068
v 0.022308 0.021048 0.006429
v 0.022293 0.021961 0.006518
v 0.022264 -0.022043 0.006552
v 0.022303 -0.011106 0.037801
v 0.022269 -0.022058 0.000400
v 0.022269 -0.020942 0.000400
v 0.022269 -0.022058 0.006975
v 0.022261 0.018581 0.023100
v 0.022219 -0.018742 0.000100
v 0.022219 0.018742 0.000100
v 0.022115 -0.018767 0.000200
v 0.022299 0.018815 0.000200
v 0.022225 0.022496 0.006787
v 0.022032 -0.022448 0.021099
v 0.022113 -0.018664 0.021099
v 0.022126 0.018659 0.021099
v 0.022168 -0.022190 0.022563
v 0.022186 -0.018840 0.022563
v 0.022164 0.018819 0.022566
v 0.022190 0.022168 0.022563
v 0.022194 -0.018839 0.000000
v 0.022194 0.018839 -0.000000
v 0.021959 0.021847 0.022951
v 0.021876 -0.022844 0.000003
v 0.021876 -0.020156 0.000003
v 0.021857 0.020171 0.000001
v 0.021857 0.022829 0.000001
v 0.022100 0.010952 0.038530
v 0.022111 0.020438 0.000629
v 0.022117 -0.022569 0.000754
v 0.022107 0.022566 0.000796
v 0.022113 -0.020437 0.000921
v 0.022107 0.020434 0.001129
v 0.022115 -0.022566 0.001262
v 0.022107 0.022566 0.001296
v 0.022115 -0.020440 0.001415
v 0.022113 0.020437 0.001629
v 0.022115 -0.022566 0.001762
v 0.022111 0.022565 0.001800
v 0.022120 -0.020438 0.001933
v 0.022113 0.020437 0.002129
v 0.022111 -0.022567 0.002241
v 0.022119 0.022559 0.002296
v 0.022110 -0.020437 0.002426
v 0.022119 0.020441 0.002629
v 0.022114 -0.022563 0.002737
v 0.022119 0.022559 0.002796
v 0.022113 -0.020438 0.002930
v 0.022117 0.020439 0.003133
v 0.022110 -0.022563 0.003249
v 0.022119 0.022559 0.003296
v 0.022114 -0.020436 0.003421
v 0.022113 0.020434 0.003615
v 0.022119 -0.022562 0.003743
v 0.022110 0.022563 0.003801
v 0.022113 -0.020438 0.003912
v 0.022107 0.020434 0.004129
v 0.022116 -0.022565 0.004246
v 0.022115 0.022560 0.004301
v 0.022113 -0.020438 0.004412
v 0.022113 0.020437 0.004629
v 0.022116 -0.022565 0.004746
v 0.022113 0.022563 0.004796
v 0.022117 -0.020439 0.004917
v 0.022120 0.020438 0.005117
v 0.022114 -0.022567 0.005263
v 0.022107 0.022566 0.005296
v 0.022113 -0.020437 0.005421
v 0.022115 0.020440 0.005635
v 0.022113 -0.022562 0.005745
v 0.022107 0.022566 0.005796
v 0.022110 -0.020437 0.005926
v 0.022119 0.020441 0.006129
v 0.022113 -0.022562 0.006245
v 0.022111 0.022565 0.006300
v 0.022111 -0.020435 0.006425
v 0.022113 0.020438 0.006629
v 0.022112 -0.022563 0.006749
v 0.021847 -0.021959 0.022951
v 0.021847 -0.019053 0.022951
v 0.022076 -0.022585 0.023100
v 0.022076 -0.018427 0.023100
v 0.022017 -0.020690 0.006603
v 0.022032 0.022263 0.006528
v 0.022059 0.022268 0.006975
v 0.022008 0.020708 0.000432
v 0.022058 0.022269 0.000400
v 0.021980 0.022320 0.000608
v 0.021943 0.020713 0.000879
v 0.021762 -0.020555 0.000751
v 0.021943 0.022287 0.001046
v 0.021951 -0.020718 0.001171
v 0.021943 0.020713 0.001379
v 0.021942 0.022287 0.001546
v 0.021956 -0.020723 0.001669
v 0.021951 0.020718 0.001879
v 0.021957 0.022280 0.002048
v 0.021960 0.020723 0.002379
v 0.021947 -0.022304 0.002481
v 0.021961 0.022276 0.002545
v 0.021945 -0.020717 0.002673
v 0.021961 0.020724 0.002880
v 0.021945 -0.022283 0.003002
v 0.021960 0.022277 0.003046
v 0.021952 -0.020715 0.003171
v 0.021964 0.020698 0.003350
v 0.021958 -0.022291 0.003486
v 0.021955 0.022278 0.003547
v 0.021952 -0.020715 0.003671
v 0.021942 0.020713 0.003879
v 0.021963 -0.022289 0.003988
v 0.021946 0.022283 0.004048
v 0.021952 -0.020719 0.004167
v 0.021943 0.020713 0.004379
v 0.021960 -0.022292 0.004490
v 0.021960 0.022277 0.004546
v 0.021952 -0.020719 0.004667
v 0.021963 0.020711 0.004863
v 0.021954 -0.022284 0.005005
v 0.021943 0.022287 0.005046
v 0.021962 -0.020724 0.005170
v 0.021955 0.020722 0.005381
v 0.021942 0.022287 0.005546
v 0.021945 -0.020717 0.005673
v 0.021960 0.020723 0.005879
v 0.021950 -0.022282 0.006000
v 0.021942 0.022287 0.006046
v 0.021942 -0.020713 0.006171
v 0.021960 0.020723 0.006379
v 0.021954 -0.022282 0.006499
v 0.021998 -0.020756 0.022908
v 0.022003 -0.020256 0.022950
v 0.022021 0.020256 0.022917
v 0.022003 0.020756 0.022950
v 0.021849 -0.022362 0.000494
v 0.021956 -0.022294 0.001018
v 0.021956 -0.022294 0.001518
v 0.021952 -0.022308 0.001996
v 0.021958 -0.020709 0.002189
v 0.021956 -0.022294 0.005518
v 0.022000 -0.022311 0.006941
v 0.021712 0.018943 0.022951
v 0.021877 0.022721 0.023100
v 0.021831 -0.022391 0.006600
v 0.021745 0.022647 0.021099
v 0.021794 -0.020596 0.000400
v 0.021645 0.020561 0.006600
v 0.020818 -0.020258 0.022534
v 0.020822 0.020755 0.022537
v 0.021511 0.022445 0.006545
v 0.021577 0.012458 0.037801
v 0.021506 -0.027100 0.000000
v 0.021523 0.027091 0.000000
v 0.021549 -0.020541 0.006606
v 0.021500 0.020550 0.000400
v 0.021500 0.022450 0.000400
v 0.021494 -0.022450 0.000525
v 0.021500 0.020268 0.000587
v 0.021502 0.022450 0.000649
v 0.021493 -0.022727 0.000712
v 0.021496 0.020570 0.000855
v 0.021497 0.022729 0.000850
v 0.021490 -0.022403 0.000962
v 0.021500 -0.020273 0.000963
v 0.021501 0.020273 0.001071
v 0.021501 0.022414 0.001105
v 0.021500 -0.020598 0.001212
v 0.021493 -0.022727 0.001212
v 0.021500 0.020600 0.001338
v 0.021500 0.022725 0.001337
v 0.021490 -0.022403 0.001462
v 0.021507 -0.020273 0.001462
v 0.021500 0.022400 0.001588
v 0.021503 0.020274 0.001593
v 0.021510 -0.020597 0.001712
v 0.021493 -0.022727 0.001712
v 0.021501 0.020598 0.001838
v 0.021497 0.022726 0.001843
v 0.021490 -0.022403 0.001962
v 0.021507 -0.020273 0.001962
v 0.021494 0.022415 0.002072
v 0.021500 0.020273 0.002087
v 0.021510 -0.020597 0.002212
v 0.021493 -0.022729 0.002225
v 0.021508 0.020596 0.002336
v 0.021500 0.022731 0.002329
v 0.021482 -0.022420 0.002484
v 0.021500 -0.020273 0.002463
v 0.021500 0.022406 0.002587
v 0.021500 0.020271 0.002587
v 0.021500 -0.020598 0.002713
v 0.021500 -0.022727 0.002713
v 0.021499 0.020594 0.002838
v 0.021501 0.022731 0.002845
v 0.021500 -0.022402 0.002963
v 0.021500 -0.020273 0.002963
v 0.021502 0.022416 0.003101
v 0.021500 0.020274 0.003078
v 0.021490 -0.020597 0.003213
v 0.021500 -0.022727 0.003213
v 0.021494 0.020599 0.003335
v 0.021501 0.022731 0.003346
v 0.021510 -0.022403 0.003463
v 0.021493 -0.020273 0.003463
v 0.021506 0.022415 0.003603
v 0.021497 0.020274 0.003582
v 0.021490 -0.020597 0.003713
v 0.021507 -0.022727 0.003713
v 0.021494 0.020599 0.003835
v 0.021506 0.022729 0.003849
v 0.021511 -0.022403 0.003963
v 0.021496 -0.020272 0.003967
v 0.021506 0.022415 0.004103
v 0.021494 0.020271 0.004099
v 0.021485 -0.020580 0.004193
v 0.021500 -0.022727 0.004213
v 0.021500 0.020578 0.004337
v 0.021505 0.022729 0.004349
v 0.021500 -0.022402 0.004463
v 0.021501 -0.020271 0.004449
v 0.021505 0.020271 0.004575
v 0.021506 0.022415 0.004603
v 0.021499 -0.020597 0.004713
v 0.021500 -0.022727 0.004713
v 0.021511 0.020597 0.004838
v 0.021500 0.022727 0.004837
v 0.021489 -0.022403 0.004963
v 0.021500 -0.020273 0.004963
v 0.021494 0.022415 0.005072
v 0.021507 0.020273 0.005088
v 0.021510 -0.020597 0.005212
v 0.021500 -0.022727 0.005213
v 0.021506 0.020585 0.005322
v 0.021495 0.022729 0.005326
v 0.021500 -0.022402 0.005462
v 0.021500 -0.020273 0.005463
v 0.021494 0.022415 0.005572
v 0.021505 0.020271 0.005576
v 0.021500 -0.020598 0.005712
v 0.021500 -0.022727 0.005713
v 0.021506 0.020585 0.005822
v 0.021495 0.022729 0.005826
v 0.021500 -0.022402 0.005962
v 0.021506 -0.020271 0.005974
v 0.021494 0.022415 0.006072
v 0.021505 0.020271 0.006076
v 0.021501 -0.020586 0.006230
v 0.021495 -0.022730 0.006226
v 0.021506 0.020585 0.006322
v 0.021495 0.022729 0.006326
v 0.021499 -0.022426 0.006460
v 0.021501 -0.020273 0.006480
v 0.021500 0.020273 0.006571
v 0.021500 -0.022736 0.006713
v 0.021504 0.020550 0.006775
v 0.021510 -0.022447 0.006882
v 0.021395 -0.026477 0.022906
v 0.021394 0.026477 0.022906
v 0.021447 0.018077 0.023100
v 0.021379 -0.012299 0.038530
v 0.021202 -0.022872 0.021099
v 0.021327 -0.018203 0.021099
v 0.021329 0.018194 0.021099
v 0.021396 -0.022698 0.022564
v 0.021419 -0.018323 0.022564
v 0.021392 0.018313 0.022566
v 0.021424 0.022686 0.022563
v 0.021186 -0.022393 0.006603
v 0.021248 -0.018762 0.000000
v 0.021248 0.018762 -0.000000
v 0.021149 -0.018720 0.000200
v 0.021338 0.018703 0.000200
v 0.021239 -0.018662 0.000100
v 0.021239 0.018662 0.000100
v 0.021219 -0.023012 0.023100
v 0.021219 -0.018001 0.023100
v 0.021093 -0.022346 0.000468
v 0.021206 -0.020596 0.000400
v 0.021091 0.022354 0.006581
v 0.021012 0.020654 0.006691
v 0.021018 0.014419 0.023112
v 0.021030 0.022325 0.000691
v 0.020779 -0.020835 0.000844
v 0.021039 -0.022276 0.000920
v 0.021020 0.020680 0.000858
v 0.021057 0.022287 0.001129
v 0.021050 -0.020718 0.001250
v 0.021058 0.020713 0.001296
v 0.021037 -0.022289 0.001437
v 0.021058 0.022287 0.001629
v 0.021048 -0.020705 0.001770
v 0.021043 0.020720 0.001798
v 0.021050 -0.022279 0.001921
v 0.021040 0.022277 0.002129
v 0.021054 -0.020695 0.002231
v 0.021037 0.020698 0.002266
v 0.021050 -0.022279 0.002421
v 0.021024 0.022288 0.002608
v 0.021055 -0.020717 0.002752
v 0.021040 0.020723 0.002796
v 0.021055 -0.022283 0.002923
v 0.021043 0.022280 0.003132
v 0.021042 -0.020709 0.003236
v 0.021049 0.020718 0.003296
v 0.021044 -0.022294 0.003407
v 0.021054 0.022286 0.003631
v 0.021037 -0.020711 0.003738
v 0.021054 0.020717 0.003798
v 0.021049 -0.022302 0.003942
v 0.021057 0.022287 0.004129
v 0.021037 -0.020711 0.004238
v 0.021053 0.020718 0.004298
v 0.021048 -0.022281 0.004417
v 0.021057 0.022287 0.004629
v 0.021041 -0.020707 0.004740
v 0.021057 0.020713 0.004796
v 0.021030 -0.022290 0.004896
v 0.021045 0.022278 0.005131
v 0.021048 -0.020715 0.005254
v 0.021058 0.020713 0.005296
v 0.021049 -0.022282 0.005421
v 0.021039 0.022276 0.005629
v 0.021050 -0.020718 0.005750
v 0.021058 0.020713 0.005796
v 0.021049 -0.022282 0.005921
v 0.021040 0.022277 0.006129
v 0.021053 -0.020696 0.006231
v 0.021043 0.020720 0.006298
v 0.021047 -0.022308 0.006428
v 0.021014 -0.020670 0.006675
v 0.021027 -0.022325 0.006858
v 0.020985 0.023067 0.023100
v 0.020861 0.022959 0.021099
v 0.020886 -0.020437 0.000988
v 0.020886 -0.020437 0.002487
v 0.020883 0.020436 0.002531
v 0.020882 0.022565 0.002870
v 0.020881 -0.020438 0.003493
v 0.020883 -0.022570 0.003672
v 0.020881 -0.020438 0.003993
v 0.020884 -0.020435 0.004496
v 0.020884 -0.020435 0.004996
v 0.020889 -0.022567 0.005158
v 0.020886 -0.020437 0.006487
v 0.020885 -0.022566 0.006663
v 0.020942 0.020731 0.000400
v 0.020942 0.022269 0.000400
v 0.020506 0.022483 0.022951
v 0.020881 -0.022559 0.000671
v 0.020890 0.022563 0.000885
v 0.020893 0.020434 0.001046
v 0.020880 -0.022562 0.001183
v 0.020893 0.022566 0.001379
v 0.020885 -0.020434 0.001512
v 0.020889 0.020435 0.001550
v 0.020885 -0.022560 0.001665
v 0.020887 0.022563 0.001879
v 0.020893 -0.020434 0.002004
v 0.020883 0.020439 0.002050
v 0.020888 -0.022561 0.002171
v 0.020881 0.022559 0.002379
v 0.020890 -0.022563 0.002676
v 0.020890 -0.020437 0.002999
v 0.020887 0.020437 0.003046
v 0.020887 -0.022562 0.003180
v 0.020883 0.022561 0.003383
v 0.020887 0.020437 0.003546
v 0.020893 0.022566 0.003879
v 0.020890 0.020437 0.004051
v 0.020887 -0.022562 0.004162
v 0.020893 0.022566 0.004379
v 0.020890 0.020437 0.004551
v 0.020887 -0.022562 0.004662
v 0.020887 0.022563 0.004879
v 0.020893 0.020434 0.005046
v 0.020885 0.022560 0.005385
v 0.020887 -0.020438 0.005495
v 0.020893 0.020434 0.005546
v 0.020887 -0.022563 0.005671
v 0.020881 0.022559 0.005879
v 0.020889 -0.020435 0.006000
v 0.020889 0.020435 0.006050
v 0.020882 -0.022563 0.006184
v 0.020883 0.022563 0.006391
v 0.020887 0.020437 0.006546
v 0.020818 -0.014378 0.023297
v 0.020823 0.014369 0.023300
v 0.020825 -0.022669 0.000000
v 0.020482 -0.020546 0.000002
v 0.020546 0.020482 0.000002
v 0.020825 0.022669 -0.000000
v 0.020631 -0.021949 0.006605
v 0.020769 -0.013762 0.037801
v 0.020755 -0.020822 0.022537
v 0.020754 0.020194 0.022534
v 0.020756 -0.019014 0.022908
v 0.020756 0.021998 0.022908
v 0.020756 -0.022003 0.022950
v 0.020756 -0.020756 0.022950
v 0.020756 -0.020256 0.022950
v 0.020756 0.019009 0.022950
v 0.020756 0.020256 0.022950
v 0.020756 0.020756 0.022950
v 0.020690 0.022019 0.006602
v 0.020708 -0.022008 0.000432
v 0.020731 -0.020942 0.000400
v 0.020343 -0.022475 0.022952
v 0.020343 -0.018538 0.022952
v 0.020656 0.021027 0.006662
v 0.020550 -0.021710 0.006793
v 0.020716 -0.021023 0.006316
v 0.020699 -0.021972 0.006367
v 0.020642 -0.021052 0.006663
v 0.020555 0.021762 0.000751
v 0.020685 -0.021945 0.000878
v 0.020677 0.021025 0.000817
v 0.020711 0.021963 0.001187
v 0.020716 0.021047 0.001254
v 0.020714 -0.021053 0.001298
v 0.020718 -0.021951 0.001379
v 0.020724 0.021961 0.001670
v 0.020705 0.021048 0.001770
v 0.020713 -0.021024 0.001818
v 0.020723 -0.021960 0.001879
v 0.020709 0.021958 0.002189
v 0.020705 0.021048 0.002270
v 0.020723 -0.021040 0.002296
v 0.020724 -0.021961 0.002380
v 0.020709 0.021958 0.002689
v 0.020705 0.021048 0.002770
v 0.020723 -0.021040 0.002796
v 0.020720 -0.021957 0.002882
v 0.020717 0.021945 0.003173
v 0.020719 0.021049 0.003254
v 0.020722 -0.021045 0.003297
v 0.020712 -0.021941 0.003379
v 0.020694 0.021964 0.003688
v 0.020711 0.021037 0.003738
v 0.020717 -0.021054 0.003798
v 0.020718 -0.021951 0.003879
v 0.020716 0.021954 0.004171
v 0.020711 0.021037 0.004238
v 0.020712 -0.021058 0.004296
v 0.020719 -0.021951 0.004379
v 0.020716 0.021954 0.004671
v 0.020711 0.021037 0.004738
v 0.020713 -0.021057 0.004796
v 0.020722 -0.021955 0.004881
v 0.020711 0.021963 0.005187
v 0.020717 0.021046 0.005255
v 0.020694 -0.021056 0.005274
v 0.020722 -0.021955 0.005381
v 0.020710 0.021959 0.005688
v 0.020715 0.021048 0.005754
v 0.020718 -0.021050 0.005796
v 0.020718 -0.021951 0.005879
v 0.020713 0.021942 0.006171
v 0.020717 0.021055 0.006252
v 0.020577 0.013599 0.038530
v 0.020596 0.021206 0.000400
v 0.020596 0.021794 0.000400
v 0.020437 -0.022119 0.001116
v 0.020434 0.022115 0.003912
v 0.020438 0.020881 0.003993
v 0.020438 0.020881 0.004493
v 0.020435 0.020884 0.004996
v 0.020436 -0.020884 0.005533
v 0.020428 -0.022117 0.006629
v 0.020539 0.021529 0.006632
v 0.020550 -0.021500 0.000400
v 0.020570 -0.021496 0.000855
v 0.020597 0.021511 0.001212
v 0.020599 -0.021506 0.001340
v 0.020597 0.021510 0.001712
v 0.020584 -0.021502 0.001823
v 0.020597 0.021510 0.002212
v 0.020594 -0.021499 0.002338
v 0.020597 0.021510 0.002712
v 0.020584 -0.021498 0.002851
v 0.020598 0.021500 0.003213
v 0.020585 -0.021494 0.003353
v 0.020597 0.021490 0.003713
v 0.020598 -0.021500 0.003837
v 0.020597 0.021489 0.004213
v 0.020599 -0.021505 0.004339
v 0.020597 0.021489 0.004713
v 0.020575 -0.021512 0.004845
v 0.020598 0.021512 0.005212
v 0.020585 -0.021506 0.005322
v 0.020597 0.021510 0.005712
v 0.020597 -0.021500 0.005842
v 0.020585 0.021494 0.006197
v 0.020595 -0.021503 0.006337
v 0.020276 -0.022958 0.021099
v 0.020427 -0.018062 0.021099
v 0.020420 0.018056 0.021099
v 0.020488 -0.022872 0.022564
v 0.020513 -0.018140 0.022564
v 0.020494 0.018138 0.022555
v 0.020519 0.022872 0.022563
v 0.020271 0.018641 0.022978
v 0.020506 0.017901 0.023100
v 0.020453 -0.000684 0.041032
v 0.020435 -0.022111 0.000645
v 0.020438 0.022119 0.000932
v 0.020436 0.020886 0.001004
v 0.020435 -0.020889 0.001050
v 0.020441 0.022119 0.001421
v 0.020434 0.020885 0.001512
v 0.020435 -0.020886 0.001559
v 0.020437 -0.022113 0.001629
v 0.020438 0.022120 0.001933
v 0.020433 0.020890 0.002015
v 0.020441 -0.020881 0.002046
v 0.020441 -0.022119 0.002129
v 0.020438 0.022115 0.002437
v 0.020433 0.020890 0.002515
v 0.020441 -0.020881 0.002546
v 0.020439 -0.022117 0.002633
v 0.020437 0.022110 0.002926
v 0.020437 0.020887 0.003004
v 0.020441 -0.020881 0.003046
v 0.020438 -0.022113 0.003129
v 0.020438 0.022116 0.003439
v 0.020437 0.020887 0.003504
v 0.020437 -0.020890 0.003551
v 0.020437 -0.022113 0.003629
v 0.020437 -0.020890 0.004051
v 0.020437 -0.022113 0.004129
v 0.020436 0.022114 0.004421
v 0.020434 -0.020893 0.004546
v 0.020437 -0.022113 0.004629
v 0.020435 0.022117 0.004929
v 0.020434 -0.020893 0.005046
v 0.020440 -0.022115 0.005135
v 0.020438 0.022120 0.005433
v 0.020436 0.020886 0.005504
v 0.020440 -0.022115 0.005635
v 0.020437 0.022110 0.005926
v 0.020438 0.020887 0.005995
v 0.020434 -0.020887 0.006059
v 0.020433 -0.022111 0.006143
v 0.020435 0.022111 0.006425
v 0.020437 0.020887 0.006504
v 0.020439 -0.020879 0.006559
v 0.020271 -0.021506 0.001076
v 0.020269 -0.021500 0.002079
v 0.020271 -0.021505 0.005076
v 0.020269 -0.021501 0.005580
v 0.020271 0.021494 0.006451
v 0.020007 0.001804 0.041217
v 0.020332 -0.019010 0.000000
v 0.020332 0.019010 -0.000000
v 0.020225 -0.019005 0.000200
v 0.020397 0.018925 0.000200
v 0.020171 -0.021857 0.000001
v 0.020156 0.021876 0.000003
v 0.020301 -0.024763 0.000000
v 0.020301 0.024763 -0.000000
v 0.020240 -0.024725 0.000186
v 0.020230 0.024774 0.000186
v 0.020290 -0.018920 0.000100
v 0.020290 0.018920 0.000100
v 0.020268 -0.021500 0.000587
v 0.020273 0.021507 0.000962
v 0.020273 0.021507 0.001462
v 0.020274 -0.021500 0.001597
v 0.020273 0.021507 0.001962
v 0.020273 0.021507 0.002462
v 0.020269 -0.021499 0.002596
v 0.020273 0.021500 0.002962
v 0.020269 -0.021499 0.003095
v 0.020273 0.021500 0.003462
v 0.020273 -0.021500 0.003588
v 0.020273 0.021493 0.003963
v 0.020273 -0.021500 0.004088
v 0.020273 0.021493 0.004463
v 0.020273 -0.021500 0.004605
v 0.020273 0.021500 0.004962
v 0.020273 0.021507 0.005462
v 0.020273 0.021500 0.005962
v 0.020274 -0.021500 0.006097
v 0.020272 -0.021496 0.006583
v 0.020266 -0.023100 0.023100
v 0.020266 -0.017912 0.023100
v 0.020194 -0.020754 0.022534
v 0.020258 -0.020191 0.022537
v 0.020191 0.020258 0.022537
v 0.020258 0.020818 0.022534
v 0.020256 -0.022021 0.022917
v 0.020256 0.019572 0.022691
v 0.020256 -0.020756 0.022950
v 0.020256 -0.020256 0.022950
v 0.020256 -0.019009 0.022950
v 0.020256 0.020256 0.022950
v 0.020256 0.020756 0.022950
v 0.020256 0.022003 0.022950
v 0.020244 -0.024151 0.000000
v 0.020232 0.024123 -0.000000
v 0.020232 -0.024123 0.000200
v 0.020214 0.024192 0.000200
v 0.019629 -0.004608 0.041202
v 0.020147 -0.024179 0.000150
v 0.020151 0.024191 0.000100
v 0.019923 0.022919 0.021099
v 0.019869 -0.025427 0.000000
v 0.020031 0.025271 -0.000000
v 0.020027 0.023067 0.023100
v 0.020000 -0.025206 0.000167
v 0.019965 0.025242 0.000167
v 0.019186 0.006186 0.041202
v 0.019883 0.015015 0.037801
v 0.019572 -0.020256 0.022691
v 0.019014 0.020756 0.022908
v 0.019695 -0.014847 0.038530
v 0.019300 0.018943 0.022951
v 0.019708 -0.027621 0.000000
v 0.019695 0.027625 0.000000
v 0.019638 -0.027010 0.022907
v 0.019632 0.027012 0.022906
v 0.019583 -0.022684 0.022565
v 0.019606 -0.018318 0.022565
v 0.019597 0.018323 0.022567
v 0.019611 0.022696 0.022563
v 0.019140 -0.026916 0.023091
v 0.019560 0.026830 0.023094
v 0.019526 0.018261 0.021099
v 0.019387 -0.022696 0.021099
v 0.019537 -0.018260 0.021099
v 0.019565 0.018077 0.023100
v 0.019555 -0.019555 0.000000
v 0.019555 0.019555 -0.000000
v 0.019453 -0.019587 0.000200
v 0.019587 0.019453 0.000200
v 0.019228 0.025666 -0.000000
v 0.019464 -0.025557 0.000200
v 0.019194 0.025660 0.000200
v 0.019477 -0.025466 0.000138
v 0.019477 0.025466 0.000175
v 0.019485 -0.019485 0.000100
v 0.019485 0.019485 0.000100
v 0.019500 0.002642 0.041300
v 0.019053 0.021847 0.022951
v 0.019345 -0.022838 0.023100
v 0.019345 -0.018174 0.023100
v 0.019234 -0.023057 0.000000
v 0.019234 0.023057 -0.000000
v 0.019246 -0.023164 0.000200
v 0.019138 0.023007 0.000200
v 0.018943 -0.021712 0.022951
v 0.018943 -0.019300 0.022951
v 0.019190 0.022632 0.021100
v 0.018177 -0.017923 0.023115
v 0.017923 0.018177 0.023115
v 0.019151 -0.023114 0.000100
v 0.019151 0.023114 0.000100
v 0.019135 0.022721 0.023100
v 0.018093 -0.007739 0.041300
v 0.019010 -0.020332 0.000000
v 0.019010 0.020332 -0.000000
v 0.018925 -0.020397 0.000200
v 0.019005 0.020225 0.000200
v 0.019009 -0.020756 0.022950
v 0.018641 -0.020271 0.022978
v 0.019009 0.020256 0.022950
v 0.018934 -0.016782 0.023297
v 0.018938 0.016775 0.023300
v 0.018492 -0.025719 0.000000
v 0.018483 0.025619 0.000100
v 0.018819 -0.022164 0.022566
v 0.018837 -0.018830 0.022566
v 0.018830 0.018837 0.022566
v 0.018840 0.022186 0.022563
v 0.018921 -0.016210 0.037801
v 0.018920 -0.020290 0.000100
v 0.018920 0.020290 0.000100
v 0.018839 -0.022194 0.000000
v 0.018839 0.022194 -0.000000
v 0.018815 -0.022299 0.000200
v 0.018767 0.022115 0.000200
v 0.018771 0.018779 0.021099
v 0.018659 -0.022126 0.021099
v 0.018779 -0.018771 0.021099
v 0.018664 0.022113 0.021099
v 0.018738 0.016039 0.038530
v 0.018762 -0.021248 0.000000
v 0.018762 0.021248 -0.000000
v 0.018762 -0.021248 0.000200
v 0.018762 0.021248 0.000200
v 0.018751 0.018581 0.023100
v 0.018742 -0.022219 0.000100
v 0.018742 0.022219 0.000100
v 0.018662 -0.021239 0.000140
v 0.018662 0.021239 0.000140
v 0.018538 0.020343 0.022952
v 0.018581 -0.022261 0.023100
v 0.018581 -0.018751 0.023100
v 0.017748 -0.009568 0.041202
v 0.018313 -0.021392 0.022566
v 0.018323 -0.019597 0.022567
v 0.018318 0.019606 0.022565
v 0.018323 0.021419 0.022564
v 0.018427 0.022076 0.023100
v 0.018222 -0.025733 0.000200
v 0.018217 -0.025633 0.000100
v 0.018217 0.025633 0.000200
v 0.018194 -0.021329 0.021099
v 0.018261 -0.019526 0.021099
v 0.018260 0.019537 0.021099
v 0.018203 0.021327 0.021099
v 0.018138 -0.020494 0.022555
v 0.018140 0.020513 0.022564
v 0.018174 0.019345 0.023100
v 0.018056 -0.020420 0.021099
v 0.018062 0.020427 0.021099
v 0.018077 -0.021447 0.023100
v 0.018077 -0.019565 0.023100
v 0.018001 0.021219 0.023100
v 0.016908 0.010976 0.041202
v 0.017912 0.020266 0.023100
v 0.017901 -0.020506 0.023100
v 0.017887 0.017344 0.037801
v 0.017800 -0.027800 0.000000
v 0.017800 0.027800 -0.000000
v 0.017773 -0.027196 0.022906
v 0.017738 0.027189 0.022958
v 0.017709 -0.017168 0.038530
v 0.017750 -0.022500 0.000100
v 0.017750 0.022500 0.000100
v 0.017401 -0.023771 0.000101
v 0.017402 -0.021236 0.000101
v 0.017401 0.021229 0.000101
v 0.017402 0.023764 0.000101
v 0.015376 0.012280 0.041300
v 0.017264 -0.022898 0.000102
v 0.017264 0.022102 0.000102
v 0.016905 -0.021384 0.000102
v 0.016905 0.023616 0.000102
v 0.016775 -0.018941 0.023297
v 0.016777 0.018936 0.023301
v 0.016785 -0.018412 0.037801
v 0.016750 -0.022750 0.000133
v 0.016750 -0.022250 0.000100
v 0.016750 0.022250 0.000133
v 0.016750 0.022750 0.000100
v 0.016750 -0.022250 0.000300
v 0.016750 0.022750 0.000300
v 0.016611 0.018232 0.038530
v 0.016604 -0.023884 0.000100
v 0.016604 0.021116 0.000100
v 0.016516 -0.023016 0.001253
v 0.016516 0.021984 0.001253
v 0.016384 -0.021783 0.001254
v 0.016384 0.023217 0.001254
v 0.016004 -0.024745 0.000102
v 0.016361 -0.020421 0.000100
v 0.016361 0.020421 0.000100
v 0.015937 0.024738 0.000101
v 0.016158 -0.022500 0.001255
v 0.016158 0.022500 0.001255
v 0.015497 -0.024306 0.000102
v 0.015497 -0.020694 0.000102
v 0.015497 0.020694 0.000102
v 0.015497 0.024306 0.000102
v 0.014641 -0.013864 0.041202
v 0.015500 -0.023629 0.001252
v 0.015584 -0.023142 0.001254
v 0.015584 -0.021857 0.001253
v 0.015500 0.021371 0.001252
v 0.015584 0.021858 0.001254
v 0.015584 0.023143 0.001253
v 0.015750 -0.023750 0.000133
v 0.015750 -0.022750 0.000267
v 0.015750 -0.022250 0.000260
v 0.015750 -0.021250 0.000100
v 0.015750 0.021250 0.000133
v 0.015750 0.022250 0.000267
v 0.015750 0.022750 0.000260
v 0.015750 0.023750 0.000100
v 0.015750 -0.021250 0.000300
v 0.015750 0.023750 0.000300
v 0.015620 0.019411 0.037801
v 0.015450 -0.019226 0.038530
v 0.015063 -0.020262 0.000101
v 0.015447 -0.012425 0.000100
v 0.015425 0.012447 0.000100
v 0.014996 0.020254 0.000102
v 0.015425 -0.012447 0.000300
v 0.015447 0.012425 0.000300
v 0.015500 -0.021400 0.001250
v 0.015500 0.023600 0.001250
v 0.015250 -0.023750 0.000100
v 0.015250 -0.022750 0.000260
v 0.015250 -0.022250 0.000267
v 0.015250 -0.021250 0.000133
v 0.015250 0.021250 0.000100
v 0.015250 0.022250 0.000260
v 0.015250 0.022750 0.000267
v 0.015250 0.023750 0.000133
v 0.015250 -0.023750 0.000300
v 0.015250 0.021250 0.000300
v 0.015025 -0.022899 0.001250
v 0.014886 -0.022298 0.001254
v 0.015025 0.022101 0.001250
v 0.014886 0.022702 0.001254
v 0.014615 -0.021783 0.001253
v 0.014615 0.023217 0.001253
v 0.013464 0.015001 0.041202
v 0.014485 -0.023016 0.001254
v 0.014485 0.021984 0.001254
v 0.014639 -0.024579 0.000100
v 0.014639 0.024579 0.000100
v 0.014419 -0.021018 0.023112
v 0.013049 0.021937 0.023116
v 0.014081 -0.023649 0.000103
v 0.014396 -0.021116 0.000100
v 0.014081 0.021351 0.000103
v 0.014396 0.023884 0.000100
v 0.014395 -0.020336 0.037801
v 0.014371 -0.020824 0.023296
v 0.014370 0.020821 0.023301
v 0.014230 0.020146 0.038530
v 0.014250 -0.022750 0.000100
v 0.014250 -0.022250 0.000133
v 0.014250 0.022250 0.000100
v 0.014250 0.022750 0.000133
v 0.014250 -0.022750 0.000300
v 0.014250 0.022250 0.000300
v 0.011541 -0.015941 0.041300
v 0.013600 -0.023771 0.000102
v 0.013598 -0.021236 0.000101
v 0.013600 0.021229 0.000102
v 0.013598 0.023764 0.000101
v 0.013742 -0.022106 0.000102
v 0.013742 0.022894 0.000102
v 0.013877 -0.009945 0.041100
v 0.013877 -0.009945 0.041300
v 0.013679 0.027346 0.009698
v 0.013679 0.027515 0.010897
v 0.013423 0.027567 0.008915
v 0.013423 0.027294 0.011680
v 0.013250 -0.022500 0.000100
v 0.013250 0.022500 0.000100
v 0.013196 -0.010056 0.041100
v 0.013196 -0.010056 0.041300
v 0.013159 0.027343 0.009826
v 0.013159 0.027543 0.009831
v 0.013159 0.027318 0.010764
v 0.013159 0.027518 0.010769
v 0.013116 0.021183 0.037801
v 0.012721 0.027392 0.007943
v 0.012721 0.027469 0.012652
v 0.012955 -0.020988 0.038530
v 0.012838 0.027366 0.008945
v 0.012838 0.027566 0.008950
v 0.012838 0.027295 0.011645
v 0.012838 0.027495 0.011650
v 0.012166 -0.011836 0.041100
v 0.012430 -0.011589 0.041300
v 0.012381 0.027598 0.007711
v 0.012381 0.027263 0.012884
v 0.012122 -0.011251 0.041100
v 0.012152 -0.011231 0.041300
v 0.012236 0.027385 0.008226
v 0.012236 0.027584 0.008232
v 0.012236 0.027276 0.012363
v 0.012236 0.027476 0.012368
v 0.012197 -0.009189 0.041133
v 0.010518 -0.017202 0.041202
v 0.011744 -0.011964 0.041300
v 0.010644 -0.023190 0.023122
v 0.011850 -0.008889 0.041140
v 0.011489 -0.011383 0.041100
v 0.011563 -0.011406 0.041300
v 0.011787 -0.021950 0.037801
v 0.011759 -0.022404 0.023296
v 0.011754 0.022403 0.023301
v 0.011631 0.021750 0.038530
v 0.011278 -0.009540 0.041100
v 0.011210 -0.009607 0.041300
v 0.011522 -0.011916 0.041100
v 0.011249 0.027412 0.007174
v 0.011231 0.027613 0.007158
v 0.011231 0.027248 0.013437
v 0.011249 0.027449 0.013421
v 0.011292 -0.010244 0.041100
v 0.011275 -0.010269 0.041300
v 0.011185 0.027399 0.007655
v 0.011201 0.027599 0.007683
v 0.011201 0.027262 0.012912
v 0.011185 0.027461 0.012939
v 0.011070 -0.010736 0.041100
v 0.011069 -0.010788 0.041300
v 0.011053 -0.001024 0.041000
v 0.011053 0.001024 0.041000
v 0.011053 -0.001024 0.041300
v 0.011053 0.001024 0.041300
v 0.010806 -0.009723 0.041100
v 0.010838 -0.011558 0.041100
v 0.010957 -0.011646 0.041300
v 0.010874 -0.010082 0.041100
v 0.010801 -0.010130 0.041300
v 0.010855 -0.007325 0.041100
v 0.010855 -0.007325 0.041300
v 0.010606 -0.011122 0.041300
v 0.010676 -0.003038 0.041000
v 0.010676 0.003038 0.041000
v 0.010676 -0.003038 0.041300
v 0.010676 0.003038 0.041300
v 0.010578 -0.010820 0.041100
v 0.010573 -0.009705 0.041300
v 0.010555 -0.000978 0.041000
v 0.010555 0.000978 0.041000
v 0.010555 -0.000978 0.041300
v 0.010555 0.000978 0.041300
v 0.010372 -0.010221 0.041100
v 0.010314 -0.010222 0.041300
v 0.010508 -0.007725 0.041280
v 0.009092 0.017988 0.041202
v 0.010414 0.022634 0.037801
v 0.010373 0.027385 0.008195
v 0.010373 0.027585 0.008200
v 0.010373 0.027281 0.012193
v 0.010373 0.027481 0.012198
v 0.010262 -0.022428 0.038530
v 0.010195 -0.002901 0.041000
v 0.010195 0.002901 0.041000
v 0.010195 -0.002901 0.041300
v 0.010195 0.002901 0.041300
v 0.006855 0.018447 0.041300
v 0.009936 -0.004948 0.041000
v 0.009936 0.004948 0.041000
v 0.009936 -0.004948 0.041300
v 0.009936 0.004948 0.041300
v 0.009910 0.027560 0.008199
v 0.009910 0.027339 0.009970
v 0.009910 0.027539 0.009976
v 0.009910 0.027327 0.010429
v 0.009910 0.027527 0.010434
v 0.009910 0.027292 0.011751
v 0.009910 0.027492 0.011757
v 0.009871 -0.013915 0.041100
v 0.009871 -0.013915 0.041300
v 0.009154 0.027339 0.009966
v 0.009074 0.027539 0.009965
v 0.009489 -0.004725 0.041000
v 0.009489 0.004725 0.041000
v 0.009489 -0.004725 0.041300
v 0.009489 0.004725 0.041300
v 0.008122 -0.014934 0.041300
v 0.008546 -0.009988 0.041100
v 0.008546 -0.009988 0.041300
v 0.009175 -0.013778 0.041150
v 0.007410 0.024416 0.023122
v 0.009000 -0.023233 0.037801
v 0.008975 -0.023657 0.023295
v 0.008966 0.023657 0.023301
v 0.008982 -0.009485 0.041100
v 0.008982 -0.009485 0.041300
v 0.008854 0.023021 0.038530
v 0.008443 0.027326 0.010469
v 0.008695 0.027527 0.010440
v 0.008765 0.027345 0.009736
v 0.008858 -0.006689 0.041000
v 0.008858 0.006689 0.041000
v 0.008858 -0.006689 0.041300
v 0.008858 0.006689 0.041300
v 0.008205 0.027282 0.012142
v 0.008160 0.027482 0.012127
v 0.008269 0.027295 0.011661
v 0.008564 0.027493 0.011742
v 0.007901 -0.014515 0.041100
v 0.007914 -0.014510 0.041300
v 0.008610 0.027551 0.009510
v 0.008124 -0.014929 0.041100
v 0.008561 0.027338 0.010014
v 0.008496 0.027538 0.009999
v 0.008459 -0.006388 0.041000
v 0.008459 0.006388 0.041000
v 0.008459 -0.006388 0.041300
v 0.008459 0.006388 0.041300
v 0.008448 -0.012546 0.041100
v 0.008448 -0.012546 0.041300
v 0.008212 0.027522 0.010625
v 0.008150 0.027346 0.009698
v 0.008126 0.027547 0.009668
v 0.008095 0.027500 0.011442
v 0.008208 -0.012139 0.041140
v 0.007908 0.027331 0.010271
v 0.008065 0.027315 0.010898
v 0.007870 0.027385 0.008195
v 0.007871 0.027585 0.008200
v 0.007839 -0.010469 0.041100
v 0.007839 -0.010469 0.041300
v 0.007729 0.027525 0.010483
v 0.007720 0.027293 0.011705
v 0.007589 0.027500 0.011450
v 0.006561 -0.018987 0.041217
v 0.007565 0.027313 0.010959
v 0.007264 -0.013268 0.041100
v 0.007236 -0.013295 0.041300
v 0.007553 0.023743 0.037801
v 0.007312 -0.015036 0.041100
v 0.007218 -0.015004 0.041300
v 0.007412 -0.023525 0.038530
v 0.007478 -0.008203 0.041000
v 0.007478 0.008203 0.041000
v 0.007478 -0.008203 0.041300
v 0.007478 0.008203 0.041300
v 0.007254 -0.014385 0.041100
v 0.007320 -0.014437 0.041300
v 0.007382 -0.010739 0.041267
v 0.006798 -0.013035 0.041100
v 0.006841 -0.012990 0.041300
v 0.007289 0.027535 0.008198
v 0.007141 -0.007833 0.041000
v 0.007141 0.007833 0.041000
v 0.007141 -0.007833 0.041300
v 0.007141 0.007833 0.041300
v 0.006990 -0.013703 0.041100
v 0.006985 -0.013758 0.041300
v 0.006849 0.027385 0.008195
v 0.006849 0.027585 0.008200
v 0.006849 0.027281 0.012193
v 0.006849 0.027481 0.012198
v 0.006545 -0.014304 0.041100
v 0.006513 -0.014220 0.041300
v 0.006493 -0.013561 0.041100
v 0.006493 -0.013561 0.041300
v 0.006385 0.027545 0.008199
v 0.006385 0.027393 0.009821
v 0.006385 0.027330 0.010292
v 0.006385 0.027530 0.010297
v 0.006385 0.027293 0.011722
v 0.006385 0.027493 0.011727
v 0.005082 0.027481 0.012189
v 0.004785 -0.025063 0.023122
v 0.006077 -0.024163 0.037801
v 0.006062 -0.024566 0.023295
v 0.006047 0.024565 0.023301
v 0.005941 0.023938 0.038530
v 0.005843 -0.009437 0.041000
v 0.005843 0.009437 0.041000
v 0.005843 -0.009437 0.041300
v 0.005843 0.009437 0.041300
v 0.005580 -0.009012 0.041000
v 0.005580 0.009012 0.041000
v 0.005580 -0.009012 0.041300
v 0.005580 0.009012 0.041300
v 0.005089 0.027281 0.012182
v 0.004908 0.027294 0.011668
v 0.004948 0.027494 0.011688
v 0.005025 0.027342 0.009853
v 0.005062 0.027542 0.009848
v 0.005003 0.027329 0.010349
v 0.004982 0.027529 0.010349
v 0.004091 0.019734 0.041202
v 0.005285 -0.016198 0.041100
v 0.005285 -0.016198 0.041300
v 0.002631 -0.019427 0.041300
v 0.005101 -0.027800 0.000000
v 0.005101 -0.025741 0.000000
v 0.005101 -0.025658 0.000200
v 0.005041 -0.027633 0.006365
v 0.005036 -0.025641 0.006436
v 0.005001 -0.027741 0.000100
v 0.005001 -0.025641 0.000100
v 0.005001 -0.027741 0.001600
v 0.005001 -0.025641 0.001600
v 0.004948 -0.026969 0.001852
v 0.004992 -0.025641 0.001931
v 0.004941 -0.027039 0.006108
v 0.004925 -0.025641 0.006415
v 0.004863 -0.027078 0.001941
v 0.004873 -0.025641 0.001808
v 0.004772 -0.016328 0.041267
v 0.004584 -0.027028 0.007276
v 0.004654 0.027316 0.010845
v 0.004646 0.027514 0.010906
v 0.004553 -0.027116 0.007135
v 0.004578 0.024491 0.037801
v 0.004431 0.027289 0.011869
v 0.004374 0.027491 0.011802
v 0.004449 -0.024260 0.038530
v 0.004496 0.027335 0.010124
v 0.004511 0.027535 0.010115
v 0.004555 -0.027124 0.005169
v 0.004454 -0.032001 0.004648
v 0.004454 -0.032001 0.005690
v 0.004413 -0.027598 0.007730
v 0.004317 -0.025641 0.007764
v 0.004391 -0.031201 0.004369
v 0.004391 -0.030201 0.004369
v 0.004391 -0.029401 0.004369
v 0.004391 -0.028401 0.004369
v 0.004391 -0.031201 0.005969
v 0.004391 -0.030201 0.005969
v 0.004391 -0.029401 0.005969
v 0.004391 -0.028401 0.005969
v 0.004302 -0.012321 0.041100
v 0.004302 -0.012321 0.041300
v 0.004023 -0.027186 0.003477
v 0.004023 -0.027186 0.006860
v 0.004169 0.027316 0.010843
v 0.004182 0.027518 0.010763
v 0.004098 -0.032001 0.003669
v 0.004098 -0.032001 0.006669
v 0.002835 -0.020002 0.041181
v 0.004010 -0.010350 0.041000
v 0.004010 0.010350 0.041000
v 0.004010 -0.010350 0.041300
v 0.004010 0.010350 0.041300
v 0.003655 -0.031201 0.003027
v 0.003764 -0.030201 0.003149
v 0.003641 -0.029401 0.003018
v 0.003692 -0.028401 0.003054
v 0.003655 -0.031201 0.007311
v 0.003641 -0.030201 0.007320
v 0.003764 -0.029401 0.007189
v 0.003692 -0.028401 0.007284
v 0.003881 -0.027177 0.008124
v 0.003905 -0.012908 0.041140
v 0.003829 -0.009884 0.041000
v 0.003829 0.009884 0.041000
v 0.003829 -0.009884 0.041300
v 0.003829 0.009884 0.041300
v 0.003617 -0.027577 0.008526
v 0.003550 -0.025641 0.008503
v 0.003607 0.027385 0.008195
v 0.003607 0.027585 0.008200
v 0.003607 0.027281 0.012193
v 0.003607 0.027481 0.012198
v 0.003442 -0.027147 0.008507
v 0.003428 -0.032001 0.002871
v 0.003428 -0.032001 0.007467
v 0.002913 -0.027290 0.002513
v 0.002915 -0.027289 0.007824
v 0.003144 0.027413 0.008667
v 0.003144 0.027441 0.012197
v 0.001355 0.025483 0.023120
v 0.003062 -0.024726 0.037801
v 0.003060 -0.025117 0.023294
v 0.003040 0.025115 0.023301
v 0.002939 0.024489 0.038530
v 0.002856 -0.027253 0.008798
v 0.002402 -0.027561 0.009119
v 0.002542 -0.025641 0.009006
v 0.002247 -0.032001 0.002234
v 0.002210 -0.032001 0.008120
v 0.002500 -0.037001 0.005169
v 0.002500 -0.032001 0.005169
v 0.002458 -0.031201 0.002326
v 0.002458 -0.030201 0.002326
v 0.002147 -0.029401 0.002222
v 0.002207 -0.028401 0.002238
v 0.002458 -0.031201 0.008012
v 0.002226 -0.030201 0.008089
v 0.002458 -0.029401 0.008012
v 0.002207 -0.028401 0.008100
v 0.002403 0.013299 0.041299
v 0.002369 -0.031201 0.004369
v 0.002369 -0.030201 0.004369
v 0.002369 -0.029401 0.004369
v 0.002369 -0.028401 0.004369
v 0.002369 -0.031201 0.005969
v 0.002369 -0.030201 0.005969
v 0.002369 -0.029401 0.005969
v 0.002369 -0.028401 0.005969
v 0.002331 -0.037001 0.004266
v 0.002331 -0.032001 0.004266
v 0.002331 -0.037001 0.006072
v 0.002331 -0.032001 0.006072
v 0.002282 0.013126 0.041168
v 0.002210 0.012939 0.041299
v 0.001981 -0.027242 0.009076
v 0.001967 -0.027340 0.008977
v 0.001744 -0.027386 0.002170
v 0.001872 -0.027357 0.008153
v 0.002040 -0.010911 0.041000
v 0.002040 0.010911 0.041000
v 0.002040 -0.010911 0.041300
v 0.002040 0.010911 0.041300
v 0.001735 -0.031201 0.003334
v 0.001835 -0.030201 0.003434
v 0.001735 -0.029401 0.003334
v 0.001835 -0.028401 0.003434
v 0.001835 -0.031201 0.006904
v 0.001735 -0.030201 0.007004
v 0.001835 -0.029401 0.006904
v 0.001735 -0.028401 0.007004
v 0.001995 -0.013392 0.041260
v 0.001948 -0.010420 0.041000
v 0.001948 0.010420 0.041000
v 0.001948 -0.010420 0.041300
v 0.001948 0.010420 0.041300
v 0.001879 -0.012935 0.041100
v 0.001879 -0.012935 0.041300
v 0.001848 -0.037001 0.003485
v 0.001848 -0.032001 0.003485
v 0.001848 -0.037001 0.006853
v 0.001848 -0.032001 0.006853
v 0.001674 -0.027327 0.001848
v 0.001604 -0.000195 0.041300
v 0.001534 0.024868 0.037801
v 0.001418 -0.024624 0.038530
v 0.001510 0.000573 0.041300
v 0.001507 -0.025641 0.009151
v 0.001500 -0.018000 0.000120
v 0.000815 -0.031201 0.002151
v 0.000808 -0.030201 0.002153
v 0.000807 -0.031201 0.008191
v 0.000808 -0.029401 0.008185
v 0.001530 0.000115 0.041098
v 0.001420 0.027385 0.008195
v 0.001420 0.027585 0.008200
v 0.001420 0.027533 0.008670
v 0.001330 -0.000918 0.041300
v 0.000963 -0.001194 0.041097
v 0.001172 -0.016961 0.041267
v 0.001114 -0.037001 0.002931
v 0.001114 -0.032001 0.002931
v 0.001114 -0.037001 0.007407
v 0.001114 -0.032001 0.007407
v 0.001071 0.001209 0.041300
v 0.000995 0.001123 0.041100
v 0.000956 -0.012967 0.041100
v 0.000956 -0.012967 0.041300
v 0.000800 -0.029401 0.002169
v 0.000800 -0.028401 0.002169
v 0.000800 -0.031201 0.002800
v 0.000800 -0.030201 0.002800
v 0.000800 -0.029401 0.002800
v 0.000800 -0.028401 0.002800
v 0.000800 -0.031201 0.007538
v 0.000800 -0.030201 0.007538
v 0.000800 -0.029401 0.007538
v 0.000800 -0.028401 0.007538
v 0.000800 -0.030201 0.008169
v 0.000800 -0.028401 0.008169
v 0.000790 0.027385 0.008195
v 0.000790 0.027585 0.008200
v 0.000790 0.027441 0.012197
v 0.000751 -0.001430 0.041300
v 0.000643 -0.016990 0.041100
v 0.000643 -0.016990 0.041300
v -0.001601 -0.027381 0.008965
v -0.001743 -0.027382 0.008168
v -0.001941 -0.027227 0.009092
v 0.000427 -0.012996 0.041250
v 0.000387 0.001569 0.041300
v 0.000221 0.017103 0.041298
v 0.000070 0.001531 0.041096
v 0.000326 0.027552 0.008199
v 0.000326 0.027281 0.012193
v 0.000326 0.027481 0.012198
v 0.000000 0.017067 0.041172
v 0.000231 -0.037001 0.002680
v 0.000231 -0.032001 0.002680
v 0.000231 -0.037001 0.007658
v 0.000231 -0.032001 0.007658
v -0.000000 -0.020598 0.000130
v -0.001355 -0.025483 0.023120
v 0.000009 -0.025304 0.023293
v -0.000011 0.025299 0.023301
v -0.000000 -0.024915 0.037801
v 0.000000 0.024679 0.038504
v -0.000000 -0.011100 0.041000
v -0.000000 -0.010600 0.041000
v 0.000000 0.010600 0.041000
v 0.000000 0.011100 0.041000
v 0.000000 0.020150 0.041187
v -0.000000 -0.001592 0.041260
v -0.001325 -0.020067 0.041209
v -0.000000 -0.011100 0.041300
v -0.000000 -0.010600 0.041300
v 0.000000 0.010600 0.041300
v 0.000000 0.011100 0.041300
v -0.002829 0.019733 0.041274
v -0.000235 0.017087 0.041298
v -0.000387 0.001569 0.041300
v -0.000489 0.027385 0.008195
v -0.000489 0.027585 0.008200
v -0.000489 0.027281 0.012193
v -0.000489 0.027481 0.012198
v -0.000684 -0.037001 0.002764
v -0.000684 -0.032001 0.002764
v -0.000684 -0.037001 0.007574
v -0.000684 -0.032001 0.007574
v -0.001069 -0.001100 0.041098
v -0.000751 -0.013075 0.041100
v -0.000751 -0.013075 0.041300
v -0.000751 -0.001430 0.041300
v -0.000808 -0.031201 0.002150
v -0.000800 -0.030201 0.002169
v -0.000808 -0.029401 0.002153
v -0.000800 -0.028401 0.002169
v -0.000800 -0.031201 0.002800
v -0.000800 -0.030201 0.002800
v -0.000800 -0.029401 0.002800
v -0.000800 -0.028401 0.002800
v -0.000800 -0.031201 0.007538
v -0.000800 -0.030201 0.007538
v -0.000800 -0.029401 0.007538
v -0.000800 -0.028401 0.007538
v -0.000815 -0.031201 0.008185
v -0.000808 -0.030201 0.008185
v -0.000800 -0.029401 0.008169
v -0.000800 -0.028401 0.008169
v -0.000953 0.027373 0.008666
v -0.000953 0.027573 0.008671
v -0.000953 0.027343 0.011723
v -0.000995 0.001123 0.041100
v -0.001071 0.001209 0.041300
v -0.001330 -0.000918 0.041300
v -0.001357 -0.013445 0.041140
v -0.001513 0.000255 0.041098
v -0.001463 -0.017011 0.041100
v -0.001463 -0.017011 0.041300
v -0.001835 -0.031201 0.003434
v -0.001735 -0.030201 0.003334
v -0.001835 -0.029401 0.003434
v -0.001735 -0.028401 0.003334
v -0.001735 -0.031201 0.007004
v -0.001835 -0.030201 0.006904
v -0.001735 -0.029401 0.007004
v -0.001835 -0.028401 0.006904
v -0.001518 -0.024632 0.038504
v -0.001500 -0.018000 0.000117
v -0.002210 -0.032001 0.002218
v -0.002147 -0.030201 0.002222
v -0.002207 -0.028401 0.002238
v -0.001875 -0.027357 0.002185
v -0.002247 -0.032001 0.008104
v -0.002226 -0.029401 0.008089
v -0.002207 -0.028401 0.008100
v -0.001563 -0.025641 0.009143
v -0.002323 -0.027560 0.009149
v -0.001507 -0.037001 0.003174
v -0.001507 -0.032001 0.003174
v -0.001507 -0.037001 0.007164
v -0.001507 -0.032001 0.007164
v -0.001510 0.000573 0.041300
v -0.001534 0.024868 0.037801
v -0.001602 -0.027326 0.001842
v -0.001604 -0.000195 0.041300
v -0.002253 0.027294 0.011666
v -0.002222 0.027494 0.011686
v -0.002193 0.027372 0.008702
v -0.001939 0.027573 0.008678
v -0.002239 0.027384 0.008235
v -0.002181 0.027585 0.008227
v -0.001900 -0.016453 0.041100
v -0.001900 -0.016453 0.041300
v -0.001948 -0.010420 0.041000
v -0.001948 0.010420 0.041000
v -0.001948 -0.010420 0.041300
v -0.001948 0.010420 0.041300
v -0.002288 0.013147 0.041171
v -0.002172 0.012918 0.041299
v -0.002040 -0.010911 0.041000
v -0.002040 0.010911 0.041000
v -0.002040 -0.010911 0.041300
v -0.002040 0.010911 0.041300
v -0.002126 -0.037001 0.003853
v -0.002126 -0.032001 0.003853
v -0.002126 -0.037001 0.006485
v -0.002126 -0.032001 0.006485
v -0.002728 -0.012759 0.041100
v -0.002661 -0.012758 0.041300
v -0.002914 -0.013227 0.041100
v -0.002502 -0.013249 0.041300
v -0.002479 0.027568 0.008854
v -0.002518 0.027283 0.012088
v -0.002616 0.027485 0.012043
v -0.002408 0.013282 0.041299
v -0.002369 -0.031201 0.004369
v -0.002369 -0.030201 0.004369
v -0.002369 -0.029401 0.004369
v -0.002369 -0.028401 0.004369
v -0.002369 -0.031201 0.005969
v -0.002369 -0.030201 0.005969
v -0.002369 -0.029401 0.005969
v -0.002369 -0.028401 0.005969
v -0.002457 -0.037001 0.004710
v -0.002457 -0.032001 0.004710
v -0.002457 -0.037001 0.005628
v -0.002457 -0.032001 0.005628
v -0.002458 -0.031201 0.002326
v -0.002458 -0.029401 0.002326
v -0.002458 -0.031201 0.008012
v -0.002458 -0.030201 0.008012
v -0.002692 0.027361 0.009108
v -0.002542 -0.025641 0.009006
v -0.002914 -0.027289 0.002513
v -0.002915 -0.027289 0.007824
v -0.006553 -0.018838 0.041274
v -0.002726 0.027307 0.011188
v -0.002726 0.027507 0.011193
v -0.003292 -0.016167 0.041100
v -0.003252 -0.016183 0.041300
v -0.002931 0.027374 0.008626
v -0.002870 0.027576 0.008566
v -0.002939 -0.027260 0.008757
v -0.002922 0.027542 0.009867
v -0.003400 -0.016640 0.041100
v -0.003434 -0.016628 0.041300
v -0.003113 -0.013318 0.041300
v -0.002906 0.027332 0.010224
v -0.002939 0.024489 0.038530
v -0.003042 -0.025119 0.023294
v -0.003063 0.025113 0.023301
v -0.003062 -0.024726 0.037801
v -0.004785 0.025063 0.023122
v -0.003180 0.027302 0.011372
v -0.003209 0.027504 0.011311
v -0.003393 0.027342 0.009862
v -0.003375 0.027545 0.009720
v -0.003655 -0.031201 0.003027
v -0.003641 -0.030201 0.003018
v -0.003764 -0.029401 0.003149
v -0.003693 -0.028401 0.003054
v -0.003655 -0.031201 0.007311
v -0.003764 -0.030201 0.007189
v -0.003641 -0.029401 0.007320
v -0.003693 -0.028401 0.007284
v -0.003584 -0.013011 0.041100
v -0.003504 -0.012957 0.041300
v -0.003437 -0.027147 0.008510
v -0.003428 -0.032001 0.002871
v -0.003428 -0.032001 0.007467
v -0.003549 -0.025641 0.008503
v -0.003589 -0.013841 0.041100
v -0.003589 -0.013841 0.041300
v -0.003617 -0.027577 0.008526
v -0.004023 -0.027186 0.003477
v -0.004023 -0.027186 0.006860
v -0.003749 -0.015714 0.041100
v -0.003717 -0.015773 0.041300
v -0.003637 0.027385 0.008195
v -0.003637 0.027585 0.008200
v -0.003829 -0.009884 0.041000
v -0.003829 0.009884 0.041000
v -0.003829 -0.009884 0.041300
v -0.003829 0.009884 0.041300
v -0.003885 -0.014840 0.041100
v -0.003892 -0.014939 0.041300
v -0.003955 -0.027156 0.008058
v -0.004010 -0.010350 0.041000
v -0.004010 0.010350 0.041000
v -0.004010 -0.010350 0.041300
v -0.004010 0.010350 0.041300
v -0.004119 -0.016114 0.041100
v -0.004159 -0.016057 0.041300
v -0.004076 -0.020054 0.041032
v -0.004098 -0.032001 0.003669
v -0.004098 -0.032001 0.006669
v -0.004274 -0.014030 0.041100
v -0.004227 -0.013903 0.041300
v -0.004128 0.027545 0.008199
v -0.004422 -0.027120 0.007461
v -0.004317 -0.025641 0.007764
v -0.004413 -0.015287 0.041100
v -0.004421 -0.015206 0.041300
v -0.004391 -0.031201 0.004369
v -0.004391 -0.030201 0.004369
v -0.004391 -0.029401 0.004369
v -0.004391 -0.028401 0.004369
v -0.004391 -0.031201 0.005969
v -0.004391 -0.030201 0.005969
v -0.004391 -0.029401 0.005969
v -0.004391 -0.028401 0.005969
v -0.004413 -0.027598 0.007730
v -0.004555 -0.027124 0.005169
v -0.004454 -0.032001 0.004648
v -0.004454 -0.032001 0.005690
v -0.004449 -0.024260 0.038530
v -0.004513 0.027394 0.009407
v -0.004578 0.024491 0.037801
v -0.004618 -0.012295 0.041100
v -0.004618 -0.012295 0.041300
v -0.004647 0.027342 0.009836
v -0.004647 0.027542 0.009842
v -0.004717 -0.027011 0.006963
v -0.004936 -0.027037 0.006135
v -0.004950 -0.026967 0.001851
v -0.004870 -0.025641 0.001809
v -0.004874 -0.027079 0.001952
v -0.004853 -0.025641 0.006780
v -0.005230 0.027294 0.011688
v -0.005041 -0.027633 0.006365
v -0.004986 -0.025641 0.001917
v -0.004980 0.027281 0.012193
v -0.004980 0.027481 0.012198
v -0.005001 -0.027741 0.000100
v -0.005001 -0.025641 0.000100
v -0.005001 -0.027741 0.001600
v -0.005001 -0.025641 0.001600
v -0.005046 -0.025641 0.005681
v -0.005227 0.027494 0.011701
v -0.005101 -0.027800 0.000000
v -0.005101 -0.025741 0.000000
v -0.005101 -0.025670 0.000200
v -0.005111 -0.012025 0.041267
v -0.005373 0.019383 0.041201
v -0.005480 0.027281 0.012193
v -0.005480 0.027481 0.012198
v -0.005580 -0.009012 0.041000
v -0.005580 0.009012 0.041000
v -0.005580 -0.009012 0.041300
v -0.005580 0.009012 0.041300
v -0.005833 0.027367 0.009837
v -0.005843 -0.009437 0.041000
v -0.005843 0.009437 0.041000
v -0.005843 -0.009437 0.041300
v -0.005843 0.009437 0.041300
v -0.005941 0.023938 0.038530
v -0.005976 0.027354 0.009406
v -0.005976 0.027554 0.009411
v -0.006043 -0.024570 0.023295
v -0.006069 0.024560 0.023301
v -0.006077 -0.024163 0.037801
v -0.006080 -0.012875 0.041150
v -0.007410 -0.024416 0.023122
v -0.006384 0.027535 0.008198
v -0.006421 -0.013179 0.041133
v -0.007899 -0.014483 0.041100
v -0.007895 -0.014476 0.041300
v -0.006912 0.027385 0.008195
v -0.006912 0.027585 0.008200
v -0.007141 -0.007833 0.041000
v -0.007141 0.007834 0.041000
v -0.007141 -0.007833 0.041300
v -0.007141 0.007834 0.041300
v -0.007289 0.027385 0.008195
v -0.007289 0.027585 0.008200
v -0.007289 0.027281 0.012193
v -0.007289 0.027481 0.012198
v -0.007412 -0.023525 0.038530
v -0.007371 -0.010783 0.041250
v -0.007478 -0.008203 0.041000
v -0.007478 0.008203 0.041000
v -0.007478 -0.008203 0.041300
v -0.007478 0.008203 0.041300
v -0.007545 -0.012070 0.041100
v -0.007545 -0.012070 0.041300
v -0.007553 0.023743 0.037801
v -0.007609 -0.012526 0.041100
v -0.007609 -0.012526 0.041300
v -0.007909 0.018310 0.041272
v -0.007753 0.027557 0.008199
v -0.007753 0.027339 0.009970
v -0.007753 0.027539 0.009976
v -0.007753 0.027327 0.010429
v -0.007753 0.027527 0.010434
v -0.007753 0.027292 0.011751
v -0.007753 0.027492 0.011757
v -0.011540 -0.015940 0.041300
v -0.007890 -0.015062 0.041100
v -0.007890 -0.015062 0.041300
v -0.007899 -0.010493 0.041100
v -0.007899 -0.010493 0.041300
v -0.008508 0.027339 0.009966
v -0.008588 0.027539 0.009965
v -0.008391 -0.014787 0.041100
v -0.008391 -0.014787 0.041300
v -0.008459 -0.006388 0.041000
v -0.008459 0.006388 0.041000
v -0.008459 -0.006388 0.041300
v -0.008459 0.006388 0.041300
v -0.008485 -0.009975 0.041100
v -0.008485 -0.009975 0.041300
v -0.009219 0.027326 0.010469
v -0.008967 0.027527 0.010440
v -0.008897 0.027345 0.009736
v -0.008854 0.023021 0.038530
v -0.009457 0.027282 0.012142
v -0.009502 0.027482 0.012127
v -0.008845 -0.009585 0.041278
v -0.008858 -0.006689 0.041000
v -0.008858 0.006689 0.041000
v -0.008858 -0.006689 0.041300
v -0.008858 0.006689 0.041300
v -0.009393 0.027295 0.011661
v -0.009098 0.027493 0.011742
v -0.008958 -0.023664 0.023296
v -0.008987 0.023649 0.023301
v -0.009053 0.027551 0.009510
v -0.009000 -0.023233 0.037801
v -0.010644 0.023190 0.023122
v -0.009105 0.027338 0.010015
v -0.009158 0.027538 0.009995
v -0.010518 -0.017202 0.041202
v -0.009450 0.027522 0.010625
v -0.009502 0.027346 0.009712
v -0.009498 0.027546 0.009715
v -0.009567 0.027500 0.011442
v -0.009489 -0.004725 0.041000
v -0.009489 0.004725 0.041000
v -0.009489 -0.004725 0.041300
v -0.009489 0.004725 0.041300
v -0.009754 0.027331 0.010271
v -0.009597 0.027315 0.010898
v -0.009792 0.027385 0.008195
v -0.009791 0.027585 0.008200
v -0.009933 0.027525 0.010483
v -0.009936 -0.004948 0.041000
v -0.009936 0.004948 0.041000
v -0.009936 -0.004948 0.041300
v -0.009936 0.004948 0.041300
v -0.009942 0.027293 0.011705
v -0.010073 0.027500 0.011450
v -0.010250 0.017308 0.041201
v -0.010097 0.027313 0.010959
v -0.010373 0.027560 0.008199
v -0.010150 -0.010790 0.041140
v -0.010262 -0.022428 0.038530
v -0.010195 -0.002901 0.041000
v -0.010195 0.002901 0.041000
v -0.010195 -0.002901 0.041300
v -0.010195 0.002901 0.041300
v -0.010734 -0.010148 0.041100
v -0.010793 -0.010074 0.041300
v -0.010414 0.022634 0.037801
v -0.010424 -0.007872 0.041100
v -0.010424 -0.007872 0.041300
v -0.010487 -0.011100 0.041133
v -0.011231 0.027413 0.007153
v -0.011249 0.027612 0.007179
v -0.011201 0.027399 0.007677
v -0.011185 0.027599 0.007661
v -0.011185 0.027261 0.012934
v -0.011201 0.027462 0.012917
v -0.011249 0.027249 0.013415
v -0.011231 0.027448 0.013442
v -0.010555 -0.000978 0.041000
v -0.010555 0.000978 0.041000
v -0.010555 -0.000978 0.041300
v -0.010555 0.000978 0.041300
v -0.010676 -0.003038 0.041000
v -0.010676 0.003038 0.041000
v -0.010676 -0.003038 0.041300
v -0.010676 0.003038 0.041300
v -0.010864 -0.009660 0.041100
v -0.010819 -0.009430 0.041300
v -0.010875 -0.007384 0.041271
v -0.011313 -0.009123 0.041100
v -0.011305 -0.009077 0.041300
v -0.011053 -0.001024 0.041000
v -0.011053 0.001024 0.041000
v -0.011053 -0.001024 0.041300
v -0.011053 0.001024 0.041300
v -0.011227 -0.009687 0.041100
v -0.011267 -0.009609 0.041300
v -0.011435 -0.010084 0.041100
v -0.011458 -0.010064 0.041300
v -0.011425 -0.012687 0.041100
v -0.011425 -0.012687 0.041300
v -0.011460 -0.011997 0.041100
v -0.011460 -0.011997 0.041300
v -0.011631 0.021750 0.038530
v -0.011928 -0.009311 0.041100
v -0.011742 -0.022413 0.023296
v -0.011774 0.022392 0.023301
v -0.011899 -0.009809 0.041100
v -0.011951 -0.009802 0.041300
v -0.011787 -0.021950 0.037801
v -0.013049 -0.021937 0.023116
v -0.012231 -0.009305 0.041300
v -0.013464 0.015001 0.041202
v -0.012236 0.027385 0.008226
v -0.012236 0.027584 0.008232
v -0.012236 0.027276 0.012363
v -0.012236 0.027476 0.012368
v -0.015376 0.012280 0.041300
v -0.012528 -0.010797 0.041100
v -0.012511 -0.010829 0.041300
v -0.012381 0.027398 0.007706
v -0.012721 0.027592 0.007948
v -0.012721 0.027269 0.012646
v -0.012381 0.027462 0.012889
v -0.012589 -0.010154 0.041100
v -0.012620 -0.010225 0.041300
v -0.012690 -0.009488 0.041100
v -0.013114 -0.010776 0.041100
v -0.012898 -0.011066 0.041300
v -0.012791 -0.009596 0.041300
v -0.012955 -0.020988 0.038530
v -0.012838 0.027366 0.008945
v -0.012838 0.027566 0.008950
v -0.012838 0.027295 0.011645
v -0.012838 0.027495 0.011650
v -0.013423 0.027367 0.008909
v -0.013423 0.027494 0.011685
v -0.013116 0.021183 0.037801
v -0.013122 -0.010127 0.041100
v -0.013194 -0.010343 0.041300
v -0.013159 0.027343 0.009826
v -0.013159 0.027543 0.009831
v -0.013159 0.027318 0.010764
v -0.013159 0.027518 0.010769
v -0.013250 -0.022500 0.000100
v -0.013250 0.022500 0.000100
v -0.013600 -0.023771 0.000102
v -0.013598 -0.021236 0.000101
v -0.013599 0.021229 0.000101
v -0.013598 0.023764 0.000101
v -0.013679 0.027546 0.009703
v -0.013679 0.027315 0.010892
v -0.014641 -0.013864 0.041202
v -0.013742 -0.022894 0.000102
v -0.013742 0.022106 0.000102
v -0.014081 -0.021351 0.000103
v -0.014081 0.023649 0.000103
v -0.014230 0.020146 0.038530
v -0.014250 -0.022750 0.000133
v -0.014250 -0.022250 0.000100
v -0.014250 0.022250 0.000133
v -0.014250 0.022750 0.000100
v -0.014250 -0.022250 0.000300
v -0.014250 0.022750 0.000300
v -0.014355 -0.020835 0.023297
v -0.014389 0.020809 0.023301
v -0.014395 -0.020336 0.037801
v -0.014396 -0.023884 0.000100
v -0.014396 0.021116 0.000100
v -0.014485 -0.023016 0.001254
v -0.014485 0.021984 0.001254
v -0.014419 0.021018 0.023112
v -0.014615 -0.021783 0.001253
v -0.014615 0.023217 0.001253
v -0.014639 -0.024579 0.000100
v -0.015063 -0.020262 0.000101
v -0.014996 0.020254 0.000102
v -0.014639 0.024579 0.000100
v -0.014886 -0.022298 0.001254
v -0.014886 0.022702 0.001254
v -0.015025 -0.022899 0.001250
v -0.015025 0.022101 0.001250
v -0.015497 -0.024306 0.000102
v -0.015497 -0.020694 0.000102
v -0.015497 0.020694 0.000102
v -0.015497 0.024306 0.000102
v -0.015500 -0.023629 0.001252
v -0.015500 0.021371 0.001252
v -0.015425 -0.012447 0.000100
v -0.015447 0.012425 0.000100
v -0.015447 -0.012425 0.000300
v -0.015425 0.012447 0.000300
v -0.015450 -0.019226 0.038530
v -0.015250 -0.023750 0.000133
v -0.015250 -0.022750 0.000267
v -0.015250 -0.022250 0.000260
v -0.015250 -0.021250 0.000100
v -0.015250 0.021250 0.000133
v -0.015250 0.022250 0.000267
v -0.015250 0.022750 0.000260
v -0.015250 0.023750 0.000100
v -0.015250 -0.021250 0.000300
v -0.015250 0.023750 0.000300
v -0.015584 -0.023142 0.001254
v -0.015584 -0.021857 0.001253
v -0.015584 0.021858 0.001254
v -0.015584 0.023143 0.001253
v -0.016004 -0.024745 0.000102
v -0.015937 0.024738 0.000101
v -0.015500 -0.021400 0.001250
v -0.015500 0.023600 0.001250
v -0.015620 0.019411 0.037801
v -0.015750 -0.023750 0.000100
v -0.015750 -0.022750 0.000260
v -0.015750 -0.022250 0.000267
v -0.015750 -0.021250 0.000133
v -0.015750 0.021250 0.000100
v -0.015750 0.022250 0.000260
v -0.015750 0.022750 0.000267
v -0.015750 0.023750 0.000133
v -0.015750 -0.023750 0.000300
v -0.015750 0.021250 0.000300
v -0.016908 0.010976 0.041202
v -0.018094 -0.007739 0.041300
v -0.016158 -0.022500 0.001255
v -0.016158 0.022500 0.001255
v -0.016384 -0.021783 0.001254
v -0.016384 0.023217 0.001254
v -0.016516 -0.023016 0.001253
v -0.016516 0.021984 0.001253
v -0.016361 -0.020421 0.000100
v -0.016361 0.020421 0.000100
v -0.016611 0.018232 0.038530
v -0.016905 -0.023616 0.000102
v -0.016604 -0.021116 0.000100
v -0.016905 0.021384 0.000102
v -0.016604 0.023884 0.000100
v -0.016760 -0.018954 0.023297
v -0.016793 0.018921 0.023301
v -0.016750 -0.022750 0.000100
v -0.016750 -0.022250 0.000133
v -0.016750 0.022250 0.000100
v -0.016750 0.022750 0.000133
v -0.016750 -0.022750 0.000300
v -0.016750 0.022250 0.000300
v -0.016785 -0.018412 0.037801
v -0.017923 -0.018177 0.023115
v -0.018177 0.017923 0.023115
v -0.017401 -0.023771 0.000101
v -0.017402 -0.021236 0.000101
v -0.017401 0.021229 0.000101
v -0.017402 0.023764 0.000101
v -0.017264 -0.022102 0.000102
v -0.017264 0.022898 0.000102
v -0.017748 -0.009568 0.041202
v -0.017709 -0.017168 0.038530
v -0.017750 -0.022500 0.000100
v -0.017750 0.022500 0.000100
v -0.019218 -0.027735 0.000000
v -0.019228 -0.025666 0.000000
v -0.018492 0.025719 -0.000000
v -0.017800 0.027800 -0.000000
v -0.019130 -0.025574 0.000100
v -0.018217 0.025633 0.000100
v -0.018642 -0.025665 0.000200
v -0.019464 0.025557 0.000200
v -0.018222 0.025733 0.000200
v -0.017753 -0.027187 0.022959
v -0.017773 0.027196 0.022906
v -0.019140 0.026916 0.023091
v -0.019560 -0.026830 0.023094
v -0.017887 0.017344 0.037801
v -0.017901 0.020506 0.023100
v -0.017912 -0.020266 0.023100
v -0.018001 -0.021219 0.023100
v -0.018056 0.020420 0.021099
v -0.018062 -0.020427 0.021099
v -0.018077 0.019565 0.023100
v -0.018077 0.021447 0.023100
v -0.018203 -0.021327 0.021099
v -0.018140 -0.020513 0.022564
v -0.018138 0.020494 0.022555
v -0.018174 -0.019345 0.023100
v -0.018261 0.019526 0.021099
v -0.018194 0.021329 0.021099
v -0.018260 -0.019537 0.021099
v -0.018323 -0.021419 0.022564
v -0.018318 -0.019606 0.022565
v -0.018323 0.019597 0.022567
v -0.018313 0.021392 0.022566
v -0.019500 0.002642 0.041300
v -0.018427 -0.022076 0.023100
v -0.019186 0.006186 0.041202
v -0.018738 0.016039 0.038530
v -0.018664 -0.022113 0.021099
v -0.018641 0.020271 0.022978
v -0.018538 -0.020343 0.022952
v -0.018581 0.018751 0.023100
v -0.018581 0.022261 0.023100
v -0.018779 0.018771 0.021099
v -0.018659 0.022126 0.021099
v -0.018662 -0.021239 0.000140
v -0.018662 0.021239 0.000140
v -0.018943 0.019300 0.022951
v -0.018943 0.021712 0.022951
v -0.018742 -0.022219 0.000100
v -0.018742 0.022219 0.000100
v -0.018767 -0.022115 0.000200
v -0.018815 0.022299 0.000200
v -0.018751 -0.018581 0.023100
v -0.018762 -0.021248 0.000000
v -0.018762 0.021248 -0.000000
v -0.018762 -0.021248 0.000200
v -0.018762 0.021248 0.000200
v -0.018921 -0.016797 0.023298
v -0.018953 0.016758 0.023301
v -0.018771 -0.018779 0.021099
v -0.018840 -0.022186 0.022563
v -0.018830 -0.018837 0.022566
v -0.018837 0.018830 0.022566
v -0.018819 0.022164 0.022566
v -0.019053 -0.021847 0.022951
v -0.018839 -0.022194 0.000000
v -0.018839 0.022194 -0.000000
v -0.018920 -0.020290 0.000100
v -0.018920 0.020290 0.000100
v -0.019005 -0.020225 0.000200
v -0.018925 0.020397 0.000200
v -0.018921 -0.016210 0.037801
v -0.019477 0.025466 0.000137
v -0.019494 -0.025496 0.000200
v -0.019014 -0.020756 0.022908
v -0.019009 -0.020256 0.022950
v -0.019009 0.020756 0.022950
v -0.019010 -0.020332 0.000000
v -0.019010 0.020332 -0.000000
v -0.019300 -0.018943 0.022951
v -0.019135 -0.022721 0.023100
v -0.019151 -0.023114 0.000100
v -0.019151 0.023114 0.000100
v -0.019138 -0.023007 0.000200
v -0.019246 0.023164 0.000200
v -0.019190 -0.022632 0.021100
v -0.019234 -0.023057 0.000000
v -0.019234 0.023057 -0.000000
v -0.019629 -0.004608 0.041202
v -0.019345 0.018174 0.023100
v -0.019345 0.022838 0.023100
v -0.019537 0.018260 0.021099
v -0.019387 0.022696 0.021099
v -0.020191 -0.020258 0.022537
v -0.019572 0.020256 0.022691
v -0.020194 0.020754 0.022534
v -0.019695 -0.014847 0.038530
v -0.019485 -0.019485 0.000100
v -0.019485 0.019485 0.000100
v -0.019587 -0.019453 0.000200
v -0.019453 0.019587 0.000200
v -0.019869 0.025427 -0.000000
v -0.019708 0.027621 0.000000
v -0.019555 -0.019555 0.000000
v -0.019555 0.019555 -0.000000
v -0.019565 -0.018077 0.023100
v -0.019923 -0.022919 0.021099
v -0.019526 -0.018261 0.021099
v -0.019611 -0.022696 0.022563
v -0.019597 -0.018323 0.022567
v -0.019606 0.018318 0.022565
v -0.019583 0.022684 0.022565
v -0.019632 -0.027012 0.022906
v -0.019638 0.027010 0.022907
v -0.020007 0.001804 0.041217
v -0.020151 -0.024191 0.000100
v -0.020147 0.024179 0.000150
v -0.020214 -0.024192 0.000200
v -0.019883 0.015015 0.037801
v -0.020232 -0.024123 0.000000
v -0.020244 0.024151 -0.000000
v -0.020232 0.024123 0.000200
v -0.020343 0.018538 0.022952
v -0.020343 0.022475 0.022952
v -0.019965 -0.025242 0.000167
v -0.020000 0.025206 0.000167
v -0.020027 -0.023067 0.023100
v -0.020031 -0.025271 0.000000
v -0.020506 -0.022483 0.022951
v -0.020156 -0.021876 0.000003
v -0.020171 0.021857 0.000001
v -0.020230 -0.024774 0.000186
v -0.020240 0.024725 0.000186
v -0.020258 -0.020818 0.022534
v -0.020258 0.020191 0.022537
v -0.020256 -0.019572 0.022691
v -0.020256 0.022021 0.022917
v -0.020256 -0.022003 0.022950
v -0.020256 -0.020756 0.022950
v -0.020256 -0.020256 0.022950
v -0.020271 -0.018641 0.022978
v -0.020256 0.019009 0.022950
v -0.020256 0.020256 0.022950
v -0.020256 0.020756 0.022950
v -0.020266 0.017912 0.023100
v -0.020266 0.023100 0.023100
v -0.020577 0.013599 0.038530
v -0.020427 0.018062 0.021099
v -0.020276 0.022958 0.021099
v -0.020268 0.021500 0.000587
v -0.020272 -0.021504 0.000966
v -0.020273 0.021501 0.001071
v -0.020273 -0.021507 0.001462
v -0.020272 0.021504 0.001584
v -0.020273 -0.021507 0.001962
v -0.020271 0.021500 0.002087
v -0.020273 -0.021507 0.002462
v -0.020271 0.021500 0.002587
v -0.020273 -0.021507 0.002962
v -0.020271 0.021495 0.003099
v -0.020273 -0.021500 0.003463
v -0.020271 0.021494 0.003599
v -0.020273 -0.021493 0.003963
v -0.020265 0.021500 0.004087
v -0.020273 -0.021493 0.004463
v -0.020273 0.021507 0.004588
v -0.020273 -0.021493 0.004963
v -0.020271 0.021505 0.005076
v -0.020273 -0.021507 0.005462
v -0.020265 0.021501 0.005589
v -0.020273 -0.021507 0.005962
v -0.020271 0.021505 0.006076
v -0.020271 -0.021494 0.006451
v -0.020272 0.021504 0.006584
v -0.020290 -0.018920 0.000100
v -0.020290 0.018920 0.000100
v -0.020397 -0.018925 0.000200
v -0.020225 0.019005 0.000200
v -0.020301 -0.024763 0.000000
v -0.020301 0.024763 -0.000000
v -0.020546 -0.020482 0.000002
v -0.020482 0.020546 0.000002
v -0.020332 -0.019010 0.000000
v -0.020332 0.019010 -0.000000
v -0.020555 -0.021762 0.000751
v -0.020596 -0.021505 0.001214
v -0.020597 0.021501 0.001334
v -0.020597 -0.021511 0.001712
v -0.020596 0.021507 0.001836
v -0.020597 -0.021510 0.002212
v -0.020594 0.021500 0.002337
v -0.020597 -0.021510 0.002712
v -0.020596 0.021494 0.002839
v -0.020597 -0.021510 0.003212
v -0.020597 -0.021490 0.003713
v -0.020597 -0.021489 0.004213
v -0.020597 -0.021489 0.004713
v -0.020585 0.021506 0.004822
v -0.020598 -0.021501 0.005213
v -0.020585 0.021506 0.005322
v -0.020597 -0.021511 0.005712
v -0.020585 -0.021502 0.006197
v -0.020596 0.021506 0.006335
v -0.020539 -0.021529 0.006632
v -0.020550 0.021504 0.006775
v -0.020438 0.022111 0.000629
v -0.020438 -0.022119 0.000932
v -0.020439 -0.020883 0.001000
v -0.020434 0.020893 0.001046
v -0.020433 0.022111 0.001116
v -0.020438 -0.022119 0.001432
v -0.020436 -0.020886 0.001504
v -0.020439 0.020883 0.001550
v -0.020441 0.022119 0.001629
v -0.020441 -0.022119 0.001921
v -0.020433 -0.020890 0.002015
v -0.020441 0.020881 0.002046
v -0.020441 0.022119 0.002129
v -0.020438 -0.022115 0.002437
v -0.020430 -0.020884 0.002502
v -0.020441 0.020881 0.002546
v -0.020441 0.022119 0.002629
v -0.020436 -0.022112 0.002904
v -0.020434 -0.020893 0.003004
v -0.020441 0.020881 0.003046
v -0.020434 0.022107 0.003129
v -0.020437 -0.022114 0.003438
v -0.020437 -0.020887 0.003504
v -0.020437 0.020887 0.003546
v -0.020434 0.022107 0.003629
v -0.020433 -0.022111 0.003909
v -0.020438 -0.020881 0.003993
v -0.020437 0.020886 0.004063
v -0.020434 0.022107 0.004129
v -0.020436 -0.022114 0.004421
v -0.020438 -0.020881 0.004493
v -0.020434 0.020893 0.004546
v -0.020440 0.022115 0.004635
v -0.020436 -0.022114 0.004921
v -0.020438 -0.020881 0.004993
v -0.020434 0.020893 0.005046
v -0.020440 0.022115 0.005135
v -0.020438 -0.022120 0.005433
v -0.020436 -0.020886 0.005504
v -0.020434 0.020893 0.005546
v -0.020441 0.022119 0.005629
v -0.020439 -0.022112 0.005921
v -0.020436 -0.020886 0.006004
v -0.020439 0.020883 0.006050
v -0.020441 0.022119 0.006129
v -0.020435 -0.022111 0.006425
v -0.020437 -0.020881 0.006491
v -0.020437 0.020887 0.006546
v -0.020441 0.022119 0.006629
v -0.020453 -0.000684 0.041032
v -0.020861 -0.022959 0.021099
v -0.020420 -0.018056 0.021099
v -0.020519 -0.022872 0.022563
v -0.020494 -0.018138 0.022555
v -0.020513 0.018140 0.022564
v -0.020488 0.022872 0.022564
v -0.020506 -0.017901 0.023100
v -0.020550 0.021500 0.000400
v -0.020572 0.021506 0.000855
v -0.020585 0.021494 0.003353
v -0.020578 0.021500 0.003837
v -0.020585 0.021503 0.004354
v -0.020575 0.021512 0.005845
v -0.020708 0.022008 0.000432
v -0.020696 0.021948 0.000856
v -0.020677 -0.021025 0.000817
v -0.020679 0.021022 0.000858
v -0.020719 -0.021044 0.001252
v -0.020719 0.021048 0.001296
v -0.020718 0.021951 0.001379
v -0.020715 -0.021052 0.001756
v -0.020720 0.021043 0.001798
v -0.020723 0.021960 0.001879
v -0.020722 -0.021955 0.002172
v -0.020724 0.021039 0.002295
v -0.020724 0.021961 0.002380
v -0.020723 0.021040 0.002796
v -0.020718 0.021950 0.002879
v -0.020721 -0.021950 0.003171
v -0.020712 -0.021059 0.003254
v -0.020723 0.021040 0.003296
v -0.020713 0.021943 0.003379
v -0.020711 -0.021037 0.003738
v -0.020718 0.021053 0.003798
v -0.020713 0.021942 0.003879
v -0.020715 -0.021948 0.004169
v -0.020711 -0.021037 0.004238
v -0.020717 0.021947 0.004381
v -0.020716 -0.021954 0.004671
v -0.020711 -0.021037 0.004738
v -0.020713 0.021058 0.004796
v -0.020722 0.021955 0.004881
v -0.020720 -0.021957 0.005173
v -0.020720 -0.021043 0.005253
v -0.020713 0.021058 0.005296
v -0.020723 0.021960 0.005379
v -0.020716 -0.021047 0.005754
v -0.020719 0.021048 0.005796
v -0.020723 0.021960 0.005879
v -0.020717 -0.021946 0.006169
v -0.020697 -0.021050 0.006233
v -0.020720 0.021043 0.006297
v -0.020724 0.021961 0.006380
v -0.020690 -0.022019 0.006602
v -0.020656 -0.021027 0.006662
v -0.020802 0.022187 0.006839
v -0.020561 0.021645 0.006600
v -0.020596 -0.021794 0.000400
v -0.020596 -0.021206 0.000400
v -0.020654 0.021012 0.006691
v -0.020807 -0.014395 0.023298
v -0.020835 0.014350 0.023301
v -0.020711 -0.021963 0.001187
v -0.020711 -0.021963 0.001687
v -0.020692 -0.021048 0.002246
v -0.020702 -0.021961 0.002671
v -0.020705 -0.021048 0.002770
v -0.020692 -0.021952 0.003679
v -0.020696 0.021052 0.004319
v -0.020710 -0.021959 0.005688
v -0.020731 0.020942 0.000400
v -0.020822 -0.020755 0.022537
v -0.020754 -0.020194 0.022534
v -0.020818 0.020258 0.022534
v -0.020755 0.020822 0.022537
v -0.020756 -0.021998 0.022908
v -0.020756 0.019014 0.022908
v -0.020756 -0.020756 0.022950
v -0.020756 -0.020256 0.022950
v -0.020756 -0.019009 0.022950
v -0.020756 0.020256 0.022950
v -0.020756 0.020756 0.022950
v -0.020756 0.022003 0.022950
v -0.020769 -0.013762 0.037801
v -0.021001 0.022348 0.006599
v -0.020825 -0.022669 0.000000
v -0.020825 0.022669 -0.000000
v -0.020881 0.022562 0.000682
v -0.020890 -0.022563 0.000885
v -0.020886 0.020436 0.001004
v -0.020893 -0.020434 0.001046
v -0.020882 0.022563 0.001158
v -0.020893 -0.022566 0.001379
v -0.020890 0.020437 0.001499
v -0.020893 -0.020434 0.001546
v -0.020889 0.022564 0.001654
v -0.020893 -0.022566 0.001879
v -0.020890 0.020433 0.002015
v -0.020883 -0.020439 0.002050
v -0.020888 0.022564 0.002154
v -0.020881 -0.022559 0.002379
v -0.020890 0.020433 0.002515
v -0.020883 -0.020439 0.002550
v -0.020885 0.022562 0.002687
v -0.020881 -0.022559 0.002879
v -0.020890 0.020437 0.002999
v -0.020881 -0.020441 0.003046
v -0.020886 0.022564 0.003171
v -0.020883 -0.022561 0.003383
v -0.020885 0.020440 0.003510
v -0.020887 -0.020437 0.003546
v -0.020886 0.022564 0.003671
v -0.020890 -0.022565 0.003883
v -0.020881 0.020438 0.003993
v -0.020890 -0.020437 0.004051
v -0.020886 0.022564 0.004171
v -0.020893 -0.022566 0.004379
v -0.020881 0.020441 0.004504
v -0.020890 -0.020437 0.004551
v -0.020887 0.022563 0.004653
v -0.020893 -0.022566 0.004879
v -0.020886 0.020436 0.005004
v -0.020893 -0.020434 0.005046
v -0.020880 0.022562 0.005183
v -0.020885 -0.022560 0.005385
v -0.020886 0.020436 0.005504
v -0.020893 -0.020434 0.005546
v -0.020890 0.022563 0.005676
v -0.020882 -0.022563 0.005892
v -0.020886 0.020437 0.005987
v -0.020893 -0.020434 0.006046
v -0.020890 0.022567 0.006160
v -0.020883 -0.022563 0.006391
v -0.020887 0.020437 0.006504
v -0.020887 -0.020437 0.006546
v -0.020890 0.022567 0.006660
v -0.021749 -0.013360 0.023116
v -0.021937 0.013049 0.023116
v -0.020942 -0.022269 0.000400
v -0.020942 -0.020731 0.000400
v -0.021093 0.022346 0.000468
v -0.021030 -0.022325 0.000691
v -0.021243 0.020553 0.000796
v -0.021020 -0.020680 0.000858
v -0.021057 -0.022287 0.001129
v -0.021053 0.020714 0.001256
v -0.021058 -0.020713 0.001296
v -0.021047 0.022301 0.001399
v -0.021057 -0.022287 0.001629
v -0.021055 0.020717 0.001752
v -0.021048 -0.020719 0.001796
v -0.021044 0.022292 0.001903
v -0.021050 -0.022282 0.002129
v -0.021043 -0.020720 0.002298
v -0.021050 0.022279 0.002421
v -0.021039 -0.022276 0.002630
v -0.021043 -0.020720 0.002797
v -0.021039 -0.022276 0.003130
v -0.021050 0.020721 0.003254
v -0.021040 -0.020723 0.003296
v -0.021046 0.022284 0.003421
v -0.021053 -0.022286 0.003631
v -0.021037 0.020711 0.003738
v -0.021054 -0.020717 0.003798
v -0.021047 0.022284 0.003921
v -0.021052 -0.022285 0.004131
v -0.021038 0.020724 0.004255
v -0.021053 -0.020718 0.004298
v -0.021029 0.022291 0.004400
v -0.021057 -0.022287 0.004629
v -0.021043 0.020720 0.004753
v -0.021057 -0.020713 0.004796
v -0.021044 0.022277 0.004919
v -0.021054 -0.022283 0.005131
v -0.021047 0.020716 0.005254
v -0.021058 -0.020713 0.005296
v -0.021039 -0.022276 0.005629
v -0.021050 0.020697 0.005733
v -0.021058 -0.020713 0.005796
v -0.021048 0.022295 0.005905
v -0.021055 0.020717 0.006252
v -0.021048 -0.020719 0.006296
v -0.021048 0.022295 0.006405
v -0.021012 -0.020654 0.006691
v -0.020985 -0.023067 0.023100
v -0.021027 0.020656 0.006662
v -0.021027 0.022295 0.000913
v -0.021048 0.020705 0.002270
v -0.021048 0.020705 0.002770
v -0.021042 0.022293 0.002935
v -0.021042 0.022291 0.005439
v -0.021028 -0.022290 0.006152
v -0.021379 -0.012299 0.038530
v -0.021091 -0.022354 0.006581
v -0.022021 -0.020256 0.022917
v -0.021998 0.020756 0.022908
v -0.021327 0.018203 0.021099
v -0.021202 0.022872 0.021099
v -0.021206 0.020596 0.000400
v -0.021219 0.018001 0.023100
v -0.021219 0.023012 0.023100
v -0.021523 -0.027091 0.000000
v -0.021506 0.027100 0.000000
v -0.021239 -0.018662 0.000100
v -0.021239 0.018662 0.000100
v -0.021338 -0.018703 0.000200
v -0.021149 0.018720 0.000200
v -0.021248 -0.018762 0.000000
v -0.021248 0.018762 -0.000000
v -0.022289 -0.025893 0.023084
v -0.022035 0.026029 0.023084
v -0.021712 -0.018943 0.022951
v -0.021424 -0.022686 0.022563
v -0.021392 -0.018313 0.022566
v -0.021419 0.018323 0.022564
v -0.021396 0.022698 0.022564
v -0.021394 -0.026477 0.022906
v -0.021395 0.026477 0.022906
v -0.021329 -0.018194 0.021099
v -0.021745 -0.022647 0.021099
v -0.021447 -0.018077 0.023100
v -0.021847 0.019053 0.022951
v -0.021847 0.021959 0.022951
v -0.021857 -0.022829 0.000001
v -0.021857 -0.020171 0.000001
v -0.021876 0.020156 0.000003
v -0.021876 0.022844 0.000003
v -0.021500 -0.022450 0.000400
v -0.021500 -0.020550 0.000400
v -0.021496 0.022450 0.000525
v -0.021500 -0.020268 0.000587
v -0.021502 -0.022450 0.000649
v -0.021493 0.022727 0.000712
v -0.021496 -0.020570 0.000855
v -0.021497 -0.022729 0.000850
v -0.021489 0.022403 0.000962
v -0.021507 0.020273 0.000962
v -0.021501 -0.020273 0.001071
v -0.021500 -0.022422 0.001088
v -0.021510 0.020597 0.001212
v -0.021493 0.022727 0.001212
v -0.021500 -0.020600 0.001338
v -0.021499 -0.022727 0.001321
v -0.021498 0.022415 0.001447
v -0.021500 0.020273 0.001462
v -0.021500 -0.022400 0.001588
v -0.021499 -0.020273 0.001604
v -0.021500 0.020598 0.001712
v -0.021497 0.022729 0.001700
v -0.021500 -0.020584 0.001852
v -0.021501 -0.022727 0.001854
v -0.021490 0.022403 0.001962
v -0.021507 0.020273 0.001962
v -0.021500 -0.022422 0.002088
v -0.021504 -0.020272 0.002084
v -0.021510 0.020597 0.002212
v -0.021493 0.022727 0.002212
v -0.021507 -0.020596 0.002336
v -0.021495 -0.022729 0.002326
v -0.021490 0.022403 0.002462
v -0.021507 0.020273 0.002462
v -0.021495 -0.022404 0.002586
v -0.021504 -0.020272 0.002584
v -0.021510 0.020597 0.002712
v -0.021493 0.022727 0.002712
v -0.021506 -0.020596 0.002835
v -0.021500 -0.022729 0.002838
v -0.021499 0.022403 0.002962
v -0.021500 0.020273 0.002962
v -0.021500 -0.022406 0.003087
v -0.021500 -0.020271 0.003088
v -0.021490 0.020597 0.003213
v -0.021507 0.022727 0.003213
v -0.021494 -0.020596 0.003340
v -0.021504 -0.022728 0.003333
v -0.021511 0.022403 0.003463
v -0.021493 0.020273 0.003463
v -0.021517 -0.022420 0.003564
v -0.021500 -0.020273 0.003588
v -0.021489 0.020597 0.003713
v -0.021507 0.022727 0.003713
v -0.021500 -0.020598 0.003837
v -0.021500 -0.022727 0.003820
v -0.021511 0.022403 0.003963
v -0.021493 0.020273 0.003963
v -0.021506 -0.022401 0.004085
v -0.021494 -0.020271 0.004099
v -0.021489 0.020597 0.004213
v -0.021507 0.022727 0.004213
v -0.021500 -0.020578 0.004337
v -0.021506 -0.022729 0.004349
v -0.021499 0.022402 0.004463
v -0.021496 0.020272 0.004467
v -0.021500 -0.020265 0.004587
v -0.021506 -0.022415 0.004603
v -0.021506 0.020596 0.004715
v -0.021496 0.022728 0.004716
v -0.021503 -0.020585 0.004854
v -0.021505 -0.022729 0.004849
v -0.021494 0.022404 0.004964
v -0.021507 0.020273 0.004962
v -0.021496 -0.022415 0.005104
v -0.021507 -0.020273 0.005088
v -0.021511 0.020597 0.005212
v -0.021493 0.022727 0.005212
v -0.021506 -0.020585 0.005322
v -0.021493 -0.022727 0.005338
v -0.021490 0.022403 0.005462
v -0.021507 0.020273 0.005462
v -0.021494 -0.022415 0.005572
v -0.021505 -0.020271 0.005576
v -0.021504 0.020599 0.005714
v -0.021500 0.022727 0.005712
v -0.021506 -0.020585 0.005822
v -0.021499 -0.022735 0.005839
v -0.021505 0.022401 0.005964
v -0.021497 0.020274 0.005968
v -0.021505 -0.020271 0.006076
v -0.021488 -0.022425 0.006095
v -0.021495 0.020599 0.006214
v -0.021503 0.022726 0.006218
v -0.021506 -0.020585 0.006322
v -0.021495 -0.022729 0.006326
v -0.021511 0.022403 0.006462
v -0.021497 0.020274 0.006468
v -0.021511 -0.022445 0.006545
v -0.021505 -0.020271 0.006576
v -0.021529 0.020539 0.006632
v -0.021507 0.022727 0.006713
v -0.021504 -0.020550 0.006775
v -0.021749 0.022446 0.006921
v -0.021577 0.012458 0.037801
v -0.021645 -0.020561 0.006600
v -0.021959 -0.021847 0.022951
v -0.022100 0.010952 0.038530
v -0.021794 0.020596 0.000400
v -0.021857 0.022353 0.000511
v -0.021828 0.022392 0.006600
v -0.021877 -0.022721 0.023100
v -0.022008 -0.020708 0.000432
v -0.021980 -0.022320 0.000608
v -0.021978 0.020679 0.000733
v -0.021943 -0.020713 0.000879
v -0.021953 0.022284 0.001004
v -0.021943 -0.022287 0.001046
v -0.021963 0.020711 0.001187
v -0.021943 -0.020713 0.001379
v -0.021941 0.022288 0.001504
v -0.021942 -0.022287 0.001546
v -0.021952 0.020705 0.001655
v -0.021951 -0.020718 0.001879
v -0.021952 0.022295 0.002020
v -0.021952 -0.022281 0.002046
v -0.021950 0.020721 0.002171
v -0.021960 -0.020723 0.002379
v -0.021952 0.022295 0.002520
v -0.021956 -0.022281 0.002548
v -0.021958 0.020709 0.002689
v -0.021961 -0.020724 0.002880
v -0.021946 0.022283 0.003006
v -0.021961 -0.022276 0.003045
v -0.021946 0.020713 0.003169
v -0.021950 -0.020718 0.003379
v -0.021961 0.022298 0.003504
v -0.021955 -0.022278 0.003547
v -0.021954 0.020716 0.003671
v -0.021951 -0.020719 0.003879
v -0.021963 0.022289 0.003988
v -0.021946 -0.022283 0.004048
v -0.021954 0.020716 0.004171
v -0.021942 -0.020713 0.004379
v -0.021958 0.022279 0.004503
v -0.021951 -0.022281 0.004546
v -0.021956 0.020723 0.004669
v -0.021956 -0.020707 0.004863
v -0.021957 0.022280 0.005002
v -0.021952 -0.022282 0.005046
v -0.021951 0.020721 0.005170
v -0.021955 -0.020722 0.005381
v -0.021952 0.022285 0.005504
v -0.021942 -0.022287 0.005546
v -0.021946 0.020717 0.005669
v -0.021960 -0.020723 0.005879
v -0.021951 0.022281 0.006004
v -0.021942 -0.022287 0.006046
v -0.021952 0.020705 0.006155
v -0.021960 -0.020723 0.006379
v -0.021958 0.022278 0.006502
v -0.022030 -0.022263 0.006525
v -0.022019 0.020690 0.006602
v -0.022187 -0.020802 0.006839
v -0.022003 -0.020756 0.022950
v -0.022003 0.020256 0.022950
v -0.022113 0.018664 0.021099
v -0.022032 0.022448 0.021099
v -0.022112 0.020436 0.001904
v -0.022119 0.022562 0.003743
v -0.022120 0.022562 0.004242
v -0.022120 -0.020438 0.005117
v -0.022115 0.020434 0.006413
v -0.022058 -0.022269 0.000400
v -0.022059 -0.022268 0.006975
v -0.022076 0.018427 0.023100
v -0.022076 0.022585 0.023100
v -0.022190 -0.022168 0.022563
v -0.022164 -0.018819 0.022566
v -0.022186 0.018840 0.022563
v -0.022168 0.022190 0.022563
v -0.022111 -0.020438 0.000629
v -0.022114 0.022564 0.000754
v -0.022107 -0.022566 0.000796
v -0.022119 0.020438 0.000932
v -0.022107 -0.020434 0.001129
v -0.022111 0.022565 0.001250
v -0.022107 -0.022566 0.001296
v -0.022113 0.020437 0.001421
v -0.022107 -0.020434 0.001629
v -0.022110 0.022567 0.001765
v -0.022107 -0.022566 0.001796
v -0.022119 -0.020441 0.002129
v -0.022110 0.022567 0.002265
v -0.022117 -0.022561 0.002300
v -0.022115 0.020438 0.002437
v -0.022119 -0.020441 0.002629
v -0.022107 0.022566 0.002754
v -0.022119 -0.022559 0.002796
v -0.022110 0.020437 0.002926
v -0.022119 -0.020441 0.003129
v -0.022112 0.022564 0.003271
v -0.022119 -0.022559 0.003296
v -0.022114 0.020436 0.003421
v -0.022113 -0.020437 0.003629
v -0.022110 -0.022563 0.003801
v -0.022114 0.020436 0.003921
v -0.022107 -0.020434 0.004129
v -0.022110 -0.022563 0.004301
v -0.022113 0.020438 0.004412
v -0.022107 -0.020434 0.004629
v -0.022117 0.022561 0.004750
v -0.022119 -0.022559 0.004796
v -0.022115 0.020440 0.004915
v -0.022114 0.022564 0.005254
v -0.022107 -0.022566 0.005296
v -0.022112 0.020439 0.005421
v -0.022115 -0.020440 0.005635
v -0.022117 0.022561 0.005750
v -0.022107 -0.022566 0.005796
v -0.022107 0.020434 0.005921
v -0.022119 -0.020441 0.006129
v -0.022110 0.022563 0.006249
v -0.022107 -0.022566 0.006296
v -0.022119 -0.020441 0.006629
v -0.022114 0.022560 0.006754
v -0.022348 -0.021001 0.006599
v -0.022126 -0.018659 0.021099
v -0.022194 -0.018839 0.000000
v -0.022194 0.018839 -0.000000
v -0.022299 -0.018815 0.000200
v -0.022115 0.018767 0.000200
v -0.022448 -0.022032 0.021099
v -0.022225 -0.022496 0.006787
v -0.022219 -0.018742 0.000100
v -0.022219 0.018742 0.000100
v -0.022389 -0.011783 0.023298
v -0.022414 0.011733 0.023301
v -0.022261 -0.018581 0.023100
v -0.022263 0.022033 0.006528
v -0.022268 0.022059 0.006975
v -0.022269 0.020942 0.000400
v -0.022269 0.022058 0.000400
v -0.022303 -0.011106 0.037801
v -0.022346 -0.021093 0.000468
v -0.022362 -0.021849 0.000494
v -0.022320 0.021980 0.000608
v -0.022324 0.021028 0.000691
v -0.022295 -0.021027 0.000913
v -0.022279 -0.021958 0.001003
v -0.022287 0.021942 0.001046
v -0.022287 0.021057 0.001129
v -0.022289 -0.021037 0.001437
v -0.022280 -0.021957 0.001502
v -0.022280 0.021957 0.001548
v -0.022277 0.021040 0.001629
v -0.022294 -0.021045 0.001937
v -0.022286 -0.021947 0.002006
v -0.022277 0.021960 0.002046
v -0.022276 0.021039 0.002130
v -0.022295 -0.021048 0.002405
v -0.022295 -0.021952 0.002520
v -0.022277 0.021960 0.002546
v -0.022276 0.021039 0.002630
v -0.022279 -0.021050 0.002921
v -0.022295 -0.021952 0.003020
v -0.022277 0.021960 0.003046
v -0.022286 0.021053 0.003131
v -0.022293 -0.021042 0.003435
v -0.022290 -0.021961 0.003520
v -0.022278 0.021955 0.003547
v -0.022287 0.021057 0.003629
v -0.022285 -0.021052 0.003919
v -0.022289 -0.021963 0.003988
v -0.022281 0.021951 0.004046
v -0.022287 0.021057 0.004129
v -0.022284 -0.021047 0.004421
v -0.022277 -0.021956 0.004506
v -0.022287 0.021943 0.004546
v -0.022278 0.021045 0.004631
v -0.022291 -0.021029 0.004900
v -0.022293 -0.021958 0.005019
v -0.022287 0.021942 0.005046
v -0.022276 0.021039 0.005129
v -0.022277 -0.021044 0.005419
v -0.022281 -0.021956 0.005502
v -0.022287 0.021942 0.005546
v -0.022290 0.021028 0.005652
v -0.022291 -0.021042 0.005939
v -0.022284 -0.021953 0.006004
v -0.022281 0.021952 0.006046
v -0.022277 0.021040 0.006129
v -0.022295 -0.021046 0.006437
v -0.022284 -0.021956 0.006504
v -0.022446 -0.021749 0.006921
v -0.022354 0.021091 0.006581
v -0.022475 -0.020343 0.022952
v -0.022392 -0.021828 0.006600
v -0.022736 -0.009562 0.038530
v -0.022483 0.020506 0.022951
v -0.022562 -0.022119 0.000742
v -0.022569 -0.020881 0.001169
v -0.022564 -0.020888 0.002654
v -0.022562 -0.022119 0.004243
v -0.022563 -0.020887 0.005154
v -0.022445 0.021509 0.006544
v -0.022450 0.021500 0.000400
v -0.022450 -0.021494 0.000525
v -0.022450 0.021504 0.000650
v -0.022404 -0.021494 0.000965
v -0.022414 0.021499 0.001070
v -0.022404 -0.021494 0.001464
v -0.022404 0.021493 0.001586
v -0.022415 -0.021498 0.001947
v -0.022406 0.021501 0.002088
v -0.022401 -0.021495 0.002461
v -0.022406 0.021501 0.002588
v -0.022403 -0.021490 0.002962
v -0.022415 0.021506 0.003103
v -0.022403 -0.021500 0.003463
v -0.022425 0.021512 0.003580
v -0.022403 -0.021511 0.003963
v -0.022401 0.021506 0.004085
v -0.022403 -0.021511 0.004463
v -0.022403 0.021488 0.004588
v -0.022402 -0.021499 0.004963
v -0.022415 0.021494 0.005072
v -0.022404 -0.021495 0.005464
v -0.022425 0.021488 0.005595
v -0.022403 -0.021489 0.005962
v -0.022415 0.021494 0.006072
v -0.022402 -0.021495 0.006464
v -0.022496 0.022225 0.006787
v -0.022562 -0.020881 0.000682
v -0.022566 0.022107 0.000796
v -0.022566 0.020893 0.000879
v -0.022561 -0.022117 0.001250
v -0.022565 0.022111 0.001300
v -0.022563 0.020887 0.001379
v -0.022562 -0.020881 0.001682
v -0.022564 -0.022114 0.001754
v -0.022559 0.022119 0.001796
v -0.022559 0.020881 0.001879
v -0.022566 -0.020893 0.002171
v -0.022567 -0.022110 0.002265
v -0.022559 0.022119 0.002296
v -0.022559 0.020881 0.002379
v -0.022567 -0.022110 0.002765
v -0.022559 0.022119 0.002796
v -0.022561 0.020883 0.002883
v -0.022562 -0.020885 0.003187
v -0.022567 -0.022110 0.003265
v -0.022559 0.022119 0.003296
v -0.022566 0.020893 0.003379
v -0.022565 -0.020890 0.003667
v -0.022559 -0.022119 0.003754
v -0.022563 0.022110 0.003801
v -0.022566 0.020893 0.003879
v -0.022564 -0.020886 0.004171
v -0.022563 0.022113 0.004296
v -0.022563 0.020887 0.004379
v -0.022564 -0.020886 0.004671
v -0.022564 -0.022112 0.004771
v -0.022566 0.022107 0.004796
v -0.022560 0.020885 0.004885
v -0.022561 -0.022117 0.005250
v -0.022566 0.022107 0.005296
v -0.022563 0.020882 0.005392
v -0.022562 -0.020880 0.005683
v -0.022564 -0.022114 0.005754
v -0.022566 0.022107 0.005796
v -0.022559 0.020881 0.005879
v -0.022562 -0.020885 0.006187
v -0.022564 -0.022114 0.006254
v -0.022561 0.022117 0.006300
v -0.022563 0.020883 0.006391
v -0.022566 -0.020893 0.006671
v -0.022563 -0.022112 0.006749
v -0.022698 -0.021396 0.022564
v -0.022684 -0.019583 0.022565
v -0.022696 0.019611 0.022563
v -0.022686 0.021424 0.022563
v -0.022729 0.021494 0.001326
v -0.022727 -0.021501 0.002196
v -0.022727 0.021500 0.003820
v -0.022735 0.021499 0.005339
v -0.022729 0.021495 0.005826
v -0.022729 0.021495 0.006326
v -0.022585 -0.022076 0.023100
v -0.022632 0.019190 0.021100
v -0.022647 0.021745 0.021099
v -0.022669 -0.022175 0.000000
v -0.022844 -0.021124 0.000003
v -0.022829 0.021143 0.000001
v -0.022669 0.022175 -0.000000
v -0.022728 -0.021496 0.000716
v -0.022725 0.021500 0.000837
v -0.022728 -0.021496 0.001216
v -0.022727 -0.021493 0.001712
v -0.022729 0.021500 0.001837
v -0.022729 0.021500 0.002337
v -0.022727 -0.021493 0.002712
v -0.022731 0.021501 0.002845
v -0.022727 -0.021493 0.003212
v -0.022729 0.021505 0.003349
v -0.022727 -0.021507 0.003713
v -0.022727 -0.021507 0.004213
v -0.022727 0.021500 0.004337
v -0.022727 -0.021507 0.004713
v -0.022727 0.021493 0.004838
v -0.022728 -0.021496 0.005216
v -0.022727 -0.021493 0.005712
v -0.022727 -0.021493 0.006212
v -0.022726 -0.021503 0.006718
v -0.022721 0.019135 0.023100
v -0.022721 0.021877 0.023100
v -0.022872 -0.021202 0.021099
v -0.022696 -0.019387 0.021099
v -0.022919 0.019923 0.021099
v -0.022872 -0.020488 0.022564
v -0.022872 0.020519 0.022563
v -0.023270 -0.026181 0.000000
v -0.023202 0.026233 0.000000
v -0.022838 -0.019345 0.023100
v -0.022958 -0.020276 0.021099
v -0.022959 0.020861 0.021099
v -0.023284 0.008137 0.038530
v -0.022944 0.009712 0.037801
v -0.022971 -0.000401 0.000175
v -0.022947 0.000442 0.000140
v -0.023022 -0.025595 0.022921
v -0.023018 0.025609 0.022906
v -0.023012 -0.021219 0.023100
v -0.023045 -0.000421 0.000000
v -0.023045 0.000421 -0.000000
v -0.023045 0.000421 0.000200
v -0.023057 -0.019234 0.000000
v -0.023057 0.019234 -0.000000
v -0.023164 -0.019246 0.000200
v -0.023007 0.019138 0.000200
v -0.023067 0.020027 0.023100
v -0.023067 0.020985 0.023100
v -0.023100 -0.020266 0.023100
v -0.023114 -0.019151 0.000100
v -0.023114 0.019151 0.000100
v -0.023316 -0.001199 0.000175
v -0.023357 0.001255 0.000175
v -0.023743 -0.006680 0.038530
v -0.023391 -0.001187 0.000000
v -0.023391 0.001187 -0.000000
v -0.023405 -0.008559 0.037786
v -0.023665 0.008945 0.023301
v -0.023737 -0.008916 0.023168
v -0.024151 -0.020244 0.000000
v -0.024123 0.020232 -0.000000
v -0.024123 -0.020232 0.000200
v -0.024192 0.020214 0.000200
v -0.024111 0.005197 0.038530
v -0.024416 0.007410 0.023122
v -0.023815 0.000353 0.000002
v -0.024179 -0.020147 0.000150
v -0.024191 0.020151 0.000100
v -0.024115 -0.000865 0.000002
v -0.023964 0.006818 0.037801
v -0.023972 -0.001831 0.000100
v -0.023972 0.001831 0.000100
v -0.023929 -0.001750 0.000200
v -0.024064 0.001826 0.000200
v -0.024010 -0.000142 0.000200
v -0.024010 -0.000142 0.006600
v -0.024021 -0.001744 0.000000
v -0.024021 0.001744 -0.000000
v -0.024386 -0.003695 0.038530
v -0.024090 0.000415 0.000200
v -0.024090 0.000415 0.006600
v -0.024568 0.002180 0.038530
v -0.024900 -0.024900 0.000000
v -0.024900 0.024900 0.000000
v -0.024342 -0.024289 0.023083
v -0.024862 0.023782 0.023084
v -0.024244 -0.000655 0.000200
v -0.024244 -0.000655 0.006600
v -0.024667 -0.000760 0.038504
v -0.024272 -0.005650 0.037785
v -0.024571 0.006026 0.023300
v -0.024400 0.001039 -0.000000
v -0.024436 -0.024441 0.022911
v -0.024441 0.024436 0.022911
v -0.024459 0.000841 0.000200
v -0.024459 0.000841 0.006600
v -0.024639 -0.005990 0.023168
v -0.024620 0.003822 0.037801
v -0.024718 -0.000959 0.000200
v -0.024718 -0.000959 0.006600
v -0.024725 -0.020240 0.000175
v -0.024774 0.020230 0.000175
v -0.024763 -0.020301 0.000000
v -0.024763 0.020301 -0.000000
v -0.024809 -0.002299 0.037801
v -0.025225 -0.002229 0.000160
v -0.025225 0.002229 0.000160
v -0.025276 -0.002142 0.000000
v -0.025282 0.002147 -0.000000
v -0.025282 -0.002147 0.000200
v -0.025276 0.002142 0.000200
v -0.024903 0.000767 0.037801
v -0.025112 -0.003079 0.023299
v -0.025119 0.003020 0.023300
v -0.025325 -0.001194 0.000003
v -0.025319 0.001178 0.000001
v -0.025000 0.001000 0.000200
v -0.025000 0.001000 0.006600
v -0.025300 -0.000030 0.023300
v -0.025201 -0.019959 0.000175
v -0.025242 0.019965 0.000186
v -0.025295 -0.003022 0.023121
v -0.025483 0.001355 0.023120
v -0.025427 -0.019869 0.000000
v -0.025271 0.020031 -0.000000
v -0.025321 -0.019975 0.000200
v -0.025282 -0.000959 0.000200
v -0.025508 -0.000897 0.006600
v -0.026029 -0.022035 0.023084
v -0.025567 -0.019210 0.000100
v -0.025561 0.019176 0.000100
v -0.025496 0.019494 0.000200
v -0.025585 -0.002664 0.000100
v -0.025600 0.002668 0.000100
v -0.025635 -0.002658 0.000200
v -0.025585 0.002664 0.000200
v -0.025541 0.000841 0.000200
v -0.025541 0.000841 0.006600
v -0.025666 0.019228 -0.000000
v -0.025557 -0.019464 0.000200
v -0.025609 -0.023018 0.022906
v -0.025609 0.023018 0.022906
v -0.025661 0.018678 0.000200
v -0.025695 -0.002633 0.000000
v -0.025679 0.002627 -0.000000
v -0.025695 0.002633 0.000200
v -0.025719 -0.018492 0.000000
v -0.025733 -0.018222 0.000200
v -0.025756 -0.000655 0.000200
v -0.025910 0.000415 0.000200
v -0.025910 0.000415 0.006600
v -0.026233 -0.023202 0.000000
v -0.026220 0.023216 0.000000
v -0.025990 -0.000142 0.000200
v -0.025990 -0.000142 0.006600
v -0.026201 -0.000297 0.000002
v -0.026039 0.000600 -0.000000
v -0.026299 0.021360 0.023083
v -0.026477 -0.021395 0.022906
v -0.026477 0.021394 0.022906
v -0.026916 -0.019140 0.023091
v -0.026830 0.019560 0.023094
v -0.027100 -0.021506 0.000000
v -0.027091 0.021523 0.000000
v -0.027010 -0.019638 0.022907
v -0.027006 0.019625 0.022916
v -0.027178 0.017828 0.022964
v -0.027192 -0.017800 0.022909
v -0.027619 0.019715 0.000000
v -0.027674 -0.019482 0.000000
v -0.027800 0.017800 -0.000000
vn 0.8994 -0.4247 0.1037
vn 0.4817 0.0172 0.8762
vn 0.9030 0.4214 0.0836
vn 0.5722 0.7007 -0.4261
vn 0.3449 0.7745 0.5303
vn 0.0008 1.0000 0.0003
vn -0.0524 0.8679 0.4939
vn -0.4586 0.7245 0.5146
vn -0.6104 0.7910 -0.0410
vn -0.8324 0.1932 0.5195
vn -0.9414 0.3354 0.0363
vn -0.9558 -0.2905 -0.0452
vn -0.7246 -0.4595 0.5136
vn -0.5873 -0.8094 0.0008
vn -0.3836 -0.7762 0.5003
vn -0.1250 -0.9785 -0.1641
vn -0.1343 -0.9608 0.2425
vn -0.3979 -0.9099 0.1169
vn 0.0647 -0.5241 0.8492
vn 0.4560 -0.8753 0.1608
vn 0.6956 -0.5767 -0.4285
vn 0.7722 -0.3529 0.5284
vn 1.0000 -0.0000 0.0004
vn 0.8595 0.0351 0.5100
vn 0.7355 0.4421 0.5134
vn 0.8089 0.5880 -0.0000
vn 0.4001 0.7669 0.5017
vn 0.2915 0.9553 -0.0483
vn -0.2806 0.8011 0.5287
vn -0.3301 0.9436 0.0268
vn -0.7953 0.6055 -0.0305
vn -0.7598 0.4080 0.5061
vn -0.9776 0.1248 -0.1692
vn -0.9598 0.1348 0.2461
vn 0.1343 0.9608 0.2425
vn 0.1250 0.9785 -0.1641
vn 0.4078 0.7665 0.4961
vn 0.5873 0.8094 0.0008
vn 0.7506 0.4485 0.4853
vn 0.9558 0.2905 -0.0452
vn 0.8327 -0.1777 0.5244
vn 0.9414 -0.3354 0.0363
vn 0.6104 -0.7910 -0.0410
vn 0.4796 -0.7205 0.5009
vn -0.0008 -1.0000 0.0003
vn 0.0476 -0.8750 0.4818
vn -0.3982 -0.7744 0.4917
vn -0.5722 -0.7007 -0.4261
vn -0.9030 -0.4214 0.0836
vn -0.4817 -0.0171 0.8762
vn -0.8994 0.4247 0.1037
vn 0.3918 0.9115 0.1252
vn -0.0201 0.4794 0.8773
vn -0.4457 0.8917 0.0790
vn -0.6939 0.5785 -0.4287
vn -0.7764 0.3488 0.5249
vn -1.0000 -0.0000 0.0004
vn -0.8637 -0.0402 0.5025
vn -0.7179 -0.4578 0.5246
vn -0.7913 -0.6101 -0.0403
vn -0.1741 -0.8290 0.5314
vn -0.3354 -0.9414 0.0363
vn 0.2867 -0.9458 -0.1522
vn 0.6574 -0.5280 0.5376
vn 0.8347 -0.5506 0.0043
vn 0.9749 -0.1369 -0.1756
vn 0.9510 -0.2035 0.2329
vn 0.1948 -0.7213 -0.6647
vn -0.4994 -0.5233 -0.6905
vn -0.3768 -0.5974 -0.7079
vn -0.7561 -0.2300 -0.6127
vn -0.6857 0.1722 -0.7072
vn -0.6525 0.2293 -0.7222
vn -0.4399 0.5736 -0.6910
vn -0.3655 0.6251 -0.6896
vn -0.0320 0.7204 -0.6928
vn 0.1857 0.6910 -0.6986
vn 0.6554 0.3897 -0.6470
vn 0.7095 -0.2165 -0.6707
vn 0.5839 -0.7972 0.1534
vn -0.3772 -0.6576 -0.6522
vn 0.1934 -0.7035 -0.6839
vn 0.6251 -0.3655 -0.6896
vn 0.7204 -0.0320 -0.6928
vn 0.6977 0.2109 -0.6846
vn 0.5966 0.4894 -0.6360
vn 0.1910 0.6971 -0.6911
vn 0.2293 0.6525 -0.7222
vn -0.2300 0.7561 -0.6127
vn -0.5233 0.4994 -0.6905
vn -0.5974 0.3768 -0.7079
vn -0.7181 -0.1729 -0.6741
vn -0.8002 -0.5898 0.1088
vn 0.3655 -0.6251 -0.6896
vn -0.1857 -0.6910 -0.6986
vn 0.0320 -0.7204 -0.6928
vn -0.6554 -0.3897 -0.6470
vn -0.7095 0.2165 -0.6707
vn -0.5839 0.7972 0.1534
vn -0.1948 0.7213 -0.6647
vn 0.4994 0.5233 -0.6905
vn 0.3768 0.5974 -0.7079
vn 0.7561 0.2300 -0.6127
vn 0.6857 -0.1722 -0.7072
vn 0.6525 -0.2293 -0.7222
vn 0.4399 -0.5736 -0.6910
vn -0.1910 -0.6971 -0.6911
vn -0.2293 -0.6525 -0.7222
vn 0.2300 -0.7561 -0.6127
vn 0.5233 -0.4994 -0.6905
vn 0.5974 -0.3768 -0.7079
vn 0.7181 0.1729 -0.6741
vn 0.8049 0.5850 0.0994
vn 0.3772 0.6575 -0.6522
vn -0.1931 0.6996 -0.6879
vn -0.6251 0.3655 -0.6896
vn -0.7204 0.0320 -0.6928
vn -0.6977 -0.2109 -0.6846
vn -0.5966 -0.4894 -0.6360
vn 0.5253 -0.4524 0.7208
vn 0.6964 -0.1396 0.7040
vn 0.6204 0.2516 0.7428
vn 0.5371 0.4435 0.7175
vn 0.4401 -0.5527 0.7077
vn -0.1235 -0.6626 0.7387
vn -0.0166 -0.7046 0.7094
vn -0.5549 -0.4494 0.7001
vn -0.6484 0.0048 0.7613
vn -0.6881 0.1395 0.7121
vn -0.4419 0.5462 0.7116
vn -0.0815 0.6477 0.7576
vn 0.0257 0.7014 0.7123
vn 0.0011 -0.6860 -0.7276
vn 0.1593 -0.6904 -0.7057
vn -0.2728 -0.6566 -0.7031
vn -0.5385 -0.4050 -0.7389
vn -0.5910 -0.3873 -0.7076
vn -0.7026 -0.0054 -0.7116
vn -0.5939 0.3067 -0.7438
vn -0.5726 0.4093 -0.7104
vn -0.1779 0.6778 -0.7134
vn -0.0052 0.6676 -0.7445
vn 0.2752 0.6490 -0.7093
vn 0.5937 0.2988 -0.7472
vn 0.5810 0.4036 -0.7068
vn 0.7026 -0.0055 -0.7116
vn 0.5405 -0.4157 -0.7315
vn 0.5834 -0.4041 -0.7045
vn -0.6360 0.2300 0.7366
vn -0.6921 0.1275 0.7104
vn -0.5355 -0.4310 0.7263
vn -0.4372 0.5509 0.7109
vn 0.0868 0.6482 0.7565
vn 0.0166 0.7046 0.7094
vn 0.5549 0.4494 0.7001
vn 0.6484 -0.0050 0.7613
vn 0.6881 -0.1395 0.7121
vn 0.4419 -0.5462 0.7116
vn 0.1131 -0.6644 0.7388
vn -0.0257 -0.7013 0.7124
vn -0.5468 -0.4586 0.7005
vn 0.2728 -0.6566 -0.7032
vn -0.1572 -0.6898 -0.7067
vn -0.0011 -0.6860 -0.7276
vn -0.5405 -0.4157 -0.7315
vn -0.5793 -0.4067 -0.7064
vn -0.7026 -0.0055 -0.7116
vn -0.5937 0.2988 -0.7472
vn -0.5822 0.3968 -0.7097
vn -0.2752 0.6490 -0.7093
vn 0.0052 0.6676 -0.7445
vn 0.1730 0.6753 -0.7169
vn 0.5939 0.3067 -0.7438
vn 0.5712 0.4160 -0.7076
vn 0.5385 -0.4050 -0.7389
vn 0.5951 -0.3845 -0.7057
vn -0.4372 0.5510 0.7109
vn 0.0010 -0.6860 -0.7276
vn 0.1594 -0.6904 -0.7057
vn -0.2728 -0.6566 -0.7032
vn -0.5726 0.4092 -0.7104
vn -0.0051 0.6676 -0.7445
vn 0.2751 0.6490 -0.7093
vn 0.5936 0.2988 -0.7472
vn 0.5253 -0.4524 0.7207
vn 0.4401 -0.5526 0.7078
vn -0.0010 -0.6860 -0.7276
vn -0.5936 0.2988 -0.7472
vn -0.2751 0.6490 -0.7093
vn 0.0051 0.6677 -0.7445
vn 0.5712 0.4160 -0.7075
vn 0.5951 -0.3846 -0.7057
vn 0.3721 -0.6257 -0.6855
vn -0.1864 -0.6779 -0.7112
vn 0.0608 -0.7676 -0.6381
vn -0.4544 -0.6324 -0.6274
vn -0.6360 -0.3583 -0.6835
vn -0.6773 -0.2741 -0.6827
vn -0.6760 0.1899 -0.7120
vn -0.6749 0.0257 -0.7375
vn -0.6489 0.5981 -0.4703
vn -0.1880 0.7008 -0.6881
vn -0.1951 0.6100 -0.7680
vn 0.2404 0.8506 -0.4675
vn 0.5128 0.5122 -0.6889
vn 0.5214 0.3927 -0.7576
vn 0.8633 0.1713 -0.4748
vn 0.6757 -0.1774 -0.7156
vn 0.5982 -0.3740 -0.7087
vn 0.4150 -0.5927 -0.6903
vn -0.5406 -0.8413 -0.0000
vn -0.0000 -1.0000 -0.0000
vn 0.5406 -0.8413 -0.0000
vn 0.9096 -0.4154 -0.0000
vn 0.9898 0.1423 -0.0000
vn 0.7558 0.6549 -0.0000
vn 0.7557 0.6549 -0.0000
vn 0.2817 0.9595 -0.0000
vn -0.2817 0.9595 -0.0000
vn -0.7557 0.6549 -0.0000
vn -0.7558 0.6549 -0.0000
vn -0.9898 0.1423 -0.0000
vn -0.9096 -0.4154 -0.0000
vn -0.0608 -0.7676 -0.6381
vn 0.1917 -0.6817 -0.7061
vn -0.3721 -0.6257 -0.6855
vn -0.4150 -0.5927 -0.6903
vn -0.6757 -0.1774 -0.7156
vn -0.5982 -0.3741 -0.7087
vn -0.8633 0.1713 -0.4748
vn -0.5219 0.5000 -0.6911
vn -0.5214 0.3927 -0.7576
vn -0.2404 0.8506 -0.4675
vn 0.1880 0.7008 -0.6881
vn 0.1951 0.6100 -0.7680
vn 0.6489 0.5981 -0.4703
vn 0.6760 0.1899 -0.7120
vn 0.6749 0.0257 -0.7375
vn 0.6773 -0.2741 -0.6827
vn 0.6360 -0.3583 -0.6835
vn 0.4544 -0.6324 -0.6274
vn 0.9783 0.2072 -0.0062
vn 0.7580 0.6522 0.0049
vn 0.5114 0.8593 -0.0066
vn 0.2754 0.9613 0.0004
vn -0.2788 0.9603 -0.0047
vn -0.2437 0.9698 -0.0000
vn 0.9325 -0.0000 -0.3612
vn 1.0000 -0.0000 -0.0000
vn 0.9325 -0.0000 0.3612
vn 0.7390 -0.0000 0.6737
vn 0.4457 -0.0000 0.8952
vn 0.0923 -0.0000 0.9957
vn -0.2737 -0.0000 0.9618
vn -0.6026 -0.0000 0.7980
vn -0.8502 -0.0000 0.5264
vn -0.9830 -0.0000 0.1837
vn -0.9830 -0.0000 0.1838
vn -0.9830 -0.0000 -0.1838
vn -0.9830 -0.0000 -0.1837
vn -0.8502 -0.0000 -0.5264
vn -0.6026 -0.0000 -0.7980
vn -0.2737 -0.0000 -0.9618
vn 0.0923 -0.0000 -0.9957
vn 0.4457 -0.0000 -0.8952
vn 0.7390 -0.0000 -0.6737
vn -0.2631 -0.4214 0.8679
vn -0.1427 -0.8929 0.4271
vn 0.1996 -0.3576 0.9123
vn 0.1259 -0.9323 0.3391
vn -0.2329 -0.4809 -0.8453
vn -0.1254 0.5174 -0.8465
vn 0.0799 0.3833 -0.9202
vn 0.4829 -0.2295 -0.8451
vn -0.3675 0.0635 -0.9279
vn 0.7012 -0.5318 -0.4748
vn 0.0555 -0.0008 -0.9985
vn 0.8370 -0.2713 -0.4752
vn 0.0557 -0.0236 -0.9982
vn 0.5340 0.0527 -0.8438
vn 0.4315 0.1801 -0.8840
vn 0.0562 0.0135 -0.9983
vn 0.0278 0.0565 -0.9980
vn 0.6548 0.5912 -0.4708
vn 0.0071 0.0612 -0.9981
vn 0.4148 0.7786 -0.4708
vn -0.0141 0.0599 -0.9981
vn 0.1254 0.8733 -0.4708
vn -0.0337 0.0516 -0.9981
vn -0.1789 0.8639 -0.4708
vn -0.0492 0.0370 -0.9981
vn -0.4502 0.7538 -0.4786
vn -0.0225 0.0231 -0.9995
vn -0.1383 0.2511 -0.9580
vn 0.1997 0.4784 -0.8551
vn -0.0565 -0.3669 -0.9286
vn 0.5318 0.7012 -0.4748
vn 0.0008 0.0555 -0.9985
vn 0.2659 0.8412 -0.4708
vn -0.0248 0.0564 -0.9981
vn -0.0359 0.8815 -0.4708
vn -0.0425 0.0446 -0.9981
vn -0.3334 0.8168 -0.4708
vn -0.0551 0.0275 -0.9981
vn -0.5912 0.6548 -0.4708
vn -0.0612 0.0071 -0.9981
vn -0.7735 0.4193 -0.4752
vn -0.0505 0.0333 -0.9982
vn -0.5347 0.0455 -0.8438
vn -0.4566 -0.0992 -0.8841
vn -0.0572 0.0027 -0.9984
vn -0.0377 -0.0505 -0.9980
vn -0.7538 -0.4502 -0.4786
vn -0.0231 -0.0225 -0.9995
vn -0.2505 -0.1300 -0.9593
vn -0.7191 -0.0640 -0.6919
vn -0.1332 -0.2021 -0.9703
vn 0.4728 0.4992 -0.7261
vn 0.4063 -0.9131 -0.0334
vn 0.1965 -0.6312 -0.7503
vn 0.5189 -0.8290 -0.2085
vn 0.2096 -0.9536 -0.2161
vn -0.1271 -0.9681 -0.2161
vn -0.4486 -0.8672 -0.2161
vn -0.7167 -0.6631 -0.2161
vn -0.8994 -0.3799 -0.2161
vn -0.9969 -0.0778 -0.0099
vn -0.4267 -0.0164 -0.9043
vn -0.9391 0.2716 -0.2105
vn -0.7899 0.5713 -0.2228
vn -0.8549 0.5074 -0.1084
vn 0.5074 0.8549 -0.1084
vn -0.1932 0.9239 -0.3302
vn -0.5905 0.7875 -0.1764
vn -0.8267 0.5594 0.0606
vn -0.9193 0.1436 -0.3663
vn 0.8314 0.5548 -0.0325
vn 0.5061 -0.0167 -0.8623
vn 0.1845 0.9340 -0.3059
vn 0.0701 0.5821 -0.8101
vn -0.4063 0.9131 -0.0334
vn -0.2800 0.6254 -0.7283
vn 0.9128 0.4071 -0.0328
vn 0.5461 0.2660 -0.7943
vn 0.8290 0.5189 -0.2085
vn 0.9536 0.2096 -0.2161
vn 0.9944 -0.1052 -0.0099
vn 0.4225 -0.0617 -0.9043
vn 0.8739 -0.4383 -0.2105
vn 0.6631 -0.7167 -0.2161
vn 0.3799 -0.8994 -0.2161
vn 0.0516 -0.9750 -0.2161
vn -0.2830 -0.9345 -0.2161
vn -0.5713 -0.7899 -0.2228
vn -0.5074 -0.8549 -0.1084
vn 0.3970 -0.3852 0.8331
vn 0.0493 -0.5741 0.8173
vn -0.4466 -0.4420 0.7779
vn 0.0239 -0.2571 0.9661
vn 0.0249 -0.9597 0.2798
vn -0.1424 -0.9666 0.2131
vn -0.0416 -0.2668 0.9629
vn -0.2037 -0.9393 0.2762
vn -0.3691 -0.9047 0.2127
vn -0.0863 -0.2223 0.9712
vn -0.4215 -0.8609 0.2850
vn -0.5730 -0.7871 0.2283
vn -0.1392 -0.1949 0.9709
vn -0.6150 -0.7349 0.2859
vn -0.7443 -0.6267 0.2310
vn -0.1768 -0.1605 0.9711
vn -0.7736 -0.5673 0.2824
vn -0.8773 -0.4337 0.2058
vn -0.5672 -0.2497 0.7848
vn -0.3255 -0.0751 0.9425
vn -0.7388 -0.1794 0.6496
vn -0.9090 -0.1339 0.3946
vn -0.2667 -0.0283 0.9634
vn -0.9611 -0.0279 0.2750
vn -0.9655 0.1423 0.2180
vn -0.2704 0.0426 0.9618
vn -0.9410 0.2030 0.2707
vn -0.9039 0.3688 0.2166
vn -0.2250 0.0879 0.9704
vn -0.8621 0.4212 0.2816
vn -0.7867 0.5728 0.2303
vn -0.1970 0.1410 0.9702
vn -0.7356 0.6149 0.2844
vn -0.6217 0.7264 0.2931
vn -0.1994 0.2335 0.9517
vn -0.5260 0.7515 0.3982
vn -0.1477 0.2315 0.9616
vn -0.4714 0.8386 0.2729
vn -0.3230 0.9224 0.2118
vn -0.0871 0.2627 0.9609
vn -0.2568 0.9269 0.2738
vn -0.0929 0.9726 0.2130
vn -0.0274 0.2665 0.9634
vn -0.0272 0.9599 0.2791
vn 0.1429 0.9658 0.2163
vn 0.0429 0.2707 0.9617
vn 0.2036 0.9394 0.2759
vn 0.3695 0.9041 0.2145
vn 0.0881 0.2249 0.9704
vn 0.4214 0.8602 0.2871
vn 0.5736 0.7868 0.2278
vn 0.1408 0.1965 0.9703
vn 0.6146 0.7335 0.2903
vn 0.7270 0.6216 0.2918
vn 0.2331 0.2006 0.9515
vn 0.7523 0.5236 0.3999
vn 0.2307 0.1471 0.9618
vn 0.8376 0.4695 0.2792
vn 0.9232 0.3228 0.2086
vn 0.2623 0.0869 0.9611
vn 0.9255 0.2552 0.2798
vn 0.9555 0.0991 0.2780
vn 0.3306 0.0360 0.9431
vn 0.9189 0.0046 0.3945
vn 0.6516 -0.0341 0.7578
vn 0.2074 -0.0864 0.9744
vn 0.6980 -0.2595 0.6674
vn 0.8703 -0.4164 0.2628
vn 0.7873 -0.5738 0.2258
vn 0.1945 -0.1390 0.9710
vn 0.7325 -0.6147 0.2926
vn 0.6219 -0.7267 0.2918
vn 0.1993 -0.2314 0.9522
vn 0.5228 -0.7515 0.4024
vn 0.1459 -0.2277 0.9628
vn 0.4692 -0.8379 0.2788
vn 0.3236 -0.9232 0.2074
vn 0.0758 -0.2507 0.9651
vn 0.2553 -0.9263 0.2771
vn 0.0953 -0.9731 0.2097
vn 0.1127 -0.9927 0.0426
vn 0.1244 -0.7945 0.5944
vn 0.0003 -0.9992 0.0394
vn -0.0404 -0.7463 0.6644
vn -0.1229 -0.9916 0.0397
vn -0.1612 -0.7206 0.6744
vn -0.2430 -0.9691 0.0424
vn -0.2518 -0.6931 0.6754
vn -0.3603 -0.9319 0.0424
vn -0.3331 -0.6569 0.6764
vn -0.4722 -0.8805 0.0423
vn -0.3846 -0.6360 0.6690
vn -0.5770 -0.8157 0.0422
vn -0.4855 -0.5544 0.6760
vn -0.6729 -0.7385 0.0422
vn -0.5286 -0.5224 0.6691
vn -0.7587 -0.6501 0.0422
vn -0.6074 -0.4176 0.6757
vn -0.8329 -0.5518 0.0420
vn -0.6402 -0.3769 0.6694
vn -0.8937 -0.4466 0.0433
vn -0.6878 -0.2543 0.6799
vn -0.9413 -0.2734 0.1983
vn -0.7110 -0.2066 0.6722
vn -0.9816 -0.1353 0.1349
vn -0.7406 -0.0765 0.6676
vn -0.9949 -0.0936 0.0382
vn -0.7486 -0.0287 0.6624
vn -0.9988 0.0308 0.0387
vn -0.7314 0.0954 0.6753
vn -0.9874 0.1524 0.0416
vn -0.7138 0.1837 0.6758
vn -0.9612 0.2727 0.0416
vn -0.7035 0.2391 0.6693
vn -0.9204 0.3889 0.0416
vn -0.6462 0.3536 0.6763
vn -0.8655 0.4992 0.0416
vn -0.6235 0.4041 0.6692
vn -0.7975 0.6018 0.0416
vn -0.5391 0.5022 0.6761
vn -0.7174 0.6954 0.0416
vn -0.5055 0.5445 0.6693
vn -0.6264 0.7784 0.0416
vn -0.3995 0.6203 0.6750
vn -0.5259 0.8495 0.0415
vn -0.3188 0.6650 0.6754
vn -0.4174 0.9078 0.0415
vn -0.2353 0.6987 0.6756
vn -0.3025 0.9522 0.0414
vn -0.1457 0.7230 0.6753
vn -0.1831 0.9822 0.0413
vn -0.0562 0.7349 0.6758
vn -0.0618 0.9973 0.0385
vn -0.0056 0.7473 0.6644
vn 0.0616 0.9974 0.0385
vn 0.1052 0.7274 0.6781
vn 0.1828 0.9823 0.0413
vn 0.1731 0.7221 0.6698
vn 0.3022 0.9523 0.0414
vn 0.2913 0.6765 0.6764
vn 0.4171 0.9079 0.0415
vn 0.3448 0.6580 0.6694
vn 0.5256 0.8497 0.0415
vn 0.4493 0.5838 0.6763
vn 0.6262 0.7786 0.0416
vn 0.4956 0.5535 0.6693
vn 0.7172 0.6956 0.0416
vn 0.5796 0.4550 0.6760
vn 0.7974 0.6021 0.0416
vn 0.6161 0.4153 0.6693
vn 0.8654 0.4994 0.0416
vn 0.6742 0.2981 0.6757
vn 0.9202 0.3891 0.0416
vn 0.6989 0.2517 0.6694
vn 0.9611 0.2730 0.0416
vn 0.7277 0.1233 0.6748
vn 0.9874 0.1527 0.0415
vn 0.7379 0.0340 0.6741
vn 0.9988 0.0297 0.0381
vn 0.7531 -0.0193 0.6577
vn 0.9695 -0.1826 0.1633
vn 0.7220 -0.1300 0.6795
vn 0.9379 -0.2918 0.1874
vn 0.7174 -0.1891 0.6705
vn 0.8956 -0.4034 0.1875
vn 0.6652 -0.3026 0.6827
vn 0.8928 -0.4483 0.0435
vn 0.6470 -0.3653 0.6693
vn 0.8331 -0.5516 0.0420
vn 0.5699 -0.4672 0.6760
vn 0.7589 -0.6499 0.0421
vn 0.5379 -0.5128 0.6691
vn 0.6732 -0.7383 0.0422
vn 0.4371 -0.5936 0.6758
vn 0.5772 -0.8155 0.0422
vn 0.3959 -0.6289 0.6691
vn 0.4725 -0.8803 0.0423
vn 0.2776 -0.6836 0.6750
vn 0.3606 -0.9318 0.0423
vn 0.1906 -0.7127 0.6750
vn 0.2432 -0.9690 0.0423
vn 0.1414 -0.7292 0.6695
vn 0.0892 0.2869 0.9538
vn 0.0160 0.3889 0.9211
vn -0.1086 0.2568 0.9603
vn 0.0933 0.0897 0.9916
vn -0.3370 0.0672 0.9391
vn -0.3722 0.0324 0.9276
vn -0.3007 -0.1125 0.9471
vn -0.1429 -0.2188 0.9653
vn -0.1165 -0.3604 0.9255
vn 0.0296 -0.3235 0.9457
vn 0.3151 -0.1132 0.9423
vn 0.3590 -0.0536 0.9318
vn 0.3253 0.0650 0.9434
vn 0.0813 -0.0948 0.9922
vn 0.0565 -0.4119 0.9095
vn -0.0800 -0.0399 0.9960
vn -0.2260 -0.2700 0.9359
vn -0.2714 -0.1879 0.9439
vn -0.0955 0.0075 0.9954
vn -0.3141 -0.1163 0.9422
vn -0.0523 0.0433 0.9977
vn -0.2946 0.1452 0.9445
vn -0.0466 0.0748 0.9961
vn -0.2565 0.2179 0.9417
vn -0.1909 0.2753 0.9422
vn -0.0440 0.2296 0.9723
vn -0.1303 0.3121 0.9411
vn -0.0549 0.3807 0.9231
vn 0.1955 0.2702 0.9427
vn 0.2501 0.2255 0.9416
vn 0.0903 0.0297 0.9955
vn 0.3107 0.1363 0.9407
vn 0.3284 0.0672 0.9422
vn 0.0568 -0.0121 0.9983
vn 0.0648 -0.0400 0.9971
vn 0.2641 -0.2088 0.9416
vn 0.2072 -0.2570 0.9439
vn 0.0374 -0.0612 0.9974
vn 0.1267 -0.3177 0.9397
vn 0.0683 -0.3201 0.9449
vn 0.1126 0.0375 0.9929
vn -0.8877 -0.2752 0.3690
vn 0.1139 -0.0094 0.9935
vn -0.9418 -0.0026 0.3361
vn 0.0996 -0.0475 0.9939
vn -0.8742 0.3560 0.3302
vn 0.0672 -0.0837 0.9942
vn -0.6564 0.6824 0.3216
vn 0.0282 -0.0998 0.9946
vn -0.3722 0.8582 0.3535
vn -0.0119 -0.0997 0.9949
vn 0.0083 0.9495 0.3136
vn -0.0471 -0.0854 0.9952
vn 0.3437 0.8692 0.3554
vn 0.2261 -0.3838 0.8953
vn 0.6814 0.6688 0.2974
vn -0.2568 0.2106 0.9432
vn 0.8763 0.3393 0.3421
vn -0.1592 -0.0052 0.9872
vn 0.9558 -0.0253 0.2929
vn -0.1421 0.0553 0.9883
vn 0.8577 -0.3827 0.3434
vn -0.1042 0.1023 0.9893
vn 0.6630 -0.6876 0.2961
vn -0.0529 0.1295 0.9902
vn 0.3329 -0.8772 0.3460
vn 0.0028 0.1340 0.9910
vn -0.0089 -0.9526 0.3040
vn 0.0536 0.1169 0.9917
vn -0.3868 -0.8537 0.3487
vn 0.0919 0.0824 0.9923
vn -0.6711 -0.6709 0.3157
vn -0.4310 0.0128 0.9023
vn -0.4675 -0.3507 0.8115
vn -0.0582 -0.5821 0.8111
vn 0.3893 -0.4322 0.8134
vn 0.5801 0.0001 0.8146
vn 0.3893 0.4324 0.8133
vn -0.0582 0.5822 0.8109
vn -0.2898 0.2911 0.9117
vn 0.0375 -0.1126 0.9929
vn -0.2752 0.8877 0.3690
vn -0.0094 -0.1139 0.9934
vn -0.0026 0.9418 0.3361
vn -0.0475 -0.0996 0.9939
vn 0.3560 0.8742 0.3302
vn -0.0837 -0.0672 0.9942
vn 0.6824 0.6564 0.3216
vn -0.0997 -0.0282 0.9946
vn 0.8582 0.3722 0.3535
vn -0.0997 0.0119 0.9949
vn 0.9495 -0.0083 0.3136
vn -0.0854 0.0471 0.9952
vn 0.8692 -0.3437 0.3554
vn -0.3838 -0.2262 0.8953
vn 0.6688 -0.6814 0.2974
vn 0.2106 0.2568 0.9432
vn 0.3393 -0.8763 0.3421
vn -0.0052 0.1592 0.9872
vn -0.0253 -0.9558 0.2929
vn 0.0553 0.1422 0.9883
vn -0.3827 -0.8577 0.3434
vn 0.1023 0.1042 0.9893
vn -0.6876 -0.6630 0.2961
vn 0.1295 0.0529 0.9902
vn -0.8772 -0.3329 0.3460
vn 0.1340 -0.0028 0.9910
vn -0.9526 0.0089 0.3040
vn 0.1169 -0.0536 0.9917
vn -0.8537 0.3868 0.3487
vn 0.0824 -0.0919 0.9923
vn -0.6709 0.6711 0.3157
vn 0.0128 0.4310 0.9023
vn -0.3507 0.4675 0.8115
vn -0.5821 0.0582 0.8111
vn -0.4322 -0.3893 0.8134
vn 0.0001 -0.5801 0.8146
vn 0.4324 -0.3893 0.8133
vn 0.5822 0.0582 0.8110
vn 0.2911 0.2898 0.9117
vn -0.1126 -0.0375 0.9929
vn 0.8877 0.2752 0.3690
vn -0.1139 0.0094 0.9935
vn 0.9418 0.0026 0.3361
vn -0.0996 0.0475 0.9939
vn 0.8742 -0.3560 0.3302
vn -0.0672 0.0837 0.9942
vn 0.6564 -0.6824 0.3216
vn -0.0282 0.0998 0.9946
vn 0.3722 -0.8582 0.3535
vn 0.0119 0.0997 0.9949
vn -0.0083 -0.9495 0.3136
vn 0.0471 0.0854 0.9952
vn -0.3437 -0.8692 0.3554
vn -0.2261 0.3838 0.8953
vn -0.6814 -0.6688 0.2974
vn 0.2568 -0.2106 0.9432
vn -0.8763 -0.3393 0.3421
vn 0.1592 0.0052 0.9872
vn -0.9558 0.0253 0.2929
vn 0.1421 -0.0553 0.9883
vn -0.8577 0.3827 0.3434
vn 0.1042 -0.1023 0.9893
vn -0.6630 0.6876 0.2961
vn 0.0529 -0.1295 0.9902
vn -0.3329 0.8772 0.3460
vn -0.0028 -0.1340 0.9910
vn 0.0089 0.9526 0.3040
vn -0.0536 -0.1169 0.9917
vn 0.3868 0.8537 0.3487
vn -0.0919 -0.0824 0.9923
vn 0.6711 0.6709 0.3156
vn 0.4310 -0.0128 0.9023
vn 0.4675 0.3507 0.8115
vn 0.0582 0.5821 0.8111
vn -0.3893 0.4322 0.8134
vn -0.5801 -0.0001 0.8146
vn -0.3893 -0.4324 0.8133
vn 0.0582 -0.5822 0.8109
vn 0.2898 -0.2911 0.9117
vn 0.9300 0.3606 0.0712
vn 0.9975 0.0003 0.0713
vn 0.9302 -0.3600 0.0714
vn 0.7374 -0.6717 0.0715
vn 0.4449 -0.8927 0.0715
vn 0.0924 -0.9932 0.0714
vn -0.2725 -0.9595 0.0712
vn -0.6007 -0.7963 0.0709
vn -0.8465 -0.5292 0.0581
vn -0.6143 -0.3984 0.6811
vn -0.9822 -0.1765 0.0639
vn -0.9804 0.1835 0.0713
vn -0.8480 0.5252 0.0712
vn -0.6011 0.7960 0.0710
vn -0.2731 0.9594 0.0710
vn 0.0919 0.9932 0.0710
vn 0.4444 0.8930 0.0710
vn 0.7370 0.6722 0.0711
vn 0.3606 -0.9300 0.0712
vn 0.0003 -0.9975 0.0713
vn -0.3600 -0.9302 0.0714
vn -0.6717 -0.7374 0.0714
vn -0.8927 -0.4449 0.0715
vn -0.9932 -0.0924 0.0714
vn -0.9595 0.2725 0.0712
vn -0.7963 0.6007 0.0709
vn -0.5292 0.8465 0.0581
vn -0.3983 0.6143 0.6811
vn -0.1765 0.9822 0.0639
vn 0.1835 0.9804 0.0713
vn 0.5252 0.8480 0.0712
vn 0.7960 0.6011 0.0710
vn 0.9594 0.2731 0.0710
vn 0.9932 -0.0919 0.0710
vn 0.8930 -0.4444 0.0710
vn 0.6722 -0.7370 0.0711
vn -0.9300 -0.3606 0.0712
vn -0.9975 -0.0003 0.0713
vn -0.9302 0.3600 0.0714
vn -0.7374 0.6717 0.0715
vn -0.4449 0.8927 0.0715
vn -0.0924 0.9932 0.0714
vn 0.2725 0.9595 0.0712
vn 0.6007 0.7963 0.0709
vn 0.8465 0.5292 0.0581
vn 0.6143 0.3984 0.6811
vn 0.9822 0.1765 0.0639
vn 0.9804 -0.1835 0.0713
vn 0.8480 -0.5252 0.0712
vn 0.6011 -0.7960 0.0710
vn 0.2731 -0.9594 0.0710
vn -0.0919 -0.9932 0.0710
vn -0.4444 -0.8930 0.0710
vn -0.7370 -0.6722 0.0711
vn -0.0375 0.1126 0.9929
vn 0.2752 -0.8877 0.3690
vn 0.0094 0.1139 0.9934
vn 0.0026 -0.9418 0.3361
vn 0.0475 0.0996 0.9939
vn -0.3560 -0.8742 0.3302
vn 0.0837 0.0672 0.9942
vn -0.6824 -0.6564 0.3216
vn 0.0997 0.0282 0.9946
vn -0.8582 -0.3722 0.3535
vn 0.0997 -0.0119 0.9949
vn -0.9495 0.0083 0.3136
vn 0.0854 -0.0471 0.9952
vn -0.8692 0.3437 0.3554
vn 0.3838 0.2262 0.8953
vn -0.6688 0.6814 0.2974
vn -0.2106 -0.2568 0.9432
vn -0.3393 0.8763 0.3421
vn 0.0052 -0.1592 0.9872
vn 0.0253 0.9558 0.2929
vn -0.0553 -0.1422 0.9883
vn 0.3827 0.8577 0.3434
vn -0.1023 -0.1042 0.9893
vn 0.6876 0.6630 0.2961
vn -0.1295 -0.0529 0.9902
vn 0.8772 0.3329 0.3460
vn -0.1340 0.0028 0.9910
vn 0.9526 -0.0089 0.3040
vn -0.1169 0.0536 0.9917
vn 0.8537 -0.3868 0.3487
vn -0.0824 0.0919 0.9923
vn 0.6709 -0.6711 0.3157
vn -0.0128 -0.4310 0.9023
vn 0.3507 -0.4675 0.8115
vn 0.5821 -0.0582 0.8111
vn 0.4322 0.3893 0.8134
vn -0.0001 0.5801 0.8146
vn -0.4324 0.3893 0.8133
vn -0.5822 -0.0582 0.8110
vn -0.2911 -0.2898 0.9117
vn -0.3606 0.9300 0.0712
vn -0.0003 0.9975 0.0713
vn 0.3600 0.9302 0.0714
vn 0.6717 0.7374 0.0714
vn 0.8927 0.4449 0.0715
vn 0.9932 0.0924 0.0714
vn 0.9595 -0.2725 0.0712
vn 0.7963 -0.6007 0.0709
vn 0.5292 -0.8465 0.0581
vn 0.3983 -0.6143 0.6811
vn 0.1765 -0.9822 0.0639
vn -0.1835 -0.9804 0.0713
vn -0.5252 -0.8480 0.0712
vn -0.7960 -0.6011 0.0710
vn -0.9594 -0.2731 0.0710
vn -0.9932 0.0919 0.0710
vn -0.8930 0.4444 0.0710
vn -0.6722 0.7370 0.0711
vn -0.2962 0.7604 0.5780
vn -0.4042 0.4967 0.7681
vn -0.0066 0.3910 0.9204
vn 0.1321 0.3093 0.9417
vn 0.0135 0.0431 0.9990
vn 0.6418 0.6506 0.4059
vn 0.7177 0.3725 0.5884
vn 0.7145 0.1707 0.6785
vn 0.9066 -0.1350 0.3998
vn 0.7142 -0.3791 0.5884
vn 0.5838 -0.6266 0.5162
vn 0.3817 -0.4097 0.8285
vn 0.2427 -0.7464 0.6197
vn -0.0237 -0.6384 0.7693
vn -0.2900 -0.7559 0.5869
vn -0.5518 -0.6551 0.5162
vn -0.5476 -0.6511 0.5255
vn -0.7108 -0.3305 0.6209
vn -0.9089 -0.0705 0.4110
vn -0.7842 0.1971 0.5884
vn -0.6483 0.3461 0.6782
vn -0.1838 0.9830 -0.0000
vn -0.0000 1.0000 -0.0000
vn 0.1838 0.9830 -0.0000
vn 0.3612 0.9325 -0.0000
vn 0.5264 0.8502 -0.0000
vn 0.6737 0.7390 -0.0000
vn 0.7980 0.6026 -0.0000
vn 0.8952 0.4457 -0.0000
vn 0.9618 0.2737 -0.0000
vn 0.9957 0.0923 -0.0000
vn 0.9957 -0.0923 -0.0000
vn 0.9618 -0.2737 -0.0000
vn 0.8952 -0.4457 -0.0000
vn 0.7980 -0.6026 -0.0000
vn 0.6737 -0.7390 -0.0000
vn 0.5264 -0.8502 -0.0000
vn 0.3612 -0.9325 -0.0000
vn 0.1838 -0.9830 -0.0000
vn -0.1838 -0.9830 -0.0000
vn -0.3612 -0.9325 -0.0000
vn -0.5264 -0.8502 -0.0000
vn -0.6737 -0.7390 -0.0000
vn -0.7980 -0.6026 -0.0000
vn -0.8952 -0.4457 -0.0000
vn -0.9618 -0.2737 -0.0000
vn -0.9957 -0.0923 -0.0000
vn -0.9957 0.0923 -0.0000
vn -0.9618 0.2737 -0.0000
vn -0.8952 0.4457 -0.0000
vn -0.7980 0.6026 -0.0000
vn -0.6737 0.7390 -0.0000
vn -0.5264 0.8502 -0.0000
vn -0.3612 0.9325 -0.0000
vn -0.1837 -0.9830 -0.0000
vn 0.1837 0.9830 -0.0000
vn 0.6351 -0.2624 0.7265
vn 0.2410 0.0102 -0.9705
vn 0.1281 0.0216 -0.9915
vn 0.4747 0.0195 -0.8799
vn 0.7112 0.0002 -0.7030
vn 0.8447 0.0295 -0.5344
vn 0.8290 -0.1850 -0.5278
vn 0.9993 0.0362 -0.0000
vn 0.8137 0.2180 -0.5388
vn 0.8268 -0.1881 -0.5301
vn 0.7535 -0.0018 -0.6575
vn 0.9841 -0.0047 -0.1774
vn 0.8140 0.2146 -0.5397
vn 0.9841 -0.0047 0.1774
vn 0.8267 0.2012 0.5254
vn 0.8125 -0.2157 0.5416
vn 0.8294 0.1916 0.5248
vn 0.7535 0.0018 0.6575
vn 0.8210 -0.2080 0.5317
vn 0.8448 0.0295 0.5343
vn 0.7112 0.0001 0.7030
vn 0.4796 0.0156 0.8773
vn 0.2388 0.0059 0.9710
vn 0.1113 0.0286 0.9934
vn 0.6941 -0.0112 0.7198
vn 0.3421 0.0138 0.9396
vn 0.2255 0.0530 0.9728
vn 0.0218 0.0372 0.9991
vn 0.8703 0.0296 0.4916
vn 0.7064 -0.0093 0.7077
vn 0.5982 0.0003 0.8013
vn 0.2053 0.0606 0.9768
vn 0.3599 0.0143 0.9329
vn 0.0081 -0.0081 0.9999
vn 0.8703 0.0296 -0.4916
vn 0.7070 -0.0087 -0.7071
vn 0.5997 -0.0003 -0.8002
vn 0.2239 0.0554 -0.9730
vn 0.3534 0.0149 -0.9354
vn 0.0210 -0.0619 -0.9979
vn 0.6930 0.0138 -0.7208
vn 0.3492 -0.0122 -0.9370
vn 0.2080 -0.0604 -0.9763
vn 0.0163 -0.0124 -0.9998
vn -0.0486 0.0020 -0.9988
vn -0.1493 0.0860 -0.9850
vn -0.0329 -0.3172 -0.9478
vn 0.0031 0.0027 -1.0000
vn -0.3068 -0.3147 -0.8983
vn -0.0139 -0.0311 -0.9994
vn 0.0950 -0.1403 -0.9855
vn 0.0356 -0.0414 -0.9985
vn 0.1486 -0.0859 -0.9852
vn 0.0477 -0.0019 -0.9989
vn 0.3188 0.3014 -0.8986
vn -0.0022 -0.0018 -1.0000
vn 0.3070 0.3150 -0.8981
vn 0.0142 0.0320 -0.9994
vn -0.0949 0.1403 -0.9855
vn -0.0359 0.0414 -0.9985
vn -0.0542 0.0542 -0.9971
vn -0.2697 -0.2697 -0.9244
vn 0.0542 -0.0542 -0.9971
vn 0.2697 0.2697 -0.9244
vn 0.0486 -0.0020 -0.9988
vn 0.1493 -0.0860 -0.9850
vn 0.0329 0.3172 -0.9478
vn -0.0031 -0.0027 -1.0000
vn 0.3068 0.3147 -0.8983
vn 0.0139 0.0311 -0.9994
vn -0.0950 0.1403 -0.9855
vn -0.0356 0.0414 -0.9985
vn -0.1486 0.0859 -0.9852
vn -0.0477 0.0019 -0.9989
vn -0.3188 -0.3014 -0.8986
vn 0.0022 0.0018 -1.0000
vn -0.3070 -0.3150 -0.8981
vn -0.0142 -0.0320 -0.9994
vn 0.0949 -0.1403 -0.9855
vn 0.0359 -0.0414 -0.9985
vn 0.0150 0.0094 -0.9998
vn -0.0150 -0.0032 -0.9999
vn -0.0161 0.0185 -0.9997
vn -0.2080 0.0604 -0.9763
vn -0.0136 -0.0116 -0.9998
vn -0.2046 0.0616 -0.9769
vn 0.0107 -0.0057 -0.9999
vn -0.0097 0.0042 -0.9999
vn -0.1118 0.0284 -0.9933
vn -0.2388 0.0057 -0.9711
vn -0.8294 0.1916 -0.5248
vn -0.9993 0.0361 -0.0000
vn -0.8210 -0.2080 -0.5317
vn -0.8447 0.0295 -0.5344
vn -0.7112 0.0001 -0.7030
vn -0.8125 -0.2157 -0.5416
vn -0.7535 0.0018 -0.6575
vn -0.6930 -0.0138 -0.7208
vn -0.3492 0.0122 -0.9370
vn -0.8267 0.2012 -0.5254
vn -0.9841 -0.0047 -0.1774
vn -0.9841 -0.0047 0.1774
vn -0.8140 0.2146 0.5397
vn -0.8268 -0.1881 0.5301
vn -0.8703 0.0296 -0.4916
vn -0.7064 -0.0093 -0.7077
vn -0.5982 0.0003 -0.8013
vn -0.3590 0.0146 -0.9332
vn -0.8703 0.0296 0.4916
vn -0.7070 -0.0087 0.7071
vn -0.5997 -0.0003 0.8002
vn -0.2232 0.0562 0.9732
vn -0.3528 0.0150 0.9356
vn -0.0269 -0.0356 0.9990
vn -0.8137 0.2180 0.5388
vn -0.7535 -0.0018 0.6575
vn -0.6940 0.0112 0.7198
vn -0.3421 -0.0138 0.9396
vn -0.2255 0.0465 0.9731
vn -0.0222 -0.0320 0.9992
vn -0.8290 -0.1850 0.5278
vn -0.8448 0.0295 0.5343
vn -0.7112 0.0001 0.7030
vn -0.4747 0.0198 0.8799
vn -0.2409 0.0107 0.9705
vn -0.1280 0.0221 0.9915
vn -0.4796 0.0154 -0.8773
vn -0.7217 -0.6665 -0.1868
vn -0.1050 -0.9945 0.0009
vn -0.5594 -0.8259 -0.0709
vn -0.1786 -0.9839 -0.0050
vn -0.0825 -0.9931 -0.0831
vn 0.0035 -1.0000 0.0008
vn 0.0537 -0.9573 -0.2841
vn -0.4366 -0.8690 -0.2329
vn 0.0740 -0.9898 -0.1216
vn 0.7291 -0.6357 -0.2536
vn 0.4500 -0.8928 -0.0209
vn 0.1377 -0.9802 -0.1424
vn -0.1559 -0.9856 -0.0652
vn 0.0195 0.3578 -0.9336
vn 0.0022 -0.8379 0.5459
vn -0.1351 0.5525 -0.8225
vn -0.0304 0.7323 -0.6803
vn 0.0053 0.9202 -0.3915
vn 0.1557 -0.3378 -0.9282
vn -0.5279 0.4010 -0.7487
vn -0.5461 -0.2660 -0.7944
vn -0.5658 0.0941 -0.8191
vn 0.2505 0.1300 -0.9593
vn 0.0231 0.0225 -0.9995
vn -0.4225 0.0617 -0.9043
vn 0.0377 0.0505 -0.9980
vn 0.5347 -0.0455 -0.8438
vn 0.0505 -0.0333 -0.9982
vn 0.2398 -0.3357 -0.9110
vn 0.2399 -0.1281 -0.9623
vn 0.3425 -0.0949 -0.9347
vn 0.7808 -0.1385 -0.6092
vn 0.5996 0.2518 -0.7597
vn -0.0000 -0.0000 -1.0000
vn 0.2038 0.2815 -0.9377
vn 0.1606 0.3327 -0.9293
vn 0.0208 0.0587 -0.9981
vn -0.4078 -0.0567 -0.9113
vn -0.3762 -0.2962 -0.8779
vn 0.2346 0.0491 -0.9708
vn -0.4518 0.0854 -0.8880
vn 0.1127 0.0006 -0.9936
vn 0.2204 -0.3312 -0.9175
vn -0.3820 0.5338 -0.7544
vn -0.2524 0.0042 -0.9676
vn -0.5037 0.0168 -0.8637
vn -0.7338 -0.0286 -0.6787
vn -0.4341 -0.4888 -0.7568
vn 0.1626 0.2578 -0.9524
vn 0.0338 0.1436 -0.9891
vn -0.1506 -0.6606 -0.7354
vn -0.4057 -0.4502 -0.7955
vn 0.0928 0.2105 -0.9732
vn -0.0002 0.0060 -1.0000
vn 0.0271 -0.7338 -0.6788
vn 0.1353 -0.5526 -0.8224
vn -0.1557 0.3378 -0.9282
vn 0.5279 -0.4010 -0.7487
vn 0.5658 -0.0941 -0.8191
vn 0.3656 -0.0046 -0.9307
vn -0.5996 -0.2518 -0.7597
vn -0.2038 -0.2815 -0.9377
vn -0.1606 -0.3327 -0.9293
vn -0.0208 -0.0587 -0.9981
vn 0.4078 0.0567 -0.9113
vn 0.3762 0.2962 -0.8779
vn -0.2346 -0.0491 -0.9708
vn 0.4518 -0.0854 -0.8880
vn -0.1127 -0.0006 -0.9936
vn -0.2204 0.3312 -0.9175
vn 0.3820 -0.5338 -0.7544
vn 0.2521 -0.0044 -0.9677
vn 0.7338 0.0286 -0.6787
vn 0.1440 -0.2456 -0.9586
vn 0.0225 -0.0231 -0.9995
vn 0.4267 0.0164 -0.9043
vn -0.0278 -0.0565 -0.9980
vn -0.5341 -0.0528 -0.8438
vn -0.0557 0.0236 -0.9982
vn -0.0000 -0.9996 0.0265
vn -0.0084 -0.8637 0.5039
vn -0.0002 -0.9996 0.0267
vn -0.0199 -0.7965 0.6044
vn -0.0003 -0.9996 0.0267
vn -0.0005 -0.9996 0.0265
vn -0.0030 -0.9997 0.0255
vn -0.1017 -0.7503 -0.6532
vn -0.0046 -0.9996 0.0262
vn 0.0001 -0.9997 0.0264
vn 0.0002 -0.9997 0.0263
vn 0.0001 -0.9997 0.0263
vn 0.0073 -0.7260 -0.6876
vn -0.0000 -0.9997 0.0262
vn -0.2725 -0.6865 -0.6742
vn -0.0000 -0.0001 -1.0000
vn -0.3993 -0.6189 -0.6764
vn -0.0003 0.0002 -1.0000
vn -0.0000 -0.0002 -1.0000
vn -0.0006 0.0003 -1.0000
vn 0.0007 0.0003 -1.0000
vn -0.0009 0.0003 -1.0000
vn -0.0014 0.0010 -1.0000
vn -0.0018 0.0005 -1.0000
vn -0.0016 -0.0003 -1.0000
vn -0.0008 -0.0010 -1.0000
vn -0.0013 -0.0005 -1.0000
vn -0.0011 -0.0011 -1.0000
vn -0.0006 -0.0013 -1.0000
vn -0.0000 -0.0012 -1.0000
vn 0.0004 -0.0011 -1.0000
vn 0.0003 -0.0010 -1.0000
vn 0.0006 -0.0008 -1.0000
vn 0.0004 -0.0021 -1.0000
vn 0.0004 -0.0004 -1.0000
vn 0.0005 -0.0006 -1.0000
vn -0.6202 -0.3983 -0.6758
vn -0.6873 -0.2701 -0.6743
vn -0.7344 -0.0991 -0.6715
vn -0.0018 0.0006 -1.0000
vn 0.0005 0.0002 -1.0000
vn -0.5230 -0.5258 -0.6709
vn 0.0001 0.0006 -1.0000
vn -0.0015 -0.0004 -1.0000
vn -0.5009 0.0890 -0.8609
vn 0.0003 -0.0009 -1.0000
vn -0.0015 -0.0012 -1.0000
vn -0.0002 -0.0011 -1.0000
vn -0.0008 -0.0015 -1.0000
vn -0.7235 0.1386 -0.6763
vn -0.6847 0.2733 -0.6757
vn -0.0001 -0.0000 -1.0000
vn -0.6203 0.3988 -0.6754
vn 0.0003 0.0004 -1.0000
vn 0.0005 -0.0002 -1.0000
vn 0.0005 0.0011 -1.0000
vn 0.0003 0.0013 -1.0000
vn 0.0010 0.0014 -1.0000
vn 0.0005 0.0018 -1.0000
vn -0.0003 0.0016 -1.0000
vn -0.0010 0.0008 -1.0000
vn -0.0005 0.0013 -1.0000
vn -0.0011 0.0011 -1.0000
vn -0.0013 0.0006 -1.0000
vn -0.0012 -0.0000 -1.0000
vn -0.0006 -0.0004 -1.0000
vn -0.0010 -0.0003 -1.0000
vn -0.0008 -0.0006 -1.0000
vn -0.0011 -0.0001 -1.0000
vn -0.0002 0.0001 -1.0000
vn -0.0000 0.0004 -1.0000
vn -0.0005 -0.0003 -1.0000
vn -0.3986 0.6203 -0.6755
vn -0.2719 0.6860 -0.6749
vn -0.1383 0.7237 -0.6761
vn 0.0031 0.7260 -0.6877
vn 0.1409 0.7241 -0.6751
vn 0.2761 0.6839 -0.6753
vn -0.0000 0.0001 -1.0000
vn 0.3993 0.6189 -0.6764
vn 0.0003 -0.0002 -1.0000
vn -0.0000 0.0002 -1.0000
vn 0.0006 -0.0003 -1.0000
vn -0.0007 -0.0003 -1.0000
vn 0.0009 -0.0003 -1.0000
vn 0.0014 -0.0010 -1.0000
vn 0.0018 -0.0005 -1.0000
vn 0.0016 0.0003 -1.0000
vn 0.0008 0.0010 -1.0000
vn 0.0013 0.0005 -1.0000
vn 0.0011 0.0011 -1.0000
vn 0.0006 0.0013 -1.0000
vn -0.0000 0.0012 -1.0000
vn -0.0004 0.0011 -1.0000
vn -0.0003 0.0010 -1.0000
vn -0.0006 0.0008 -1.0000
vn -0.0004 0.0021 -1.0000
vn -0.0004 0.0004 -1.0000
vn -0.0005 0.0006 -1.0000
vn 0.6202 0.3983 -0.6758
vn 0.6873 0.2701 -0.6743
vn 0.7347 0.0984 -0.6712
vn 0.0017 -0.0004 -1.0000
vn -0.0005 0.0002 -1.0000
vn 0.1451 0.0246 -0.9891
vn 0.0006 -0.0000 -1.0000
vn -0.5258 0.5228 -0.6710
vn 0.5230 0.5258 -0.6709
vn -0.0001 -0.0006 -1.0000
vn 0.7465 -0.0956 -0.6585
vn 0.0017 0.0006 -1.0000
vn -0.0004 0.0019 -1.0000
vn 0.0023 0.0025 -1.0000
vn 0.0017 0.0017 -1.0000
vn 0.0012 0.0023 -1.0000
vn 0.0022 0.0016 -1.0000
vn 0.6861 -0.2730 -0.6743
vn 0.0001 -0.0000 -1.0000
vn 0.6189 -0.3992 -0.6765
vn -0.0003 -0.0004 -1.0000
vn -0.0005 -0.0011 -1.0000
vn -0.0003 -0.0013 -1.0000
vn -0.0010 -0.0014 -1.0000
vn -0.0005 -0.0018 -1.0000
vn 0.0003 -0.0016 -1.0000
vn 0.0010 -0.0008 -1.0000
vn 0.0005 -0.0013 -1.0000
vn 0.0011 -0.0011 -1.0000
vn 0.0013 -0.0006 -1.0000
vn 0.0012 -0.0000 -1.0000
vn 0.0006 0.0004 -1.0000
vn 0.0010 0.0003 -1.0000
vn 0.0008 0.0006 -1.0000
vn 0.0011 0.0001 -1.0000
vn 0.0002 -0.0001 -1.0000
vn -0.0000 -0.0004 -1.0000
vn 0.0005 0.0003 -1.0000
vn 0.3986 -0.6203 -0.6755
vn 0.2719 -0.6860 -0.6749
vn 0.1383 -0.7237 -0.6761
vn -0.0005 -0.0000 -1.0000
vn 0.5254 -0.5230 -0.6711
vn 0.0025 0.0006 -1.0000
vn 0.0018 -0.0010 -1.0000
vn 0.0029 -0.0006 -1.0000
vn 0.0008 -0.0015 -1.0000
vn 0.0002 -0.0011 -1.0000
vn 0.0015 -0.0012 -1.0000
vn -0.0003 -0.0009 -1.0000
vn -0.0018 -0.0010 -1.0000
vn -0.0029 -0.0006 -1.0000
vn -0.0025 0.0006 -1.0000
vn -0.0017 0.0017 -1.0000
vn -0.0022 0.0016 -1.0000
vn -0.0012 0.0023 -1.0000
vn -0.0022 0.0025 -1.0000
vn 0.0004 0.0019 -1.0000
vn 0.0171 0.0241 0.9996
vn 0.3259 0.0270 0.9450
vn -0.0018 -0.0037 1.0000
vn 0.0219 -0.0000 0.9998
vn 0.0037 -0.0168 0.9999
vn 0.0007 -0.0065 1.0000
vn -0.3259 -0.0366 0.9447
vn -0.0000 -0.0000 1.0000
vn 0.0012 -0.0327 0.9995
vn 0.0025 0.0011 1.0000
vn 0.0283 0.1161 0.9928
vn -0.0851 0.3031 0.9491
vn -0.0000 0.0001 1.0000
vn -0.0000 0.0002 1.0000
vn -0.0001 0.0001 1.0000
vn -0.0031 -0.0097 0.9999
vn -0.0001 -0.0000 1.0000
vn -0.0005 -0.0000 1.0000
vn -0.0004 0.0002 1.0000
vn 0.0001 0.0005 1.0000
vn -0.0000 0.0007 1.0000
vn 0.0006 0.0002 1.0000
vn -0.0001 0.0007 1.0000
vn -0.0015 0.0021 1.0000
vn -0.0020 0.0019 1.0000
vn -0.0025 0.0067 1.0000
vn -0.0010 0.0054 1.0000
vn -0.0002 0.0022 1.0000
vn 0.0001 -0.0000 1.0000
vn -0.0006 -0.0027 1.0000
vn 0.0136 0.0020 0.9999
vn 0.0009 0.0094 1.0000
vn 0.6681 -0.0490 0.7425
vn 0.4903 -0.6026 0.6296
vn -0.0000 -0.0001 1.0000
vn 0.0001 0.0001 1.0000
vn -0.0019 -0.0046 1.0000
vn -0.0028 -0.0080 1.0000
vn -0.0081 -0.0050 1.0000
vn -0.0156 0.0049 0.9999
vn 0.0049 -0.1553 0.9879
vn -0.0042 -0.0164 0.9999
vn -0.0173 -0.0995 0.9949
vn -0.1261 -0.2611 0.9570
vn -0.0071 -0.0020 1.0000
vn -0.0102 0.0058 0.9999
vn -0.0071 -0.1207 0.9927
vn -0.0075 -0.0035 1.0000
vn -0.0058 0.0105 0.9999
vn -0.0142 -0.0063 0.9999
vn 0.0027 -0.0028 1.0000
vn 0.1235 0.0065 0.9923
vn 0.0026 0.0025 1.0000
vn -0.0001 0.0101 0.9999
vn -0.0073 -0.0141 0.9999
vn 0.0038 -0.0077 1.0000
vn 0.1120 -0.0506 0.9924
vn 0.4359 -0.4701 0.7674
vn -0.0289 0.6674 0.7442
vn 0.5428 0.5574 0.6282
vn 0.4258 -0.6544 0.6248
vn 0.0955 0.0176 0.9953
vn 0.2081 0.0101 0.9780
vn 0.0365 0.0627 0.9974
vn 0.0774 0.0914 0.9928
vn -0.2807 -0.5428 0.7916
vn 0.0408 -0.1562 0.9869
vn -0.7157 0.1455 0.6830
vn -0.7048 -0.3309 0.6275
vn 0.0070 -0.0965 0.9953
vn 0.0017 0.0020 1.0000
vn -0.0000 0.0044 1.0000
vn -0.0017 0.0020 1.0000
vn -0.0211 -0.0028 0.9998
vn 0.6833 -0.7247 -0.0891
vn 0.7412 -0.6633 -0.1026
vn 1.0000 -0.0000 0.0035
vn -0.7247 -0.6833 -0.0891
vn -0.6633 -0.7412 -0.1026
vn -0.0000 -1.0000 0.0035
vn -0.6833 0.7247 -0.0891
vn -0.7412 0.6633 -0.1026
vn -1.0000 -0.0000 0.0035
vn -0.0215 -0.0003 0.9998
vn -0.1722 -0.0522 0.9837
vn -0.2503 -0.0884 0.9641
vn -0.0076 -0.0089 0.9999
vn -0.0385 0.1058 0.9936
vn -0.6230 -0.5646 0.5414
vn -0.0428 -0.1175 0.9921
vn 0.0094 -0.0578 0.9983
vn 0.0286 -0.1128 0.9932
vn 0.0024 -0.0186 0.9998
vn 0.5636 -0.6258 0.5392
vn 0.1249 -0.0500 0.9909
vn 0.0541 0.0199 0.9983
vn 0.1102 0.0344 0.9933
vn 0.0205 0.0044 0.9998
vn 0.6231 0.5645 0.5413
vn 0.0538 0.1265 0.9905
vn -0.0230 0.0382 0.9990
vn 0.0003 -0.0215 0.9998
vn 0.0522 -0.1722 0.9837
vn 0.0884 -0.2503 0.9641
vn 0.0089 -0.0076 0.9999
vn -0.1058 -0.0385 0.9936
vn 0.5646 -0.6230 0.5414
vn 0.1175 -0.0428 0.9921
vn 0.0578 0.0094 0.9983
vn 0.1128 0.0286 0.9932
vn 0.0186 0.0024 0.9998
vn 0.6258 0.5636 0.5392
vn 0.0500 0.1249 0.9909
vn -0.0199 0.0540 0.9983
vn -0.0344 0.1102 0.9933
vn -0.0044 0.0205 0.9998
vn -0.5645 0.6231 0.5413
vn -0.1265 0.0538 0.9905
vn -0.0382 -0.0230 0.9990
vn 0.0215 0.0003 0.9998
vn 0.1722 0.0522 0.9837
vn 0.2503 0.0884 0.9641
vn 0.0076 0.0089 0.9999
vn 0.0385 -0.1058 0.9936
vn 0.6230 0.5646 0.5414
vn 0.0428 0.1175 0.9921
vn -0.0094 0.0578 0.9983
vn -0.0286 0.1128 0.9932
vn -0.0024 0.0186 0.9998
vn -0.5636 0.6258 0.5392
vn -0.1249 0.0500 0.9909
vn -0.0541 -0.0199 0.9983
vn -0.1102 -0.0344 0.9933
vn -0.0205 -0.0044 0.9998
vn -0.6231 -0.5645 0.5413
vn -0.0538 -0.1265 0.9905
vn 0.0230 -0.0382 0.9990
vn 0.1265 -0.0538 0.9905
vn 0.1058 0.0385 0.9936
vn 0.1208 0.0518 0.9913
vn 0.0669 -0.1165 0.9909
vn 0.5645 -0.6231 0.5413
vn 0.7376 -0.6683 -0.0967
vn -0.0003 0.0215 0.9998
vn -0.0522 0.1722 0.9837
vn -0.0884 0.2503 0.9641
vn -0.0089 0.0076 0.9999
vn -0.5646 0.6230 0.5414
vn -0.1175 0.0428 0.9921
vn -0.0578 -0.0094 0.9983
vn -0.1128 -0.0286 0.9932
vn -0.0186 -0.0024 0.9998
vn -0.6258 -0.5636 0.5392
vn -0.0500 -0.1249 0.9909
vn 0.0199 -0.0540 0.9983
vn 0.0344 -0.1102 0.9933
vn 0.0044 -0.0205 0.9998
vn 0.0382 0.0230 0.9990
vn -0.0000 0.9997 0.0262
vn 0.0025 0.9996 0.0266
vn 0.0244 0.8824 0.4699
vn -0.0004 0.9997 0.0263
vn -0.0144 0.8128 0.5824
vn -0.0000 0.9996 0.0267
vn -0.0003 0.9996 0.0265
vn 0.0010 0.9996 0.0266
vn 0.0007 0.9996 0.0268
vn 0.0002 0.9996 0.0271
vn -0.0007 0.9997 0.0263
vn -0.8202 -0.0096 0.5720
vn -0.9997 0.0028 0.0260
vn -0.9027 -0.0107 0.4302
vn 0.8573 0.0363 0.5136
vn 0.8021 -0.0433 0.5957
vn -0.2008 0.8836 0.4230
vn -0.9280 0.1390 0.3456
vn -0.8548 0.3451 0.3875
vn -0.6132 0.6537 0.4434
vn -0.3207 0.8418 0.4343
vn -0.5089 0.7245 0.4649
vn -0.7533 0.4821 0.4474
vn -0.8828 -0.1946 0.4276
vn -0.5699 -0.7126 0.4091
vn -0.6406 -0.6594 0.3936
vn -0.3549 -0.8230 0.4434
vn -0.1835 -0.9033 0.3877
vn -0.8413 -0.3181 0.4370
vn -0.7384 -0.5059 0.4459
vn 0.8828 0.1946 0.4276
vn 0.5699 0.7126 0.4091
vn 0.6406 0.6594 0.3936
vn 0.3549 0.8230 0.4434
vn 0.1831 0.9037 0.3871
vn 0.8413 0.3181 0.4370
vn 0.7384 0.5059 0.4459
vn 0.1943 -0.8829 0.4275
vn 0.7126 -0.5699 0.4091
vn 0.6594 -0.6406 0.3936
vn 0.8231 -0.3549 0.4434
vn 0.9035 -0.1837 0.3872
vn 0.3181 -0.8412 0.4372
vn 0.5059 -0.7384 0.4459
vn 0.4819 0.1433 0.8644
vn 0.2817 -0.1113 0.9530
vn 0.0023 -0.0013 1.0000
vn 0.0010 0.0017 1.0000
vn -0.0017 0.0036 1.0000
vn 0.0033 0.0055 1.0000
vn 0.0035 0.0006 1.0000
vn 0.5025 0.1710 0.8475
vn 0.0049 0.0014 1.0000
vn 0.0044 0.0036 1.0000
vn 0.3357 0.3412 0.8780
vn 0.0032 0.0046 1.0000
vn 0.2609 0.5295 0.8072
vn 0.0008 0.0053 1.0000
vn 0.0007 0.0027 1.0000
vn -0.0285 0.4120 0.9107
vn -0.0012 0.0016 1.0000
vn 0.0023 0.0001 1.0000
vn 0.0032 -0.0010 1.0000
vn 0.0064 0.0044 1.0000
vn 0.0227 0.0080 0.9997
vn 0.0114 0.0139 0.9998
vn 0.0131 0.0647 0.9978
vn -0.1298 0.3695 0.9201
vn 0.0013 0.0022 1.0000
vn -0.0017 0.0010 1.0000
vn -0.0036 -0.0017 1.0000
vn -0.0055 0.0033 1.0000
vn -0.0006 0.0035 1.0000
vn -0.2815 0.5177 0.8079
vn -0.0014 0.0049 1.0000
vn -0.0034 0.0043 1.0000
vn -0.4377 0.2591 0.8610
vn -0.0049 0.0029 1.0000
vn -0.0052 0.0012 1.0000
vn -0.3918 0.0810 0.9165
vn -0.0029 0.0007 1.0000
vn -0.3238 -0.0108 0.9461
vn -0.0016 -0.0012 1.0000
vn -0.0001 0.0023 1.0000
vn 0.0010 0.0032 1.0000
vn -0.0044 0.0064 1.0000
vn -0.0080 0.0227 0.9997
vn -0.0139 0.0114 0.9998
vn -0.0647 0.0131 0.9978
vn -0.4482 -0.1600 0.8795
vn -0.0023 0.0013 1.0000
vn -0.0008 -0.0020 1.0000
vn 0.0015 -0.0034 1.0000
vn -0.0036 -0.0060 1.0000
vn -0.0035 -0.0006 1.0000
vn -0.5025 -0.1710 0.8475
vn -0.0049 -0.0014 1.0000
vn -0.0044 -0.0036 1.0000
vn -0.3357 -0.3412 0.8780
vn -0.0032 -0.0046 1.0000
vn -0.2609 -0.5295 0.8072
vn -0.0008 -0.0053 1.0000
vn -0.0007 -0.0027 1.0000
vn 0.0284 -0.4119 0.9108
vn 0.0012 -0.0016 1.0000
vn -0.0023 -0.0001 1.0000
vn -0.0032 0.0010 1.0000
vn -0.0064 -0.0044 1.0000
vn -0.0227 -0.0080 0.9997
vn -0.0114 -0.0139 0.9998
vn -0.0131 -0.0647 0.9978
vn 0.1434 -0.4821 0.8643
vn -0.0013 -0.0022 1.0000
vn 0.0017 -0.0010 1.0000
vn 0.0036 0.0017 1.0000
vn 0.0055 -0.0033 1.0000
vn 0.0006 -0.0035 1.0000
vn 0.1710 -0.5025 0.8475
vn 0.0014 -0.0049 1.0000
vn 0.0036 -0.0044 1.0000
vn 0.3412 -0.3357 0.8780
vn 0.0046 -0.0032 1.0000
vn 0.5295 -0.2609 0.8072
vn 0.0053 -0.0008 1.0000
vn 0.0027 -0.0007 1.0000
vn 0.0016 0.0012 1.0000
vn 0.0001 -0.0023 1.0000
vn -0.0010 -0.0032 1.0000
vn 0.0044 -0.0064 1.0000
vn 0.0080 -0.0227 0.9997
vn 0.0139 -0.0114 0.9998
vn 0.0647 -0.0131 0.9978
vn 0.0029 0.0604 0.9982
vn -0.0000 -0.0011 1.0000
vn -0.0001 -0.0001 1.0000
vn 0.6442 0.5407 0.5410
vn 0.9760 -0.1101 -0.1880
vn 0.9541 0.2681 0.1336
vn 0.7415 0.6693 -0.0467
vn 0.5714 0.8189 0.0551
vn -0.0583 0.9932 0.1010
vn 0.2717 0.9519 -0.1415
vn -0.4810 0.8457 -0.2311
vn -0.6960 0.7144 0.0718
vn -0.7419 0.6705 0.0087
vn -0.7414 0.6710 -0.0000
vn -0.0276 0.9995 0.0150
vn 0.7791 0.2954 0.5529
vn 0.9351 0.3544 -0.0000
vn 0.7555 -0.6552 -0.0000
vn 0.4449 -0.3859 0.8082
vn 0.6874 -0.7199 -0.0962
vn 0.1156 -0.9822 0.1481
vn -0.0924 -0.9957 0.0096
vn -0.1299 -0.9915 -0.0046
vn -0.1294 -0.9916 -0.0000
vn 0.6287 -0.2660 0.7307
vn -0.6552 -0.7555 -0.0000
vn -0.5610 0.3665 0.7423
vn 0.0102 -0.0035 0.9999
vn 0.0025 -0.0155 0.9999
vn -0.0182 0.0080 0.9998
vn -0.0216 -0.0063 0.9997
vn -0.9996 0.0117 -0.0263
vn -0.7858 -0.1129 0.6081
vn -0.8482 0.5296 0.0051
vn 0.0443 0.2377 0.9703
vn 0.4252 0.5623 0.7092
vn 0.6552 0.7555 -0.0000
vn 0.7473 -0.6645 -0.0000
vn 0.6027 -0.7979 0.0045
vn 0.7470 -0.6648 -0.0033
vn 0.5335 -0.8457 -0.0134
vn -0.1748 -0.7693 0.6145
vn -0.4381 -0.8966 0.0647
vn -0.4141 0.9101 0.0181
vn -0.3153 0.9450 -0.0866
vn -0.9676 0.2524 0.0007
vn -0.9676 0.2524 -0.0000
vn 0.7185 -0.6955 -0.0030
vn 0.9807 -0.1952 -0.0069
vn 0.9818 -0.1896 0.0126
vn 0.9510 0.3092 0.0014
vn 0.8845 0.4663 -0.0167
vn 0.4506 0.8921 0.0332
vn 0.2139 0.9765 -0.0250
vn 0.5081 -0.8613 -0.0000
vn 0.4994 -0.4676 0.7293
vn -0.8613 -0.5080 -0.0000
vn 0.0026 -0.0085 1.0000
vn -0.0048 -0.0097 0.9999
vn -0.0022 -0.0191 0.9998
vn 0.2996 0.1430 0.9433
vn 0.0466 -0.0105 0.9989
vn 0.0917 -0.0124 0.9957
vn 0.1563 -0.7381 0.6564
vn -0.4220 -0.6749 0.6054
vn 0.2528 -0.9675 -0.0073
vn -0.7301 -0.6833 0.0104
vn -0.9996 -0.0283 0.0006
vn -0.9916 0.1289 -0.0128
vn -0.7029 0.7112 0.0122
vn -0.6485 0.7612 0.0014
vn -0.5214 0.8533 0.0038
vn -0.5209 0.8536 -0.0000
vn 0.8613 0.5080 -0.0000
vn 0.1817 -0.1126 0.9769
vn -0.2456 0.9694 -0.0000
vn 0.9694 0.2456 -0.0000
vn 0.5703 0.3709 0.7329
vn 0.2456 -0.9694 -0.0000
vn -0.9694 -0.2456 -0.0000
vn 0.2634 0.0988 0.9596
vn 0.0296 0.0480 0.9984
vn -0.0539 0.9985 -0.0000
vn -0.3031 0.2498 0.9196
vn -0.2283 0.6341 0.7388
vn 0.9985 0.0540 -0.0000
vn 0.0539 -0.9985 -0.0000
vn 0.2765 -0.2490 0.9282
vn 0.2058 -0.6418 0.7388
vn -0.9985 -0.0540 -0.0000
vn -0.1639 -0.9865 -0.0000
vn -0.0389 -0.9992 0.0067
vn -0.1635 -0.9865 0.0039
vn 0.0918 -0.9956 0.0188
vn 0.4904 -0.8714 0.0127
vn 0.6345 -0.7726 -0.0198
vn 0.8931 -0.4484 0.0368
vn 0.9610 -0.2719 -0.0504
vn 0.9993 0.0374 0.0093
vn 0.9902 0.1399 -0.0047
vn 0.8573 0.5147 0.0034
vn 0.7977 0.6029 -0.0121
vn 0.3794 0.9252 0.0056
vn 0.3464 0.9381 0.0088
vn 0.1884 0.9821 -0.0018
vn 0.1882 0.9821 -0.0000
vn -0.9840 0.1779 -0.0000
vn 0.0010 -0.0061 1.0000
vn 0.0466 0.0317 0.9984
vn 0.0427 0.0668 0.9969
vn -0.0118 0.0150 0.9998
vn -0.1189 0.5313 0.8388
vn -0.0067 -0.0052 1.0000
vn -0.4296 0.6892 0.5835
vn 0.1220 0.9866 -0.1080
vn 0.1830 0.0192 0.9829
vn 0.7010 -0.1180 0.7034
vn 0.9840 -0.1779 -0.0000
vn -0.1959 -0.9806 -0.0000
vn -0.3908 -0.9204 0.0124
vn -0.1964 -0.9805 -0.0035
vn -0.4616 -0.8871 0.0074
vn -0.6416 -0.4028 0.6528
vn -0.9010 -0.4329 0.0270
vn -0.7678 -0.0004 0.6407
vn -0.9933 0.1097 0.0373
vn -0.6551 0.3738 0.6566
vn -0.8717 0.4891 -0.0302
vn 0.4815 0.8765 -0.0000
vn 0.4814 0.8765 -0.0000
vn 0.9935 -0.1138 -0.0000
vn -0.4815 -0.8765 -0.0000
vn -0.9909 0.1343 -0.0000
vn -0.3775 -0.0566 0.9243
vn -0.3440 0.0368 0.9382
vn -0.4814 -0.8765 -0.0000
vn -0.2426 -0.7485 0.6171
vn -0.6456 0.7636 -0.0000
vn -0.0031 -0.0057 1.0000
vn -0.0091 -0.0001 1.0000
vn 0.0277 -0.0143 0.9995
vn -0.1598 0.2956 0.9419
vn -0.2245 -0.0504 0.9732
vn -0.4854 -0.8736 0.0357
vn -0.3850 -0.7192 0.5784
vn -0.3449 0.7265 0.5944
vn 0.1815 -0.0805 0.9801
vn 0.4634 -0.7019 0.5410
vn -0.2178 -0.9577 -0.1880
vn 0.1515 -0.9800 0.1287
vn 0.5828 -0.8113 -0.0467
vn 0.7503 -0.6588 0.0551
vn 0.9935 -0.0524 0.1010
vn 0.9158 -0.3758 -0.1415
vn 0.8988 0.3849 -0.2099
vn 0.7625 0.6430 0.0715
vn 0.7488 0.6628 0.0087
vn 0.7492 0.6623 -0.0000
vn 0.9973 -0.0667 0.0292
vn -0.7350 -0.6780 -0.0000
vn -0.0119 -0.3406 0.9401
vn -0.2441 -0.4691 0.8487
vn -0.7918 -0.6032 -0.0961
vn -0.9945 -0.0058 0.1049
vn -0.9710 0.2392 -0.0046
vn -0.9711 0.2387 -0.0000
vn -0.7351 -0.6780 -0.0000
vn -0.3363 -0.5940 0.7308
vn -0.6780 0.7350 -0.0000
vn -0.6780 0.7351 -0.0000
vn 0.4222 0.5235 0.7401
vn -0.0047 -0.0098 0.9999
vn -0.0157 -0.0008 0.9999
vn 0.0100 0.0172 0.9998
vn -0.0039 0.0222 0.9997
vn 0.0289 -0.0206 0.9994
vn 0.1226 0.9921 -0.0263
vn -0.0200 0.9997 -0.0137
vn 0.6206 0.7841 0.0051
vn 0.2313 -0.0705 0.9703
vn 0.5116 -0.4851 0.7092
vn 0.6780 -0.7350 -0.0000
vn -0.7434 -0.6689 -0.0000
vn -0.6873 -0.3283 0.6479
vn -0.7436 -0.6686 -0.0033
vn -0.8997 -0.4363 -0.0134
vn -0.7721 0.2717 0.5745
vn -0.8424 0.5350 0.0647
vn -0.0050 0.0455 0.9990
vn 0.0724 -0.0197 0.9972
vn 0.0610 0.0114 0.9981
vn 0.0458 -0.0000 0.9990
vn 0.4879 0.2649 0.8318
vn 0.6817 -0.1444 0.7173
vn -0.6004 -0.1174 0.7910
vn -0.5651 0.2454 0.7877
vn -0.1964 0.6476 0.7363
vn 0.1205 0.5147 0.8488
vn 0.2194 -0.1039 0.9701
vn 0.2212 -0.0826 0.9717
vn -0.2212 0.0316 0.9747
vn -0.2194 0.0530 0.9742
vn -0.2212 -0.0316 -0.9747
vn -0.2194 -0.0530 -0.9742
vn -0.6890 0.3156 -0.6525
vn -0.4776 -0.1805 -0.8598
vn -0.7813 -0.4634 -0.4181
vn -0.8772 0.4657 -0.1171
vn -0.8772 -0.4657 0.1171
vn -0.7813 0.4634 0.4181
vn -0.6890 -0.3156 0.6525
vn -0.4776 0.1806 0.8598
vn 0.2197 0.1544 -0.9633
vn 0.2194 0.1039 -0.9701
vn -0.1808 0.0599 0.9817
vn -0.2572 0.0139 0.9663
vn -0.6326 -0.0170 0.7743
vn -0.6330 -0.0203 0.7739
vn -0.8661 -0.0131 0.4997
vn -0.9848 -0.0045 0.1735
vn -0.9848 0.0045 -0.1735
vn -0.8661 0.0131 -0.4997
vn -0.6330 0.0203 -0.7739
vn -0.6326 0.0170 -0.7743
vn -0.1808 -0.0599 -0.9817
vn -0.2572 -0.0139 -0.9663
vn 0.1808 -0.1112 0.9772
vn 0.2572 -0.0644 0.9642
vn 0.1808 0.1112 -0.9772
vn 0.2553 0.1566 -0.9541
vn 0.6326 0.0235 -0.7741
vn 0.6330 0.0203 -0.7739
vn 0.8661 0.0131 -0.4997
vn 0.9848 0.0045 -0.1735
vn 0.9848 -0.0045 0.1735
vn 0.8661 -0.0131 0.4997
vn 0.6330 -0.0203 0.7739
vn 0.6326 -0.0235 0.7741
vn 0.6890 0.2810 0.6681
vn 0.4776 -0.2253 0.8492
vn 0.7813 -0.4847 0.3933
vn 0.8772 0.4589 0.1413
vn 0.8772 -0.4589 -0.1413
vn 0.7813 0.4847 -0.3933
vn 0.6890 -0.2810 -0.6681
vn 0.4776 0.2253 -0.8492
vn 0.0083 0.9984 0.0553
vn -0.0169 0.9899 0.1404
vn -0.2694 0.8386 0.4735
vn -0.0078 0.9317 0.3632
vn 0.0086 0.9998 0.0162
vn 0.0137 0.9991 0.0400
vn 0.0036 0.9997 0.0250
vn 0.5060 0.7514 -0.4235
vn 0.7564 0.6489 0.0820
vn -0.0001 0.9997 0.0262
vn 0.3009 0.9116 -0.2801
vn 0.0017 0.9997 0.0238
vn -0.0284 0.9563 0.2910
vn -0.0029 0.9996 0.0272
vn 0.0293 0.9884 0.1488
vn -0.3752 0.9003 0.2208
vn 0.1175 0.8863 0.4479
vn -0.0239 0.9992 -0.0325
vn 0.5228 0.7507 -0.4039
vn 0.8030 0.5918 0.0708
vn 0.0220 0.9910 0.1317
vn -0.0209 0.9689 -0.2465
vn -0.0000 0.9985 0.0543
vn 0.1133 0.9926 -0.0441
vn 0.0382 0.7988 -0.6003
vn 0.0856 0.9942 -0.0652
vn -0.0442 0.8787 0.4753
vn 0.0076 0.9998 0.0175
vn 0.5741 0.5644 0.5932
vn -0.2789 0.5894 0.7582
vn 0.0028 0.9996 0.0269
vn 0.1007 0.9742 0.2022
vn 0.0581 0.9980 -0.0255
vn 0.0362 0.9116 -0.4095
vn -0.0011 0.9465 0.3226
vn 0.5741 0.5649 0.5928
vn -0.0017 0.9401 0.3409
vn 0.0473 0.9355 -0.3502
vn -0.0357 0.9946 0.0977
vn 0.0786 0.8360 0.5431
vn -0.5796 0.7805 0.2343
vn 0.1789 0.9656 0.1885
vn 0.2353 0.9617 0.1402
vn 0.1394 0.7450 0.6523
vn 0.7083 0.7057 0.0185
vn 0.5746 0.5614 0.5956
vn 0.7018 -0.0386 0.7114
vn -0.0051 0.0262 -0.9996
vn -0.0074 0.0122 -0.9999
vn -0.0609 0.6744 -0.7359
vn -0.3866 0.0986 -0.9170
vn -0.9550 0.2324 -0.1843
vn -0.6299 0.5877 -0.5078
vn -0.0000 -0.0262 0.9997
vn -1.0000 -0.0000 -0.0000
vn 0.9759 0.1469 0.1617
vn 0.5968 -0.1756 0.7830
vn 0.8541 0.0568 0.5169
vn 0.9667 -0.2262 0.1198
vn 0.9669 0.1265 -0.2215
vn 0.8233 -0.1319 -0.5521
vn 0.3903 -0.0145 -0.9206
vn 0.2696 0.0083 -0.9629
vn 0.0242 0.0208 -0.9995
vn 0.0238 0.0262 -0.9994
vn 0.7654 0.0467 -0.6419
vn -0.5473 -0.0264 0.8365
vn -0.1098 -0.1315 0.9852
vn -0.6958 0.1308 0.7062
vn -0.8425 -0.0302 0.5378
vn -0.0121 -0.0216 0.9997
vn -0.0857 0.5757 0.8132
vn -0.5295 0.0787 0.8446
vn -0.8054 0.4889 0.3351
vn 0.3515 0.9289 0.1161
vn 0.0204 0.9993 0.0315
vn 0.2978 0.9491 0.1026
vn 0.0315 0.9993 0.0203
vn 0.2096 0.9777 -0.0134
vn 0.2495 0.9681 -0.0211
vn 0.7155 0.6984 0.0183
vn 0.5701 0.5604 0.6007
vn 0.6971 -0.0229 0.7166
vn -0.0370 0.0262 -0.9990
vn -0.0374 0.0235 -0.9990
vn -0.4129 0.5872 -0.6962
vn -0.4579 -0.0045 -0.8890
vn -0.5972 0.0241 0.8018
vn -0.3925 0.6035 0.6941
vn -0.7623 0.6470 -0.0191
vn -0.9829 -0.0387 -0.1802
vn -0.7053 0.0185 -0.7087
vn -0.7052 0.0192 -0.7087
vn 0.1157 0.0444 -0.9923
vn 0.2310 -0.0709 -0.9704
vn 0.2226 -0.0215 0.9747
vn 0.7170 -0.0889 0.6914
vn 0.7033 0.0444 0.7095
vn 0.9805 0.0141 0.1960
vn 0.9981 -0.0383 0.0475
vn 0.8550 0.0488 -0.5163
vn 0.7132 -0.0131 -0.7009
vn 0.2873 0.9544 0.0818
vn 0.0129 0.9982 0.0589
vn -0.0043 0.9992 0.0394
vn -0.0000 0.0262 -0.9997
vn 0.2379 0.7529 -0.6136
vn 0.6465 0.7373 -0.1960
vn 0.0426 0.9990 -0.0167
vn -0.5853 0.8093 0.0498
vn -0.3541 0.9351 -0.0129
vn 0.3379 0.9390 0.0638
vn -0.2790 0.9603 -0.0072
vn 0.0417 0.9941 0.1005
vn 0.3045 0.9524 0.0172
vn -0.0062 0.0262 -0.9996
vn -0.0091 0.0122 -0.9999
vn -0.0641 0.0012 -0.9979
vn -0.3059 0.1092 -0.9458
vn -0.8644 0.2611 -0.4298
vn -0.5207 0.5893 -0.6178
vn 0.0162 -0.0262 0.9995
vn 0.1593 -0.0203 0.9870
vn 0.0167 -0.0217 0.9996
vn 0.2577 -0.0229 0.9660
vn 0.6826 -0.0006 0.7308
vn 0.7939 -0.0505 0.6060
vn 0.9721 0.0478 0.2294
vn 0.9976 -0.0538 0.0425
vn 0.9348 0.0380 -0.3531
vn 0.8931 0.0239 -0.4492
vn 0.5568 0.0153 -0.8305
vn 0.3117 -0.0678 -0.9478
vn 0.0221 0.0127 -0.9997
vn 0.0205 0.0262 -0.9994
vn 0.1113 0.9782 0.1755
vn -0.2474 0.6027 0.7587
vn -0.3805 -0.0257 0.9244
vn -0.8869 -0.0067 0.4620
vn -0.8868 0.0004 0.4622
vn -0.8270 0.5554 -0.0877
vn -0.9861 0.1382 0.0924
vn 0.0022 0.9998 0.0193
vn 0.0402 0.9963 0.0757
vn -0.0029 0.9994 0.0357
vn 0.6319 0.6160 -0.4703
vn 0.3030 0.9435 -0.1342
vn -0.0273 0.9996 -0.0115
vn 0.0094 -0.0634 0.9979
vn 0.0038 0.5361 0.8441
vn -0.2205 0.9754 0.0057
vn -0.9479 0.0083 -0.3184
vn 0.9415 0.0088 -0.3369
vn -0.1320 0.6028 0.7869
vn -0.2525 0.8774 0.4079
vn -0.9476 -0.0084 0.3192
vn 0.0522 0.9505 0.3062
vn 0.2512 0.9509 0.1811
vn 0.0069 0.9995 0.0296
vn -0.0000 0.9995 0.0306
vn -0.6299 0.5878 -0.5078
vn 0.9693 0.1733 0.1743
vn 0.5967 -0.1767 0.7828
vn 0.8631 0.0677 0.5005
vn 0.9667 -0.2263 0.1198
vn 0.8233 -0.1319 -0.5520
vn 0.0242 0.0209 -0.9995
vn 0.5773 0.6727 -0.4628
vn 0.3701 0.9254 -0.0817
vn -0.5547 -0.0263 0.8316
vn -0.8426 -0.0302 0.5378
vn -0.0857 0.5756 0.8132
vn -0.8054 0.4890 0.3351
vn 0.3453 0.9315 0.1146
vn 0.0199 0.9993 0.0314
vn 0.2923 0.9509 0.1013
vn 0.2427 0.9699 -0.0209
vn 0.0297 0.9988 0.0386
vn 0.7247 0.6833 -0.0891
vn 0.6633 0.7412 -0.1026
vn -0.0000 1.0000 0.0035
vn -0.1224 -0.0735 0.9898
vn -0.0812 0.1045 0.9912
vn -0.7376 0.6683 -0.0967
vn -0.6650 -0.7397 -0.1029
vn -0.0000 -1.0000 0.0034
vn 0.9986 0.0185 -0.0488
vn 0.9997 0.0088 -0.0233
vn -1.0000 -0.0000 0.0039
vn -0.0913 0.2964 0.9507
vn 1.0000 -0.0000 0.0039
vn 0.0518 -0.1208 0.9913
vn -0.1165 -0.0669 0.9909
vn -0.6683 -0.7376 -0.0967
vn -0.1208 -0.0518 0.9913
vn -0.0669 0.1165 0.9909
vn -0.0518 0.1208 0.9913
vn 0.1165 0.0669 0.9909
vn 0.6683 0.7376 -0.0967
vn -0.2964 -0.0913 0.9507
vn -0.1045 -0.0812 0.9912
vn -0.0185 0.9986 -0.0489
vn -0.0088 0.9997 -0.0233
vn -0.0000 -1.0000 0.0039
vn -0.0000 1.0000 0.0039
vn 0.7397 -0.6650 -0.1029
vn 1.0000 -0.0000 0.0034
vn 0.0735 -0.1224 0.9898
vn 0.0913 -0.2964 0.9507
vn 0.0812 -0.1045 0.9912
vn -0.9986 -0.0185 -0.0488
vn -0.9997 -0.0088 -0.0233
vn 0.6650 0.7397 -0.1029
vn -0.0000 1.0000 0.0034
vn 0.1224 0.0735 0.9898
vn 0.2964 0.0913 0.9507
vn 0.1045 0.0812 0.9912
vn 0.0185 -0.9986 -0.0489
vn 0.0088 -0.9997 -0.0233
vn -0.7397 0.6650 -0.1029
vn -1.0000 -0.0000 0.0034
vn -0.0735 0.1224 0.9898
vn 0.9757 -0.0474 -0.2141
vn 1.0000 0.0008 -0.0088
vn -1.0000 0.0008 -0.0088
vn -0.9813 0.0475 -0.1868
vn 0.0008 0.0016 -1.0000
vn -0.0008 0.0017 -1.0000
vn 0.0004 0.0004 -1.0000
vn -0.0007 -0.0031 -1.0000
vn -0.0224 -0.0165 -0.9996
vn -0.0001 0.0009 -1.0000
vn -0.0001 0.0007 -1.0000
vn 0.0007 -0.0002 -1.0000
vn -0.0029 0.0137 -0.9999
vn -0.4805 0.2216 -0.8485
vn 0.3660 0.4415 -0.8192
vn 0.5037 0.1229 -0.8551
vn 0.0002 -0.0000 -1.0000
vn -0.0075 0.0108 -0.9999
vn -0.0097 -0.0007 -1.0000
vn -0.0564 -0.0137 -0.9983
vn -0.4315 -0.1801 -0.8840
vn 0.0003 -0.0003 -1.0000
vn 0.0001 0.0003 -1.0000
vn 0.0003 -0.0108 -0.9999
vn -0.5610 0.2128 -0.8000
vn -0.1800 0.4191 -0.8899
vn 0.4223 -0.2625 -0.8676
vn -0.0002 -0.0004 -1.0000
vn -0.2236 -0.3939 -0.8915
vn -0.7227 -0.2959 -0.6247
vn -0.1703 -0.2743 -0.9465
vn -0.0223 0.0312 -0.9993
vn 0.1224 -0.5422 -0.8313
vn 0.4349 -0.3682 -0.8218
vn -0.0065 0.0111 -0.9999
vn -0.0096 0.0009 -1.0000
vn -0.0111 0.0036 -0.9999
vn 0.0005 -0.0001 -1.0000
vn -0.0110 0.0038 -0.9999
vn -0.0013 -0.0049 -1.0000
vn -0.0001 -0.0005 -1.0000
vn 0.1016 0.7728 -0.6265
vn 0.0001 -0.0005 -1.0000
vn 0.0014 -0.0058 -1.0000
vn -0.0003 0.0001 -1.0000
vn -0.0002 -0.0001 -1.0000
vn 0.0075 -0.0108 -0.9999
vn 0.0096 0.0009 -1.0000
vn -0.0005 0.0003 -1.0000
vn 0.0002 -0.0004 -1.0000
vn 0.7191 0.0672 -0.6916
vn -0.0003 0.0108 -0.9999
vn -0.5037 -0.1229 -0.8551
vn 0.5610 -0.2128 -0.8000
vn 0.1800 -0.4191 -0.8899
vn -0.4223 0.2625 -0.8676
vn -0.0001 0.0002 -1.0000
vn 0.2236 0.3939 -0.8915
vn 0.7227 0.2958 -0.6247
vn 0.1703 0.2743 -0.9465
vn 0.5547 -0.0225 -0.8318
vn -0.0003 -0.0003 -1.0000
vn 0.0066 -0.0110 -0.9999
vn 0.0097 -0.0007 -1.0000
vn 0.0574 -0.0029 -0.9983
vn 0.4566 0.0992 -0.8841
vn -0.0002 -0.0000 -1.0000
vn 0.0111 -0.0036 -0.9999
vn -0.0008 -0.0000 -1.0000
vn 0.0109 -0.0037 -0.9999
vn 0.0020 0.0077 -1.0000
vn 0.0001 0.0009 -1.0000
vn 0.0001 0.0007 -1.0000
vn -0.0008 0.0007 -1.0000
vn -0.0003 -0.0001 -1.0000
vn 0.0015 -0.0021 -1.0000
vn 0.0007 0.0006 -1.0000
vn 0.0001 0.0002 -1.0000
vn -0.0002 -0.0002 -1.0000
vn 0.0003 -0.0001 -1.0000
vn 0.0001 -0.0003 -1.0000
vn -0.0000 -0.0006 -1.0000
vn 0.5703 -0.7564 -0.3204
vn 0.1190 -0.9914 -0.0536
vn 0.9262 -0.2104 -0.3128
vn 0.3246 -0.1868 -0.9272
vn 0.9088 -0.1586 -0.3859
vn 0.6656 -0.6670 -0.3349
vn 0.1932 -0.9239 -0.3302
vn 0.9302 0.3465 0.1210
vn 0.9589 0.2772 0.0597
vn 0.4851 0.8651 -0.1277
vn 0.5033 0.8641 0.0085
vn 0.4787 -0.8718 0.1042
vn 0.4370 -0.8705 -0.2263
vn 0.7420 -0.5704 -0.3522
vn 0.9236 -0.1858 -0.3353
vn 0.9831 0.1819 -0.0210
vn 0.7578 0.5541 -0.3444
vn 0.5081 0.8342 -0.2145
vn 0.9296 -0.2518 -0.2690
vn 0.9915 0.1190 -0.0535
vn 0.2716 -0.0644 -0.9603
vn 0.8549 -0.5074 -0.1084
vn -0.0554 0.0008 -0.9985
vn 0.7899 -0.5713 -0.2228
vn 0.9391 -0.2716 -0.2105
vn 0.9969 0.0778 -0.0099
vn 0.8994 0.3799 -0.2161
vn -0.0071 -0.0612 -0.9981
vn 0.7167 0.6631 -0.2161
vn 0.0141 -0.0599 -0.9981
vn 0.4486 0.8672 -0.2161
vn 0.0337 -0.0516 -0.9981
vn 0.1271 0.9681 -0.2161
vn 0.0492 -0.0371 -0.9981
vn -0.2096 0.9536 -0.2161
vn -0.5189 0.8290 -0.2085
vn 0.2078 0.3127 -0.9269
vn 0.1576 0.9066 -0.3915
vn 0.6558 0.6630 -0.3611
vn 0.9296 0.1924 -0.3143
vn 0.0050 0.9417 -0.3363
vn -0.1196 0.9913 -0.0544
vn 0.0053 0.9247 -0.3806
vn -0.5703 0.7564 -0.3204
vn -0.9128 -0.4071 -0.0328
vn -0.9262 0.2104 -0.3128
vn -0.0008 -0.0555 -0.9985
vn 0.5713 0.7899 -0.2228
vn 0.0248 -0.0564 -0.9981
vn 0.2830 0.9345 -0.2161
vn 0.0425 -0.0446 -0.9981
vn -0.0516 0.9750 -0.2161
vn 0.0551 -0.0275 -0.9981
vn -0.3799 0.8994 -0.2161
vn 0.0612 -0.0071 -0.9981
vn -0.6631 0.7167 -0.2161
vn -0.8739 0.4382 -0.2105
vn -0.9944 0.1052 -0.0099
vn -0.9536 -0.2096 -0.2161
vn -0.8290 -0.5189 -0.2085
vn -0.9948 0.0233 -0.0994
vn -0.9302 -0.3465 0.1210
vn -0.9589 -0.2772 0.0597
vn -0.4851 -0.8651 -0.1277
vn -0.5033 -0.8641 0.0085
vn -0.4787 0.8718 0.1042
vn -0.4370 0.8705 -0.2263
vn -0.7420 0.5704 -0.3522
vn -0.9236 0.1858 -0.3353
vn -0.9831 -0.1819 -0.0210
vn -0.7578 -0.5541 -0.3444
vn -0.5081 -0.8342 -0.2145
vn -0.9296 0.2518 -0.2690
vn -0.9915 -0.1190 -0.0535
vn -0.8314 -0.5548 -0.0325
vn -0.1302 -0.9365 -0.3255
vn -0.1845 -0.9340 -0.3059
vn -0.2027 -0.9752 -0.0888
vn -0.6558 -0.6630 -0.3611
vn -0.9296 -0.1924 -0.3143
vn -0.4993 0.6279 -0.5971
vn 0.4993 -0.6279 -0.5971
vn -0.6592 -0.5382 -0.5252
vn 0.6592 0.5382 -0.5252
vn 0.7793 -0.6231 0.0673
vn -0.6230 -0.7794 0.0672
vn -0.7793 0.6231 0.0673
vn 0.6230 0.7794 0.0672
vn 0.4502 -0.7538 -0.4786
vn 0.1789 -0.8639 -0.4708
vn -0.1254 -0.8733 -0.4708
vn -0.4148 -0.7786 -0.4708
vn -0.6548 -0.5912 -0.4708
vn -0.8370 0.2713 -0.4752
vn -0.7012 0.5318 -0.4748
vn -0.9814 0.1548 -0.1140
vn 0.0020 0.8139 0.5809
vn 0.0089 0.9940 -0.1090
vn 0.7538 0.4502 -0.4786
vn 0.7735 -0.4193 -0.4752
vn 0.5912 -0.6548 -0.4708
vn 0.3334 -0.8168 -0.4708
vn 0.0359 -0.8815 -0.4708
vn -0.2659 -0.8412 -0.4708
vn -0.5318 -0.7012 -0.4748
vn -0.1003 -0.9935 -0.0544
vn 0.0827 -0.9943 -0.0679
vn 0.1852 -0.0190 -0.9825
vn -0.2032 -0.0145 -0.9790
vn -0.0687 -0.9949 -0.0743
vn 0.0009 -0.9927 -0.1206
vn -0.5800 -0.0264 -0.8142
vn -0.8156 -0.0148 -0.5785
vn 0.0579 -0.9877 -0.1456
vn 0.8171 -0.0166 -0.5763
vn 0.0677 -0.9956 -0.0647
vn 0.5780 -0.0263 -0.8156
vn -0.0215 -0.9919 -0.1253
vn 0.0972 -0.9936 -0.0580
vn 0.4050 -0.6544 0.6385
vn 0.4668 -0.4092 0.7840
vn 0.6111 -0.6595 0.4377
vn 0.8532 -0.3389 0.3964
vn 0.9805 -0.0348 0.1936
vn 0.7858 -0.6184 0.0045
vn 0.9645 -0.0052 -0.2642
vn 0.7791 -0.2708 -0.5655
vn -0.0691 -0.6025 -0.7951
vn 0.3041 -0.0866 -0.9487
vn -0.0624 -0.5875 -0.8068
vn -0.2615 -0.0065 -0.9652
vn -0.5384 -0.3225 -0.7785
vn -0.7145 -0.6878 0.1280
vn -0.8622 -0.3583 0.3581
vn -0.6938 -0.6518 0.3061
vn -0.4931 -0.7168 0.4930
vn -0.5194 -0.3518 0.7788
vn -0.2549 -0.7186 0.6470
vn -0.2735 -0.9255 -0.2620
vn -0.3237 -0.9460 0.0196
vn -0.0631 -0.9949 -0.0782
vn -0.0740 -0.9972 -0.0081
vn 0.0565 -0.9969 -0.0550
vn 0.3769 -0.9109 -0.1680
vn 0.0712 -0.9971 -0.0272
vn 0.1848 -0.9828 0.0043
vn 0.1099 -0.9939 -0.0019
vn 0.4091 -0.8911 0.1965
vn 0.1206 -0.9926 0.0128
vn 0.1004 -0.9945 0.0305
vn 0.0419 -0.9990 0.0156
vn -0.0462 -0.9989 0.0086
vn -0.1055 -0.9941 0.0266
vn -0.1357 -0.9906 0.0187
vn -0.1085 -0.9941 -0.0015
vn -0.0000 -1.0000 0.0003
vn -0.0000 -1.0000 0.0001
vn -0.0000 -1.0000 0.0004
vn -0.0000 -1.0000 -0.0001
vn -0.0000 -1.0000 -0.0002
vn -0.0000 -1.0000 -0.0003
vn -0.0000 -1.0000 -0.0004
vn 0.0001 -1.0000 -0.0002
vn -0.0000 -1.0000 0.0002
vn 0.0001 -1.0000 0.0002
vn 0.0220 -0.0086 0.9997
vn -0.0230 0.0153 0.9996
vn 0.0075 0.0022 1.0000
vn -0.0086 -0.0073 0.9999
vn -0.7291 -0.6843 -0.0119
vn -0.5975 -0.8018 -0.0072
vn -0.0000 -0.7993 0.6010
vn 0.0001 0.8035 0.5953
vn -0.0000 1.0000 -0.0001
vn 0.0001 1.0000 -0.0000
vn -0.7226 0.6911 -0.0172
vn -0.6038 0.7970 -0.0118
vn -0.9341 -0.0000 0.3571
vn -0.9290 -0.0155 0.3697
vn -0.7267 0.0052 0.6869
vn -0.6869 -0.0052 0.7267
vn -0.3697 0.0155 0.9290
vn -0.3571 -0.0000 0.9340
vn -0.0001 -1.0000 0.0003
vn -0.0003 -1.0000 0.0001
vn -0.0003 -1.0000 -0.0000
vn -0.0000 0.8035 0.5954
vn 0.7236 0.6901 -0.0056
vn 0.5975 0.8018 -0.0072
vn -0.0000 0.7993 0.6009
vn -0.0000 -0.8034 0.5954
vn 0.0001 -1.0000 0.0003
vn 0.0003 -1.0000 -0.0000
vn 0.0003 -1.0000 0.0001
vn 1.0000 0.0078 -0.0000
vn 1.0000 0.0049 -0.0044
vn 0.9341 -0.0000 0.3571
vn 0.9290 0.0155 0.3697
vn 0.7267 -0.0052 0.6869
vn 0.6869 0.0052 0.7267
vn 0.3697 -0.0155 0.9290
vn 0.3571 -0.0000 0.9341
vn -0.0001 1.0000 -0.0000
vn 0.7234 0.6904 -0.0052
vn 0.5974 0.8019 -0.0067
vn -0.0001 0.7993 0.6009
vn 1.0000 0.0073 -0.0000
vn 1.0000 0.0046 -0.0041
vn -0.7235 0.6903 0.0054
vn -0.5974 0.8019 0.0070
vn -0.0000 1.0000 0.0001
vn 0.0001 0.7993 -0.6009
vn -0.0000 -0.8034 -0.5954
vn -1.0000 0.0048 0.0043
vn -1.0000 0.0076 -0.0000
vn -0.9341 -0.0000 -0.3571
vn -0.9290 0.0155 -0.3697
vn -0.7267 -0.0052 -0.6869
vn -0.6869 0.0052 -0.7267
vn -0.3697 -0.0155 -0.9290
vn -0.3571 -0.0000 -0.9340
vn -0.7236 0.6901 0.0056
vn -0.5975 0.8018 0.0072
vn -0.0000 0.7993 -0.6009
vn -0.0003 -1.0000 -0.0001
vn -0.0001 -1.0000 -0.0003
vn -0.0001 -1.0000 -0.0002
vn -1.0000 0.0049 0.0044
vn -1.0000 0.0078 -0.0000
vn -0.3571 -0.0000 -0.9341
vn 0.0001 -1.0000 -0.0003
vn 0.0003 -1.0000 -0.0001
vn -0.0000 -0.7993 -0.6010
vn -0.0000 0.8035 -0.5954
vn 0.9341 -0.0000 -0.3571
vn 0.9290 -0.0155 -0.3697
vn 0.7267 0.0052 -0.6869
vn 0.6869 -0.0052 -0.7267
vn 0.3697 0.0155 -0.9290
vn 0.3571 -0.0000 -0.9341
vn 0.7296 -0.6838 0.0118
vn 0.5975 -0.8018 0.0072
vn 0.7227 0.6910 0.0167
vn 0.6038 0.7971 0.0115
vn -0.0001 0.8035 -0.5953
vn -0.0004 -0.0025 -1.0000
vn -0.0005 -0.0052 -1.0000
vn -0.0003 -0.0070 -1.0000
vn 0.0004 -0.0028 -1.0000
vn 0.0028 0.0003 -1.0000
vn 0.0022 0.0021 -1.0000
vn -0.0023 0.0023 -1.0000
vn -0.0010 0.0003 -1.0000
vn 0.0044 -0.0012 -1.0000
vn 0.0049 -0.0007 -1.0000
vn 0.0005 -0.0000 -1.0000
vn -0.3068 -0.3147 -0.8982
vn -0.6606 0.1667 -0.7320
vn 0.2213 -0.0783 -0.9721
vn 0.0089 0.0089 -0.9999
vn -0.0089 -0.0089 -0.9999
vn -0.2213 0.0783 -0.9721
vn 0.0783 -0.2213 -0.9721
vn -0.0004 -0.0028 -1.0000
vn 0.0005 -0.0052 -1.0000
vn 0.0003 -0.0070 -1.0000
vn 0.0004 -0.0025 -1.0000
vn -0.0049 -0.0007 -1.0000
vn -0.0044 -0.0012 -1.0000
vn 0.0023 0.0023 -1.0000
vn -0.0022 0.0021 -1.0000
vn -0.0028 0.0003 -1.0000
vn 0.6606 -0.1667 -0.7320
vn -0.0783 0.2213 -0.9721
vn 0.3068 0.3147 -0.8982
vn -0.0781 -0.2425 -0.9670
vn -0.2123 -0.2487 -0.9450
vn -0.3137 -0.0732 -0.9467
vn -0.3873 0.0517 -0.9205
vn -0.6255 0.2978 -0.7212
vn -0.0449 -0.0035 -0.9990
vn -0.1161 -0.7404 -0.6620
vn -0.7552 -0.3056 -0.5799
vn 0.0913 -0.1226 -0.9882
vn 0.0570 -0.2099 -0.9761
vn 0.8896 -0.4382 0.1286
vn -0.9874 0.1540 -0.0357
vn -0.6002 -0.7995 -0.0236
vn 0.8665 0.4991 0.0035
vn 0.4962 0.8682 0.0096
vn -0.5093 0.8604 0.0203
vn -0.8688 0.4950 0.0112
vn -0.0032 0.9999 0.0160
vn -1.0000 0.0002 0.0096
vn -0.8628 -0.5048 0.0270
vn -0.5138 -0.8576 0.0252
vn 0.0352 -0.9989 0.0306
vn 0.4833 -0.8709 0.0887
vn 0.9994 -0.0035 0.0340
vn 0.8613 0.5078 0.0168
vn 0.8796 -0.4754 0.0156
vn 0.5083 0.8611 -0.0111
vn 0.4881 0.8727 -0.0152
vn -0.0045 1.0000 0.0023
vn 0.0159 0.9998 0.0073
vn -0.4968 0.8678 -0.0055
vn -0.4867 0.8717 0.0572
vn -0.8712 0.4907 0.0139
vn -0.8687 0.4897 -0.0746
vn -0.9998 -0.0116 -0.0133
vn -0.8667 -0.4988 0.0017
vn -0.8657 -0.5006 -0.0025
vn -0.4920 -0.8706 0.0038
vn -0.9996 0.0053 -0.0262
vn -0.4983 -0.8669 0.0131
vn -0.0054 -1.0000 -0.0042
vn 0.0044 -1.0000 0.0023
vn 0.4986 -0.8668 0.0066
vn 0.5098 -0.8603 -0.0015
vn 0.8677 -0.4970 -0.0119
vn 0.8720 0.4894 0.0119
vn 1.0000 0.0054 -0.0047
vn 0.8661 0.4999 -0.0032
vn 0.4900 0.8717 0.0095
vn 0.8713 -0.4907 0.0035
vn 0.9997 -0.0063 -0.0242
vn 0.5027 0.8627 0.0550
vn 0.0060 1.0000 -0.0016
vn 0.0057 1.0000 -0.0050
vn -0.4981 0.8671 0.0005
vn -0.4992 0.8655 0.0407
vn -0.8703 0.4925 -0.0039
vn -0.8639 -0.5037 -0.0027
vn -1.0000 0.0041 -0.0031
vn -0.8659 -0.5003 0.0009
vn -0.5102 -0.8600 -0.0068
vn -0.8707 0.4917 0.0049
vn -0.9997 0.0078 -0.0241
vn -0.5075 -0.8616 -0.0106
vn 0.0061 -1.0000 -0.0007
vn -0.0202 -0.9998 0.0089
vn 0.5057 -0.8627 -0.0103
vn 0.4803 -0.8758 0.0485
vn 0.8635 -0.5044 -0.0010
vn 0.8572 -0.5116 0.0581
vn 1.0000 0.0060 0.0074
vn 0.8546 0.5192 -0.0060
vn 0.9986 -0.0069 -0.0528
vn 0.0348 0.9994 0.0044
vn 0.4949 0.8689 0.0051
vn 0.0127 0.9998 -0.0141
vn -0.5110 0.8594 0.0148
vn 0.8626 0.5059 -0.0027
vn 0.5011 0.8654 -0.0023
vn -0.8619 0.5071 -0.0066
vn -0.8704 0.4923 -0.0013
vn -1.0000 -0.0045 0.0013
vn -0.9999 0.0077 -0.0074
vn -0.8625 -0.5058 -0.0170
vn -0.0144 -0.9999 0.0048
vn -0.5021 -0.8640 0.0369
vn -0.0043 -1.0000 -0.0036
vn 0.5105 -0.8596 0.0207
vn -0.8642 -0.5031 -0.0101
vn -0.5013 -0.8652 -0.0085
vn 0.8632 -0.5048 -0.0066
vn 0.8647 -0.5021 0.0136
vn 1.0000 0.0044 -0.0038
vn 0.9999 -0.0089 0.0099
vn 0.8615 0.5076 -0.0089
vn 0.0169 0.9968 0.0778
vn 0.5106 0.8598 -0.0054
vn -0.0018 1.0000 0.0019
vn -0.5078 0.8612 0.0225
vn 0.8631 0.5051 -0.0029
vn 0.5017 0.8649 -0.0144
vn -0.8632 0.5048 -0.0066
vn -0.8597 0.5108 0.0111
vn -1.0000 0.0041 -0.0043
vn -0.9986 0.0146 0.0516
vn -0.8597 -0.5105 0.0142
vn -0.8573 -0.5092 -0.0758
vn -0.4898 -0.8717 -0.0133
vn -0.0007 -1.0000 0.0022
vn 0.0019 -1.0000 -0.0046
vn 0.5071 -0.8619 -0.0017
vn -0.5045 -0.8630 -0.0279
vn 0.5023 -0.8644 0.0204
vn 0.8627 -0.5056 -0.0038
vn 0.8562 -0.5166 0.0063
vn 1.0000 -0.0012 0.0085
vn 0.9992 -0.0009 0.0396
vn 0.8584 0.5128 -0.0100
vn 0.0004 1.0000 0.0023
vn 0.4968 0.8677 -0.0155
vn -0.0019 1.0000 -0.0046
vn -0.5071 0.8619 -0.0017
vn 0.8615 0.5077 0.0051
vn 0.5079 0.8610 -0.0288
vn -0.5020 0.8648 0.0080
vn -0.8630 0.5053 -0.0025
vn -0.8573 0.5147 0.0067
vn -0.9999 0.0056 -0.0107
vn -0.9989 0.0144 0.0437
vn -0.8647 -0.5021 -0.0111
vn -0.8667 -0.4988 0.0035
vn -0.4965 -0.8680 -0.0063
vn -0.5061 -0.8625 -0.0000
vn 0.0021 -1.0000 0.0028
vn 0.5026 -0.8636 -0.0404
vn 0.5140 -0.8578 0.0072
vn 0.8597 -0.5107 0.0112
vn 0.8656 -0.5006 -0.0142
vn -0.0012 -1.0000 -0.0059
vn 0.9999 0.0099 0.0022
vn 0.9986 -0.0103 0.0521
vn 0.5005 0.8643 -0.0491
vn 0.8707 0.4917 0.0003
vn 0.5004 0.8657 0.0088
vn -0.0073 1.0000 0.0042
vn -0.0033 1.0000 -0.0055
vn 0.8661 0.4998 -0.0009
vn -0.5132 0.8582 0.0099
vn -0.8537 0.5205 0.0157
vn -0.8648 0.5018 -0.0184
vn -1.0000 -0.0039 0.0064
vn -0.8568 -0.5157 -0.0038
vn -0.4948 -0.8690 0.0058
vn -0.4980 -0.8670 0.0198
vn 0.0011 -1.0000 0.0033
vn 0.5035 -0.8631 -0.0401
vn 0.5154 -0.8569 0.0081
vn 0.8677 -0.4971 0.0016
vn 0.8643 -0.5028 -0.0156
vn -0.0081 -0.9997 -0.0232
vn 1.0000 0.0073 -0.0030
vn 0.9999 0.0004 -0.0104
vn -0.5041 0.8626 -0.0429
vn -0.0112 0.9999 -0.0024
vn -0.5093 0.8606 -0.0006
vn -0.8666 0.4990 0.0054
vn -0.8638 0.5036 -0.0157
vn 0.8651 0.5016 -0.0042
vn 0.8692 0.4944 0.0051
vn 0.4863 0.8736 0.0159
vn 0.4667 0.8813 0.0742
vn 0.0059 0.9999 -0.0102
vn -1.0000 0.0052 0.0051
vn -0.9988 -0.0011 -0.0493
vn -0.8651 -0.5014 0.0170
vn -0.0077 -0.9985 -0.0538
vn -0.5074 -0.8614 0.0219
vn -0.0065 -1.0000 -0.0023
vn 0.5290 -0.8480 -0.0334
vn 0.5122 -0.8588 -0.0079
vn 0.8726 -0.4884 -0.0074
vn 0.8687 -0.4954 -0.0006
vn -0.8652 -0.5014 -0.0033
vn -0.4913 -0.8710 0.0040
vn 1.0000 0.0005 -0.0043
vn 0.9998 -0.0069 -0.0163
vn 0.8624 0.5062 -0.0014
vn 0.8672 0.4980 0.0051
vn 0.4853 0.8743 0.0032
vn 0.4881 0.8727 0.0109
vn 0.0104 0.9999 0.0138
vn -0.5043 0.8632 -0.0258
vn -0.5079 0.8614 0.0030
vn -0.8733 0.4871 -0.0093
vn -0.8703 0.4926 -0.0001
vn 0.0059 0.9999 -0.0110
vn -0.9981 -0.0315 0.0534
vn -1.0000 -0.0001 -0.0016
vn -0.8612 -0.5082 -0.0013
vn -0.8666 -0.4989 -0.0098
vn -0.4926 -0.8702 -0.0005
vn -0.0035 -1.0000 -0.0082
vn -0.0124 -0.9997 0.0192
vn -0.4809 -0.8768 -0.0001
vn 0.5101 -0.8601 0.0046
vn 0.8623 -0.5063 0.0028
vn 0.8638 -0.5036 -0.0156
vn 0.9997 0.0155 0.0181
vn 0.8592 0.5116 0.0084
vn 0.8689 0.4947 -0.0171
vn 0.4857 0.8740 0.0130
vn -0.0015 1.0000 -0.0044
vn 0.0037 0.9999 0.0140
vn -0.4945 0.8692 0.0012
vn -0.4947 0.8690 0.0078
vn -0.8582 0.5133 -0.0015
vn -1.0000 -0.0040 0.0012
vn -0.9997 -0.0179 0.0136
vn -0.8595 -0.5111 -0.0000
vn -0.8667 -0.4987 -0.0151
vn -0.8652 0.5013 -0.0104
vn -0.4931 -0.8700 -0.0018
vn -0.5141 -0.8577 0.0028
vn 0.8637 -0.5016 -0.0484
vn 0.5005 -0.8655 0.0188
vn 0.8624 -0.5063 -0.0026
vn 0.9992 0.0198 -0.0339
vn 0.9999 0.0146 -0.0028
vn 0.8651 0.5017 0.0009
vn 0.8667 0.4986 -0.0135
vn 0.0022 -1.0000 -0.0031
vn -0.0158 -0.9998 0.0119
vn 0.5087 -0.8609 0.0058
vn 0.4934 0.8698 -0.0032
vn 0.4958 0.8684 -0.0007
vn -0.9991 -0.0188 -0.0387
vn -0.8704 0.4923 -0.0049
vn -0.9998 -0.0167 0.0053
vn -0.8592 -0.5115 -0.0077
vn -0.8621 -0.5067 -0.0020
vn -0.0019 1.0000 -0.0042
vn 0.0115 0.9999 0.0069
vn -0.5109 0.8595 0.0173
vn -0.5013 0.8635 0.0563
vn -0.8623 0.5062 -0.0125
vn -0.4965 -0.8680 0.0001
vn -0.5024 -0.8645 -0.0145
vn -0.0073 -0.9999 -0.0112
vn -0.0048 -1.0000 -0.0046
vn 0.5123 -0.8588 -0.0019
vn 0.5160 -0.8565 0.0080
vn 0.8673 -0.4979 0.0025
vn 0.8699 0.4929 -0.0145
vn 1.0000 -0.0034 0.0074
vn 0.8729 0.4875 -0.0200
vn 0.5054 0.8629 0.0013
vn 0.8670 -0.4982 -0.0069
vn 0.9999 -0.0016 -0.0171
vn 0.4996 0.8660 -0.0219
vn -0.0008 0.9998 -0.0196
vn 0.0058 1.0000 -0.0045
vn -0.5152 0.8569 0.0164
vn -0.4963 0.8681 -0.0078
vn -0.8571 0.5114 0.0619
vn -0.9993 -0.0161 -0.0333
vn -0.9998 -0.0115 0.0146
vn -0.8558 -0.5172 -0.0117
vn -0.8610 -0.5075 -0.0339
vn -0.8673 0.4977 -0.0084
vn -0.4951 -0.8684 -0.0285
vn -0.4891 -0.8717 -0.0308
vn -0.0043 -0.9992 0.0399
vn -0.0109 -0.9951 -0.0982
vn 0.5087 -0.8610 -0.0006
vn 0.8591 -0.4977 -0.1197
vn 0.8523 -0.5203 0.0530
vn 0.9993 -0.0300 -0.0244
vn 0.9999 -0.0122 -0.0004
vn 0.8564 0.5132 -0.0560
vn 0.8659 0.4967 -0.0599
vn 0.4846 0.8747 0.0093
vn 0.4971 0.8676 -0.0139
vn -0.0059 0.9983 -0.0586
vn -0.4754 0.8794 -0.0260
vn -0.4791 0.8777 0.0064
vn -0.0278 0.9996 -0.0043
vn 0.4775 -0.8759 -0.0690
vn 0.5122 0.8568 -0.0598
vn 0.9994 0.0254 0.0229
vn 0.4936 -0.8693 -0.0263
vn -0.8529 -0.5156 -0.0817
vn -0.9991 0.0419 -0.0080
vn -0.5067 0.8610 -0.0443
vn -0.4878 0.8708 -0.0612
vn 0.4762 -0.8776 -0.0549
vn -0.4783 0.8780 -0.0175
vn 0.8703 0.4925 -0.0028
vn 0.3651 -0.9265 -0.0915
vn 0.8081 -0.5884 -0.0288
vn 0.2811 -0.2421 -0.9286
vn 0.3395 -0.2716 -0.9005
vn 0.0503 -0.3515 -0.9348
vn -0.1408 -0.2722 -0.9519
vn -0.1697 -0.0217 -0.9852
vn -0.0915 0.3445 -0.9343
vn -0.7438 0.3678 -0.5581
vn -0.2587 0.2363 -0.9366
vn 0.0556 0.0348 -0.9978
vn -0.1459 -0.1531 -0.9774
vn 0.0728 0.3938 -0.9163
vn 0.2883 0.5932 -0.7516
vn -0.7711 -0.2511 -0.5851
vn -0.3068 -0.1006 -0.9465
vn -0.3347 0.0667 -0.9400
vn 0.3446 0.0913 -0.9343
vn 0.3675 0.7439 -0.5582
vn 0.2280 0.2749 -0.9341
vn 0.0348 -0.0556 -0.9978
vn -0.1533 0.1416 -0.9780
vn 0.4039 -0.0660 -0.9124
vn 0.5969 -0.3074 -0.7411
vn -0.2501 0.7691 -0.5881
vn -0.0933 0.2909 -0.9522
vn 0.0754 0.3186 -0.9449
vn 0.0915 -0.3445 -0.9343
vn 0.7432 -0.3670 -0.5594
vn 0.2587 -0.2363 -0.9366
vn -0.0556 -0.0348 -0.9978
vn 0.1415 0.1533 -0.9780
vn -0.0693 -0.3935 -0.9167
vn -0.2777 -0.5933 -0.7556
vn 0.7689 0.2501 -0.5885
vn 0.2960 0.0903 -0.9509
vn 0.3347 -0.0667 -0.9400
vn 0.4328 0.8942 0.1148
vn -0.1751 -0.9831 -0.0534
vn 0.7922 -0.6090 -0.0397
vn -0.4949 0.8686 0.0243
vn -0.8565 0.5162 -0.0002
vn -0.8510 -0.5244 0.0276
vn -0.4936 -0.8694 0.0231
vn -0.9999 -0.0113 0.0121
vn 0.0018 -0.9999 0.0120
vn 0.5015 -0.8650 0.0179
vn 0.8520 -0.5232 0.0161
vn 0.9983 0.0451 0.0379
vn 0.8666 0.4980 0.0308
vn -0.0010 0.9992 0.0407
vn -0.4896 0.8719 0.0070
vn -0.4951 0.8687 -0.0132
vn -0.8677 0.4969 0.0161
vn 0.4998 0.8659 0.0215
vn -1.0000 0.0045 -0.0073
vn -1.0000 -0.0086 -0.0018
vn -0.8622 -0.5065 -0.0054
vn -0.8557 -0.5174 0.0072
vn -0.4979 -0.8672 -0.0073
vn 0.4909 -0.8711 -0.0105
vn -0.0037 -0.9991 0.0421
vn 0.4934 -0.8698 -0.0056
vn 0.8676 -0.4972 -0.0037
vn -0.4933 -0.8699 0.0012
vn 0.0006 -1.0000 -0.0004
vn 0.8609 -0.5063 0.0505
vn 1.0000 -0.0057 -0.0012
vn 1.0000 0.0006 -0.0036
vn 0.8655 0.5009 0.0046
vn 0.8711 0.4912 0.0015
vn 0.4902 0.8715 -0.0103
vn -0.4925 0.8702 0.0124
vn -0.0007 1.0000 0.0095
vn -0.5015 0.8651 -0.0013
vn -0.8694 0.4941 -0.0046
vn 0.4938 0.8696 -0.0022
vn 0.0018 0.9999 -0.0146
vn -0.8555 0.5177 0.0112
vn -0.9999 -0.0042 0.0107
vn -0.9999 0.0097 0.0114
vn -0.8644 -0.5027 -0.0033
vn -0.8708 -0.4916 0.0024
vn -0.4902 -0.8715 -0.0104
vn 0.4913 -0.8710 0.0080
vn 0.5013 -0.8653 0.0005
vn 0.8584 -0.5129 -0.0079
vn -0.4917 -0.8707 -0.0039
vn -0.0042 -0.9998 -0.0202
vn 0.8570 -0.5153 -0.0102
vn 1.0000 0.0049 0.0035
vn 0.9998 -0.0171 0.0052
vn 0.8655 0.5008 -0.0098
vn 0.8722 0.4874 0.0422
vn 0.5022 0.8646 -0.0150
vn 0.5011 0.8654 -0.0075
vn -0.0064 1.0000 -0.0044
vn 0.0003 0.9999 -0.0132
vn -0.5019 0.8649 -0.0000
vn -0.5041 0.8637 -0.0011
vn -0.8623 0.5063 -0.0139
vn -0.8640 0.5035 0.0007
vn -1.0000 -0.0047 0.0022
vn -1.0000 0.0058 0.0025
vn -0.8677 -0.4970 -0.0083
vn -0.8727 -0.4863 0.0447
vn -0.4978 -0.8673 -0.0018
vn -0.5045 -0.8634 0.0022
vn 0.0115 -0.9999 0.0019
vn 0.5131 -0.8583 -0.0086
vn 0.0016 -0.9989 -0.0466
vn 1.0000 -0.0067 -0.0073
vn 0.8649 -0.5011 0.0305
vn 1.0000 0.0007 0.0041
vn 0.8733 0.4872 -0.0030
vn 0.5044 -0.8634 -0.0084
vn 0.8604 -0.5095 -0.0105
vn 0.8708 0.4894 0.0463
vn 0.4947 0.8690 0.0103
vn -0.0016 0.9999 -0.0117
vn -0.0260 0.9997 -0.0005
vn -0.5044 0.8634 -0.0100
vn -0.9999 0.0071 -0.0091
vn -0.8647 0.5006 0.0415
vn -1.0000 0.0087 -0.0014
vn -0.8712 -0.4909 -0.0001
vn -0.5067 0.8621 0.0012
vn -0.8663 0.4995 -0.0004
vn -0.8718 -0.4881 0.0412
vn -0.4974 -0.8675 0.0034
vn -0.4971 -0.8677 -0.0021
vn -0.0057 -0.9999 -0.0087
vn -0.0234 -0.9995 0.0205
vn 0.5146 -0.8574 0.0051
vn 0.5043 -0.8611 -0.0650
vn 0.8654 -0.4992 0.0431
vn 0.9999 -0.0092 -0.0060
vn 1.0000 -0.0003 0.0001
vn 0.8614 0.5080 0.0010
vn 0.8660 -0.5000 -0.0130
vn 0.8693 0.4917 0.0503
vn 0.4999 0.8661 -0.0016
vn 0.5035 0.8640 0.0071
vn -0.0156 0.9998 0.0129
vn 0.0081 0.9998 0.0183
vn -0.5147 0.8574 -0.0076
vn -0.9998 0.0197 0.0049
vn -0.8661 0.4997 -0.0070
vn -1.0000 -0.0046 0.0029
vn -0.8687 -0.4952 -0.0150
vn -0.5027 0.8642 -0.0193
vn -0.8596 0.5103 -0.0236
vn -0.8721 -0.4876 0.0407
vn -0.4981 -0.8671 0.0039
vn -0.5055 -0.8628 -0.0066
vn 0.0046 -1.0000 0.0006
vn -0.0010 -0.9992 0.0396
vn 0.5173 -0.8558 -0.0030
vn 1.0000 0.0007 0.0007
vn 0.8652 -0.5011 -0.0189
vn 1.0000 0.0053 -0.0015
vn 0.8640 0.5034 -0.0094
vn 0.5062 -0.8624 -0.0003
vn 0.8609 -0.5083 -0.0221
vn 0.8663 0.4994 -0.0087
vn 0.4985 0.8669 -0.0029
vn 0.5009 0.8655 0.0040
vn -0.0080 1.0000 -0.0014
vn 0.0165 0.9998 0.0115
vn -0.5003 0.8658 0.0038
vn -0.8649 0.5020 -0.0042
vn -0.8818 0.4680 0.0575
vn -1.0000 -0.0014 -0.0035
vn -0.8627 -0.5058 -0.0000
vn -0.8576 -0.5141 0.0132
vn -0.4961 -0.8682 -0.0049
vn -0.4992 -0.8664 -0.0125
vn -1.0000 0.0013 -0.0058
vn -0.0137 -0.9999 -0.0040
vn -0.0158 -0.9990 0.0420
vn 0.8680 -0.4935 0.0546
vn 0.4879 -0.8729 -0.0015
vn 0.8698 -0.4933 0.0103
vn 0.9998 0.0176 0.0024
vn 1.0000 -0.0001 -0.0087
vn 0.5022 -0.8648 -0.0014
vn 0.8581 0.5133 0.0105
vn 0.4899 0.8718 0.0018
vn 0.5005 0.8656 -0.0128
vn 0.0157 0.9998 -0.0146
vn -0.0009 1.0000 0.0027
vn -0.5054 0.8629 -0.0008
vn -0.4839 0.8749 0.0220
vn -0.8701 0.4929 -0.0047
vn -0.8611 0.5083 0.0088
vn -1.0000 0.0016 0.0063
vn -0.8624 -0.5049 -0.0373
vn -0.8583 -0.5127 0.0223
vn -0.4977 -0.8673 -0.0005
vn -0.5035 -0.8638 -0.0148
vn -1.0000 0.0037 -0.0051
vn -0.0100 -0.9999 0.0001
vn -0.0110 -0.9991 0.0402
vn 0.8632 0.5033 -0.0401
vn 1.0000 -0.0023 0.0023
vn 0.8574 0.5145 0.0076
vn 0.5067 0.8621 0.0053
vn 0.5049 0.8630 -0.0179
vn 0.5035 -0.8640 0.0007
vn 0.5024 -0.8646 0.0001
vn 0.8701 -0.4928 -0.0047
vn 0.8612 -0.5080 0.0159
vn 1.0000 -0.0015 -0.0055
vn -0.0165 0.9996 0.0213
vn -0.0001 1.0000 0.0008
vn -0.5056 0.8628 0.0046
vn -0.5191 -0.8547 0.0030
vn -0.8664 -0.4993 0.0085
vn -0.4974 -0.8675 -0.0034
vn 0.0063 -1.0000 -0.0039
vn -0.4965 0.8680 -0.0123
vn -0.8736 0.4864 0.0128
vn -0.8612 0.5079 0.0169
vn -0.9998 -0.0157 -0.0082
vn -1.0000 -0.0010 -0.0099
vn -0.8670 -0.4981 -0.0160
vn -0.0092 -0.9987 0.0503
vn 0.5014 -0.8652 0.0018
vn 0.5005 -0.8657 -0.0042
vn 0.8677 -0.4970 -0.0054
vn 0.8612 -0.5083 0.0019
vn 1.0000 -0.0019 0.0035
vn 0.8625 0.5043 -0.0412
vn 0.8613 0.5081 0.0014
vn 0.4882 0.8727 -0.0061
vn 0.4926 0.8702 -0.0039
vn 1.0000 0.0021 -0.0028
vn -0.0035 1.0000 0.0032
vn 0.0055 0.9999 -0.0134
vn -0.5087 0.8609 0.0126
vn -0.8609 0.5087 -0.0115
vn -0.8697 0.4936 -0.0072
vn -1.0000 -0.0063 -0.0006
vn -0.9999 0.0110 0.0087
vn -0.8623 -0.5063 -0.0057
vn -0.8587 -0.5124 -0.0068
vn -0.4997 -0.8662 0.0034
vn 0.0124 -0.9989 -0.0448
vn 0.0170 -0.9998 0.0073
vn 0.5052 -0.8630 0.0010
vn 0.4983 -0.8669 -0.0138
vn -0.5011 -0.8654 -0.0058
vn 0.8594 -0.5112 -0.0041
vn 0.8592 -0.5099 0.0425
vn 0.0008 0.9988 -0.0496
vn 0.5018 0.8650 0.0022
vn -0.0169 0.9998 0.0075
vn -0.5045 0.8634 0.0069
vn -0.4984 0.8668 -0.0137
vn 1.0000 0.0045 0.0010
vn 1.0000 0.0025 -0.0026
vn 0.8620 0.5069 -0.0044
vn 0.8712 0.4909 0.0083
vn 0.5013 0.8653 -0.0055
vn -0.8594 0.5113 -0.0039
vn -0.8598 0.5091 0.0399
vn 0.0046 -0.9993 -0.0382
vn -0.4999 -0.8661 0.0008
vn 0.0159 -0.9999 0.0068
vn 0.5098 -0.8602 -0.0081
vn 0.5074 -0.8617 -0.0029
vn -1.0000 -0.0042 0.0007
vn -1.0000 -0.0000 -0.0009
vn -0.8619 -0.5071 -0.0047
vn -0.8713 -0.4907 0.0073
vn -0.5013 -0.8653 -0.0055
vn 0.8606 -0.5075 0.0422
vn 0.8660 -0.5000 -0.0128
vn 1.0000 -0.0020 -0.0054
vn 1.0000 -0.0039 -0.0000
vn 0.8581 0.5134 0.0128
vn 0.8699 0.4929 0.0182
vn 0.4973 0.8676 0.0045
vn -0.0044 0.9993 -0.0383
vn -0.0169 0.9998 0.0076
vn -0.5098 0.8602 -0.0082
vn -0.5057 0.8627 -0.0007
vn 0.5061 0.8623 -0.0168
vn -0.8614 0.5068 0.0339
vn -0.8619 0.5066 -0.0223
vn -1.0000 -0.0057 0.0053
vn -1.0000 -0.0009 -0.0030
vn -0.8675 -0.4975 -0.0016
vn -0.8708 -0.4917 0.0019
vn -0.5025 -0.8646 0.0016
vn 0.0044 -0.9993 -0.0384
vn 0.0173 -0.9998 0.0086
vn 0.5173 -0.8558 -0.0102
vn 0.5099 -0.8596 -0.0336
vn -0.4923 -0.8704 -0.0064
vn 0.8618 -0.5070 -0.0138
vn 0.8662 -0.4981 -0.0385
vn 0.9995 0.0197 -0.0244
vn 0.8632 0.5013 -0.0602
vn 0.8622 0.5066 -0.0006
vn 0.5110 0.8578 -0.0558
vn 0.5154 0.8568 0.0149
vn -0.0130 0.9999 0.0009
vn -0.4961 0.8683 0.0052
vn -0.0094 0.9996 -0.0269
vn -0.8805 0.4738 0.0154
vn -0.8894 0.4558 -0.0340
vn -0.9999 -0.0112 -0.0005
vn -0.9973 0.0435 -0.0592
vn -0.4742 0.8795 -0.0389
vn -0.8573 -0.5138 -0.0329
vn -0.8802 -0.4724 0.0451
vn 0.9989 -0.0027 -0.0478
vn -0.4925 0.8692 -0.0445
vn 0.8631 0.5036 -0.0388
vn -0.4888 0.8674 -0.0933
vn 0.5076 0.8558 -0.1001
vn -0.8534 0.5209 -0.0215
vn 0.2636 0.2776 -0.9238
vn 0.1994 0.1116 -0.9735
vn 0.6210 0.7838 0.0077
vn 0.1454 -0.1170 -0.9824
vn 0.2137 -0.9761 0.0388
vn 0.0313 -0.3008 -0.9532
vn -0.8912 0.4403 0.1090
vn 0.9833 -0.1739 -0.0547
vn 0.6087 0.7925 -0.0390
vn -0.8687 -0.4951 0.0159
vn -0.5190 -0.8548 -0.0025
vn 0.8697 0.4930 0.0228
vn 0.5107 0.8595 0.0200
vn 0.0157 -0.9997 0.0196
vn 0.5144 -0.8575 0.0099
vn 0.8708 -0.4910 0.0248
vn 0.9999 0.0016 0.0124
vn 0.0156 0.9994 0.0312
vn -0.5260 0.8502 0.0247
vn -0.9994 0.0010 0.0358
vn -0.8713 -0.4907 -0.0064
vn -0.8667 0.4984 0.0224
vn -0.4900 -0.8717 -0.0076
vn -0.0048 -0.9999 -0.0152
vn 0.0057 -1.0000 0.0023
vn 0.5053 -0.8630 0.0003
vn 0.4929 -0.8700 0.0121
vn 0.8667 -0.4989 0.0041
vn 0.9991 0.0010 -0.0419
vn 0.9998 0.0148 0.0147
vn 0.8740 0.4858 0.0107
vn 0.8651 0.5016 -0.0073
vn 0.4946 0.8691 -0.0039
vn 0.8614 -0.5077 -0.0142
vn 0.5070 0.8605 0.0503
vn -0.0009 1.0000 -0.0009
vn 0.0029 1.0000 -0.0021
vn -0.5085 0.8611 0.0064
vn -0.4851 0.8742 0.0196
vn -0.8630 0.5051 -0.0116
vn -0.8644 0.5029 -0.0029
vn -0.9999 -0.0151 0.0025
vn -0.9999 -0.0116 0.0008
vn -0.8734 -0.4864 0.0245
vn -0.5049 -0.8622 -0.0415
vn -0.4973 -0.8675 0.0095
vn 0.0079 -0.9996 -0.0259
vn 0.0025 -1.0000 0.0039
vn 0.4850 -0.8744 0.0113
vn 0.4956 -0.8683 -0.0179
vn 0.8687 -0.4953 0.0001
vn -0.8660 -0.4999 -0.0082
vn 0.8591 -0.5117 0.0072
vn 1.0000 0.0076 -0.0053
vn 0.9998 0.0209 0.0066
vn 0.8690 0.4948 0.0076
vn 0.5002 0.8647 -0.0454
vn 0.4910 0.8709 0.0228
vn -0.0110 0.9999 0.0013
vn 0.0065 1.0000 -0.0052
vn -0.4895 0.8720 -0.0053
vn 0.8678 0.4969 -0.0055
vn -0.4953 0.8686 -0.0127
vn -0.8691 0.4946 -0.0007
vn -0.8615 0.5077 0.0082
vn -1.0000 -0.0073 -0.0057
vn -0.9998 -0.0176 0.0008
vn -0.8683 -0.4960 0.0066
vn -0.4855 -0.8739 -0.0250
vn -0.4913 -0.8707 0.0222
vn -0.0165 -0.9997 0.0170
vn -0.0047 -1.0000 -0.0049
vn 0.4908 -0.8713 -0.0001
vn -0.8678 -0.4969 -0.0055
vn 0.4881 -0.8718 0.0411
vn 0.8680 -0.4965 0.0007
vn 0.8657 -0.5005 -0.0028
vn 1.0000 0.0083 -0.0047
vn 0.9999 -0.0090 0.0099
vn 0.8598 0.5106 -0.0056
vn 0.0188 0.9998 0.0049
vn 0.4983 0.8670 0.0042
vn -0.0027 1.0000 0.0027
vn -0.4909 0.8712 -0.0001
vn 0.8642 0.5031 0.0025
vn 0.5076 0.8615 -0.0145
vn -0.4881 0.8718 0.0412
vn -0.8681 0.4964 0.0006
vn -0.8652 0.5014 -0.0022
vn -1.0000 -0.0077 -0.0036
vn -0.9999 0.0095 0.0087
vn -0.8598 -0.5106 -0.0057
vn -0.0222 -0.9997 0.0072
vn -0.4983 -0.8670 0.0042
vn 0.0021 -1.0000 -0.0017
vn 0.5025 -0.8646 -0.0028
vn -0.8633 -0.5047 0.0027
vn -0.5076 -0.8614 -0.0165
vn 0.4922 -0.8690 0.0505
vn 0.8634 -0.5045 -0.0009
vn 0.8669 -0.4985 -0.0041
vn 1.0000 0.0011 0.0047
vn 1.0000 -0.0096 0.0024
vn 0.8639 0.5035 -0.0142
vn 0.0110 0.9999 -0.0048
vn 0.5034 0.8634 0.0341
vn 0.0019 1.0000 -0.0019
vn -0.5094 0.8605 0.0100
vn 0.8611 0.5084 -0.0017
vn 0.5014 0.8652 -0.0101
vn -0.4936 0.8679 0.0552
vn -0.8632 0.5049 -0.0004
vn -0.8675 0.4974 -0.0052
vn -0.9999 0.0058 -0.0115
vn -0.9997 0.0248 0.0075
vn -0.8636 -0.5041 -0.0007
vn -0.8702 -0.4927 -0.0023
vn -0.4931 -0.8699 -0.0021
vn -0.4972 -0.8667 0.0412
vn 0.0144 -0.9999 -0.0073
vn 0.8571 -0.5151 0.0039
vn 0.4903 -0.8715 0.0043
vn 0.8668 -0.4987 0.0035
vn 0.9999 -0.0102 -0.0077
vn 0.0049 -1.0000 0.0020
vn 0.4926 -0.8700 -0.0201
vn 0.9990 -0.0154 0.0431
vn 0.8640 0.5035 0.0013
vn 0.8653 0.5013 -0.0034
vn 0.4934 0.8698 -0.0053
vn 0.4878 0.8726 -0.0244
vn -0.0130 0.9999 -0.0078
vn -0.8554 0.5179 0.0033
vn -0.5014 0.8652 -0.0041
vn -0.8672 0.4980 0.0013
vn -0.9999 0.0137 -0.0103
vn -0.0076 1.0000 -0.0006
vn -0.4956 0.8683 -0.0212
vn -0.9991 0.0133 0.0407
vn -0.8639 -0.5037 0.0004
vn -0.8663 -0.4996 -0.0028
vn -0.4930 -0.8700 -0.0050
vn -0.5077 -0.8615 0.0100
vn -0.0109 -0.9999 0.0014
vn 0.5045 -0.8634 -0.0034
vn 0.5140 -0.8577 0.0134
vn 0.8624 -0.5062 0.0049
vn 0.8637 -0.5036 -0.0182
vn -0.0015 -1.0000 -0.0055
vn 0.9995 0.0127 0.0274
vn 0.9995 -0.0215 -0.0222
vn 0.8612 0.5083 0.0022
vn -0.4967 0.8662 -0.0543
vn -0.0000 1.0000 0.0009
vn -0.5115 0.8591 0.0169
vn -0.8658 0.5003 -0.0034
vn -0.8581 0.5133 -0.0141
vn 0.8682 0.4962 -0.0094
vn 0.4928 0.8701 -0.0047
vn 0.5087 0.8609 0.0086
vn 0.0030 1.0000 -0.0044
vn -0.9999 -0.0077 0.0135
vn -1.0000 -0.0007 -0.0089
vn -0.8630 -0.5051 0.0009
vn 0.5011 -0.8645 -0.0382
vn -0.0001 -1.0000 0.0010
vn 0.5122 -0.8587 0.0145
vn 0.8665 -0.4993 0.0012
vn 0.8653 -0.5012 -0.0065
vn 1.0000 0.0060 -0.0054
vn -0.8651 -0.5016 -0.0028
vn -0.4928 -0.8701 -0.0085
vn -0.5092 -0.8606 0.0073
vn -0.0018 -1.0000 -0.0039
vn 1.0000 0.0022 0.0023
vn 0.8651 0.5017 -0.0030
vn 0.8739 0.4860 0.0132
vn 0.4864 0.8736 0.0128
vn 0.5069 0.8618 0.0182
vn -0.0171 0.9998 -0.0070
vn -0.8673 0.4957 0.0455
vn -0.5103 0.8600 -0.0027
vn -0.5010 0.8655 0.0029
vn -0.8689 0.4949 0.0067
vn -0.0006 0.9999 -0.0103
vn -0.9990 -0.0255 0.0357
vn -1.0000 -0.0023 -0.0033
vn -0.8717 -0.4900 0.0086
vn -0.8686 -0.4953 -0.0139
vn -0.4891 -0.8719 0.0235
vn -0.0069 -0.9998 -0.0159
vn 0.0063 -1.0000 -0.0011
vn 0.5133 -0.8582 0.0027
vn 0.5165 -0.8563 -0.0057
vn 0.8709 -0.4914 -0.0030
vn 0.8669 0.4985 0.0023
vn 0.9998 0.0205 -0.0052
vn 1.0000 -0.0031 -0.0038
vn 0.8682 0.4960 -0.0130
vn 0.8696 -0.4938 -0.0025
vn 0.4917 0.8708 0.0052
vn 0.4992 0.8665 0.0021
vn -0.9989 -0.0118 -0.0451
vn -0.8660 0.5000 0.0010
vn -0.9998 -0.0169 0.0075
vn -0.8608 -0.5090 -0.0023
vn -0.8668 -0.4984 -0.0137
vn 0.0026 1.0000 -0.0058
vn 0.0110 0.9999 0.0088
vn -0.5065 0.8622 -0.0053
vn -0.5089 0.8608 -0.0011
vn -0.8653 0.5013 -0.0055
vn -0.5133 -0.8582 -0.0087
vn -0.5036 -0.8639 0.0048
vn 0.9985 0.0122 -0.0527
vn 0.8666 -0.4990 0.0001
vn 0.9999 -0.0116 0.0034
vn 0.8567 0.5155 -0.0198
vn 0.8560 0.5170 -0.0016
vn 0.0060 -1.0000 -0.0006
vn -0.0108 -0.9999 0.0094
vn 0.5069 -0.8620 -0.0054
vn 0.5127 -0.8586 0.0025
vn 0.8645 -0.5026 -0.0029
vn 0.5030 0.8643 0.0046
vn 0.4990 0.8666 -0.0034
vn 0.0036 1.0000 -0.0048
vn 0.0142 0.9999 0.0097
vn -0.5072 0.8618 -0.0085
vn -0.4917 0.8707 0.0087
vn -0.8673 0.4978 0.0036
vn -0.9989 -0.0045 -0.0475
vn -1.0000 0.0011 -0.0004
vn -0.8623 -0.5064 -0.0101
vn -0.8588 -0.5123 0.0007
vn -0.8655 0.5008 -0.0028
vn -0.5066 -0.8612 0.0417
vn -0.5038 -0.8637 -0.0154
vn 0.0013 -1.0000 0.0011
vn -0.0022 -1.0000 -0.0011
vn 0.5129 -0.8584 0.0047
vn 0.4916 -0.8707 0.0135
vn 0.8635 -0.5043 0.0039
vn 0.9998 0.0060 0.0173
vn 0.9997 0.0191 0.0158
vn 0.8374 0.5442 0.0513
vn 0.8637 0.5039 0.0015
vn 0.8659 -0.5001 -0.0063
vn 0.4833 0.8753 -0.0189
vn 0.4964 0.8681 -0.0086
vn 0.0234 0.9996 0.0169
vn 0.0054 0.9999 -0.0139
vn -0.5105 0.8595 0.0235
vn -0.8611 0.5081 -0.0175
vn -0.8649 0.5019 0.0022
vn -0.9996 -0.0180 0.0197
vn -0.8584 -0.5130 0.0058
vn -0.9991 -0.0219 0.0358
vn -0.5015 -0.8634 -0.0548
vn -0.4852 -0.8744 0.0072
vn 0.0090 -1.0000 0.0038
vn -0.0032 -0.9998 -0.0174
vn -0.8662 -0.4996 -0.0099
vn 0.5069 -0.8620 0.0061
vn 0.5026 -0.8645 -0.0030
vn 0.9992 0.0020 -0.0392
vn 0.8632 -0.5048 0.0062
vn 0.9998 0.0169 0.0043
vn 0.8638 0.5039 0.0027
vn 0.8655 0.4994 -0.0382
vn 0.8655 -0.5008 -0.0133
vn 0.4782 0.8782 -0.0104
vn -0.0051 1.0000 -0.0011
vn -0.0027 0.9986 -0.0533
vn -0.5088 0.8593 -0.0524
vn -0.5000 0.8661 0.0009
vn -0.8597 0.5079 -0.0539
vn -0.8603 0.5097 0.0091
vn -0.9993 -0.0242 -0.0287
vn -0.9998 -0.0184 0.0122
vn -0.8670 -0.4982 0.0088
vn -0.4846 -0.8741 -0.0342
vn -0.4532 -0.8907 -0.0348
vn 0.0149 -0.9999 -0.0035
vn -0.0346 -0.9983 -0.0464
vn -0.8853 -0.4631 -0.0432
vn 0.4834 -0.8754 0.0050
vn 0.5061 -0.8606 -0.0567
vn 0.4906 0.8697 -0.0543
vn -0.4747 0.8788 -0.0493
vn -0.5237 -0.8505 -0.0493
vn -0.5006 -0.8657 -0.0059
vn -0.8772 -0.4774 -0.0508
vn -0.2774 0.2633 -0.9240
vn -0.1189 0.1977 -0.9730
vn -0.7838 0.6210 0.0075
vn 0.1240 0.1493 -0.9810
vn 0.9765 0.2123 0.0357
vn 0.3136 0.0236 -0.9493
vn -0.4328 -0.8942 0.1147
vn 0.1753 0.9829 -0.0567
vn -0.7907 0.6107 -0.0431
vn 0.4949 -0.8686 0.0243
vn 0.8564 -0.5163 -0.0001
vn 0.8509 0.5246 0.0279
vn 0.4936 0.8694 0.0231
vn 0.9999 0.0111 0.0125
vn 0.0003 0.9999 0.0152
vn -0.5015 0.8650 0.0179
vn -0.8518 0.5236 0.0167
vn -0.9987 -0.0412 0.0303
vn -0.8621 -0.5052 0.0404
vn 0.0010 -0.9992 0.0407
vn 0.4918 -0.8707 0.0054
vn 0.4926 -0.8702 -0.0093
vn 0.8658 -0.5004 0.0091
vn -0.4999 -0.8659 0.0202
vn 1.0000 0.0005 -0.0097
vn 1.0000 0.0046 -0.0039
vn 0.8585 0.5128 0.0031
vn 0.8558 0.5172 0.0106
vn 0.5119 0.8590 0.0054
vn -0.0031 1.0000 0.0054
vn -0.0101 0.9995 0.0283
vn -0.5036 0.8639 -0.0061
vn -0.4959 0.8684 -0.0049
vn -0.8640 0.5034 -0.0079
vn 0.5032 0.8642 -0.0069
vn -0.8582 0.5118 0.0405
vn -1.0000 -0.0039 0.0006
vn -1.0000 -0.0034 -0.0018
vn -0.8623 -0.5063 -0.0046
vn -0.8577 -0.5141 0.0019
vn -0.4903 -0.8716 -0.0046
vn 0.4869 -0.8734 0.0067
vn -0.0011 -1.0000 0.0046
vn 0.5011 -0.8654 0.0024
vn 0.8618 -0.5072 -0.0017
vn -0.4953 -0.8687 0.0027
vn -0.0090 -0.9998 -0.0165
vn 0.8578 -0.5115 0.0498
vn 1.0000 0.0023 -0.0051
vn 1.0000 -0.0017 -0.0004
vn 0.8631 0.5051 -0.0051
vn 0.8579 0.5138 0.0024
vn 0.4902 0.8716 -0.0046
vn -0.4796 0.8774 0.0056
vn -0.0017 1.0000 -0.0041
vn -0.5018 0.8650 -0.0017
vn -0.8675 0.4975 -0.0028
vn 0.4953 0.8687 0.0027
vn 0.0091 0.9997 -0.0214
vn -0.8608 0.5064 0.0506
vn -1.0000 0.0047 0.0003
vn -1.0000 -0.0019 -0.0045
vn -0.8703 -0.4924 -0.0111
vn -0.8776 -0.4793 0.0059
vn -0.4972 -0.8676 -0.0064
vn -0.5096 -0.8604 -0.0045
vn 0.0153 -0.9999 0.0068
vn 0.0023 -0.9990 0.0453
vn 0.5071 -0.8618 -0.0114
vn 0.9990 0.0045 -0.0454
vn 0.8642 -0.5012 0.0439
vn 0.9997 0.0076 0.0219
vn 0.8731 0.4874 0.0091
vn 0.8688 0.4948 -0.0175
vn 0.4997 0.8661 -0.0080
vn 0.5087 -0.8610 -0.0017
vn 0.8639 -0.5036 -0.0082
vn 0.5142 0.8577 -0.0016
vn -0.0183 0.9997 0.0175
vn -0.5195 0.8545 -0.0038
vn 0.0049 1.0000 0.0008
vn -0.9995 0.0294 0.0102
vn -0.8604 0.5096 0.0043
vn -1.0000 0.0016 -0.0013
vn -0.8662 -0.4996 0.0091
vn -0.5048 0.8632 -0.0020
vn -0.8599 0.5099 -0.0212
vn -0.4996 -0.8662 -0.0097
vn -0.4940 -0.8695 -0.0032
vn 0.0149 -0.9999 0.0032
vn 0.0163 -0.9998 -0.0130
vn 0.4971 -0.8677 0.0070
vn 0.8709 -0.4898 -0.0396
vn 0.8706 -0.4915 0.0226
vn 1.0000 0.0007 0.0092
vn 1.0000 -0.0057 -0.0058
vn 0.8677 0.4970 -0.0083
vn 0.4968 -0.8678 -0.0069
vn 0.8722 0.4874 0.0421
vn 0.4966 0.8680 0.0006
vn 0.4971 0.8677 -0.0018
vn -0.0078 1.0000 -0.0057
vn -0.0193 0.9998 0.0079
vn -0.4864 0.8737 0.0049
vn -0.8681 0.4964 0.0016
vn -0.8707 0.4911 0.0283
vn -1.0000 -0.0060 0.0008
vn -1.0000 0.0039 -0.0088
vn -0.8643 -0.5030 -0.0033
vn -0.4967 0.8679 -0.0052
vn -0.8689 -0.4914 0.0591
vn -0.5041 -0.8636 -0.0036
vn -0.5015 -0.8652 -0.0005
vn 0.0075 -1.0000 -0.0043
vn 0.0161 -0.9999 0.0024
vn 0.5097 -0.8603 -0.0045
vn 0.9998 -0.0198 0.0033
vn 1.0000 0.0012 0.0024
vn 0.8713 0.4908 -0.0003
vn 0.5047 -0.8633 0.0027
vn 0.8614 -0.5077 -0.0165
vn 0.8719 0.4880 0.0412
vn 0.4972 0.8677 -0.0001
vn 0.5026 0.8645 -0.0013
vn -0.0112 0.9999 -0.0054
vn 0.0081 0.9999 0.0121
vn -0.5128 0.8585 -0.0086
vn -0.9999 0.0134 0.0101
vn -0.8663 0.4995 0.0026
vn -1.0000 -0.0063 -0.0010
vn -0.8636 -0.5041 -0.0083
vn -0.4969 0.8677 -0.0083
vn -0.8616 0.5068 -0.0267
vn -0.8735 -0.4869 -0.0000
vn -0.4975 -0.8674 -0.0005
vn -0.5121 -0.8589 0.0080
vn 0.0072 -1.0000 -0.0031
vn -0.0207 -0.9997 0.0160
vn 0.5018 -0.8650 -0.0021
vn 0.4910 -0.8712 -0.0018
vn 0.8733 -0.4872 0.0061
vn 0.8663 -0.4975 0.0453
vn 0.9999 0.0083 -0.0114
vn 0.5089 0.8608 0.0030
vn 0.8652 0.5005 0.0298
vn 0.8687 0.4954 0.0010
vn 0.5045 0.8633 -0.0142
vn 0.9999 0.0099 -0.0016
vn -0.0127 0.9997 0.0229
vn 0.0184 0.9985 -0.0517
vn -0.4809 0.8767 0.0114
vn -0.8782 0.4780 0.0191
vn -0.8739 0.4859 0.0155
vn -0.9998 -0.0188 0.0039
vn -1.0000 0.0005 -0.0099
vn -0.4922 0.8703 -0.0164
vn -0.8582 -0.5133 0.0105
vn -0.4902 -0.8716 0.0015
vn -0.5005 -0.8656 -0.0128
vn -0.0080 -0.9998 -0.0194
vn -0.0056 -0.9998 -0.0179
vn 0.5046 -0.8633 -0.0018
vn 0.5014 -0.8652 0.0033
vn 0.8701 -0.4928 -0.0061
vn 0.8734 -0.4867 -0.0166
vn 1.0000 -0.0013 0.0064
vn 0.8654 0.4986 -0.0497
vn 0.8566 0.5158 0.0126
vn 0.4905 0.8714 -0.0023
vn 0.5000 0.8660 -0.0134
vn 1.0000 -0.0036 -0.0040
vn 0.0157 0.9998 -0.0093
vn 0.0040 1.0000 -0.0076
vn -0.8568 -0.5144 -0.0362
vn -1.0000 0.0037 0.0033
vn -0.8574 -0.5145 0.0076
vn -0.5050 -0.8631 0.0037
vn -0.5040 -0.8635 -0.0174
vn -0.5051 0.8631 -0.0005
vn -0.4897 0.8719 0.0091
vn -0.8700 0.4930 -0.0054
vn -0.8749 0.4842 0.0081
vn -1.0000 0.0015 -0.0055
vn -0.0028 -1.0000 0.0032
vn 0.0007 -1.0000 -0.0090
vn 0.5037 -0.8639 -0.0002
vn 0.5058 0.8626 -0.0020
vn 0.8644 0.5029 0.0056
vn 0.4999 0.8661 0.0017
vn 0.0099 1.0000 -0.0008
vn 0.5010 -0.8654 -0.0095
vn 0.8690 -0.4947 -0.0096
vn 0.8606 -0.5092 0.0074
vn 0.9999 0.0108 -0.0073
vn 1.0000 0.0060 0.0030
vn 0.8707 0.4915 -0.0160
vn 0.0108 0.9991 0.0410
vn -0.5028 0.8644 0.0012
vn -0.5001 0.8659 -0.0011
vn -0.8701 0.4929 -0.0034
vn -0.8615 0.5077 0.0097
vn -1.0000 0.0001 0.0054
vn -0.8631 -0.5035 -0.0384
vn -0.8569 -0.5153 0.0105
vn -0.4871 -0.8734 -0.0056
vn -0.4915 -0.8709 -0.0043
vn -1.0000 0.0018 -0.0037
vn -0.0114 -0.9983 0.0578
vn -0.0038 -1.0000 -0.0073
vn 0.5002 -0.8659 0.0043
vn 0.8745 -0.4850 0.0061
vn 0.9999 -0.0071 -0.0156
vn 1.0000 -0.0010 -0.0024
vn 0.8581 0.5134 0.0068
vn 0.8640 0.5014 0.0452
vn 0.4927 0.8701 -0.0114
vn -0.5042 0.8636 -0.0059
vn -0.0009 0.9996 0.0298
vn 0.0047 1.0000 0.0005
vn -0.4993 0.8664 -0.0096
vn 0.4914 0.8709 -0.0017
vn -0.8623 0.5063 -0.0122
vn -0.8532 0.5215 0.0062
vn -0.0008 -0.9988 -0.0497
vn -0.5032 -0.8642 0.0031
vn 0.0169 -0.9998 0.0075
vn 0.5147 -0.8573 0.0107
vn 0.4984 -0.8668 -0.0137
vn -1.0000 -0.0050 -0.0010
vn -1.0000 0.0011 -0.0012
vn -0.8619 -0.5070 -0.0058
vn -0.8536 -0.5208 -0.0073
vn -0.5012 -0.8653 -0.0054
vn 0.8582 -0.5133 -0.0088
vn 0.8615 -0.5077 -0.0044
vn -0.0122 0.9985 -0.0527
vn 0.4988 0.8667 0.0001
vn 0.0116 0.9999 0.0034
vn -0.5116 0.8589 -0.0222
vn -0.5186 0.8550 -0.0008
vn 1.0000 0.0061 -0.0009
vn 0.9999 -0.0118 0.0090
vn 0.8621 0.5067 -0.0057
vn 0.8583 0.5131 0.0022
vn 0.5026 0.8645 -0.0029
vn -0.8580 0.5117 0.0437
vn -0.8668 0.4986 0.0027
vn -1.0000 0.0038 -0.0085
vn -1.0000 0.0020 -0.0026
vn -0.8629 -0.5052 -0.0096
vn -0.8707 -0.4917 0.0088
vn -0.5001 -0.8659 0.0054
vn 0.0160 -0.9998 0.0068
vn 0.5098 -0.8603 -0.0082
vn 0.5058 -0.8627 -0.0009
vn -0.5001 -0.8660 -0.0049
vn 0.8613 -0.5069 0.0348
vn 0.8599 -0.5104 -0.0115
vn 1.0000 0.0037 0.0023
vn 1.0000 -0.0002 -0.0013
vn 0.8650 0.5018 -0.0000
vn 0.8707 0.4917 0.0087
vn 0.5057 0.8627 0.0031
vn -0.0061 0.9998 0.0173
vn -0.0197 0.9997 0.0169
vn -0.5477 0.8357 0.0409
vn -0.5071 0.8615 -0.0277
vn 0.4917 0.8708 -0.0018
vn -0.8652 0.5013 -0.0145
vn -0.8668 0.4971 -0.0392
vn -0.9995 -0.0078 -0.0305
vn -0.8547 -0.5170 -0.0472
vn -0.5148 -0.8552 -0.0601
vn -0.4984 -0.8669 0.0060
vn 0.0275 -0.9995 -0.0185
vn 0.5087 -0.8609 -0.0043
vn 0.0116 -0.9991 -0.0408
vn 1.0000 0.0025 -0.0008
vn 0.8660 -0.4993 0.0258
vn 0.8814 -0.4705 -0.0414
vn 0.9977 -0.0413 -0.0546
vn 0.4717 -0.8808 -0.0424
vn 0.8588 0.5110 -0.0368
vn 0.8854 0.4646 0.0134
vn -0.8707 -0.4902 -0.0395
vn -0.9993 0.0209 -0.0320
vn 0.8608 -0.5076 -0.0370
vn 0.4872 -0.8725 -0.0364
vn -0.8600 -0.5077 -0.0513
vn -0.8784 -0.4770 -0.0296
vn 0.8523 -0.5223 -0.0296
vn -0.2643 -0.2779 -0.9235
vn -0.1991 -0.1104 -0.9737
vn -0.6203 -0.7843 0.0059
vn -0.1618 0.1200 -0.9795
vn -0.2123 0.9765 0.0357
vn -0.0183 0.3057 -0.9519
vt 0.614544 0.192113
vt 0.607499 0.149220
vt 0.612811 0.110804
vt 0.620000 0.059690
vt 0.599168 0.049760
vt 0.620000 0.000000
vt 0.595000 0.000000
vt 0.590833 -0.049742
vt 0.620000 -0.059690
vt 0.584619 -0.124001
vt 0.620000 -0.119381
vt 0.620000 -0.179071
vt 0.578326 -0.198967
vt 0.620000 -0.238761
vt 0.574168 -0.248690
vt 0.620000 -0.298451
vt 0.574540 -0.298451
vt 0.614544 0.341338
vt 0.607498 0.298431
vt 0.611488 0.258446
vt 0.620000 0.208916
vt 0.599168 0.198986
vt 0.620000 0.149226
vt 0.594993 0.149226
vt 0.590833 0.099480
vt 0.620000 0.089535
vt 0.586675 0.049741
vt 0.620000 0.029845
vt 0.580354 -0.025625
vt 0.620000 -0.029845
vt 0.620000 -0.089535
vt 0.574168 -0.099470
vt 0.620000 -0.149226
vt 0.574548 -0.149225
vt 0.574540 0.000000
vt 0.574168 0.049761
vt 0.578326 0.099484
vt 0.620000 0.119381
vt 0.584619 0.174450
vt 0.620000 0.179071
vt 0.620000 0.238761
vt 0.590833 0.248710
vt 0.620000 0.298451
vt 0.595000 0.298451
vt 0.595000 -0.298451
vt 0.599168 -0.248691
vt 0.612811 -0.187648
vt 0.607500 -0.149231
vt 0.614544 -0.106339
vt 0.614545 0.042887
vt 0.607499 -0.000011
vt 0.612812 -0.038422
vt 0.599168 -0.099464
vt 0.594998 -0.149226
vt 0.590833 -0.198969
vt 0.620000 -0.208916
vt 0.586678 -0.248710
vt 0.620000 -0.268606
vt 0.620000 0.328296
vt 0.584618 0.323674
vt 0.620000 0.268606
vt 0.575884 0.219496
vt 0.574538 0.149226
vt 0.000000 -0.361283
vt 0.056569 -0.361283
vt 0.056569 -0.274868
vt 0.000000 -0.289027
vt 0.000000 -0.216770
vt 0.056569 -0.149249
vt 0.000000 -0.144513
vt 0.000000 -0.072257
vt 0.056569 -0.060214
vt 0.000000 0.000000
vt 0.056569 0.030159
vt 0.000000 0.072257
vt 0.056569 0.120428
vt 0.000000 0.144513
vt 0.056569 0.212035
vt 0.000000 0.216770
vt 0.000000 0.289027
vt 0.056569 0.331124
vt 0.000000 0.361283
vt 0.056569 -0.301069
vt 0.000000 -0.325155
vt 0.056569 0.329890
vt 0.000000 0.397411
vt 0.000000 0.325155
vt 0.000000 0.252898
vt 0.056569 0.240855
vt 0.000000 0.180642
vt 0.056569 0.150483
vt 0.000000 0.108385
vt 0.056569 0.031393
vt 0.000000 0.036128
vt 0.000000 -0.036128
vt 0.056569 -0.094227
vt 0.000000 -0.108385
vt 0.000000 -0.180642
vt 0.056569 -0.210801
vt 0.000000 -0.252898
vt 0.056569 0.301069
vt 0.056569 0.361283
vt 0.056569 -0.331124
vt 0.056569 -0.240855
vt 0.056569 -0.149249
vt 0.056569 -0.030159
vt 0.056569 0.086415
vt 0.056569 0.212035
vt 0.056569 0.267056
vt 0.056569 0.150483
vt 0.056569 0.060214
vt 0.056569 -0.031393
vt 0.056569 -0.120428
vt 0.056569 -0.210801
vt 0.056569 -0.329890
vt 0.162635 -0.291994
vt 0.000000 -0.349086
vt 0.162635 -0.375420
vt 0.162635 0.337746
vt -0.000000 0.375420
vt 0.000000 0.294044
vt -0.000000 -0.268157
vt 0.162635 -0.172484
vt 0.000000 -0.187913
vt 0.000000 -0.080209
vt 0.162635 0.000000
vt 0.000000 0.026506
vt -0.000000 0.107263
vt 0.162635 0.172489
vt 0.000000 0.187913
vt -0.162635 -0.526217
vt 0.000000 -0.526217
vt 0.000000 -0.460440
vt -0.162635 -0.376916
vt 0.000000 -0.361350
vt 0.000000 -0.263108
vt -0.162635 -0.183970
vt 0.000000 -0.164376
vt 0.000000 -0.037137
vt -0.162635 -0.000000
vt 0.000000 0.065777
vt -0.162635 0.183966
vt 0.000000 0.164376
vt 0.000000 0.263108
vt -0.162635 0.376920
vt 0.000000 0.361350
vt 0.000000 0.493907
vt -0.162635 0.526217
vt 0.162635 0.375420
vt 0.000000 0.294044
vt 0.000000 -0.349086
vt 0.162635 -0.337746
vt 0.162635 -0.172490
vt 0.000000 -0.187914
vt 0.000000 -0.080209
vt 0.162635 0.172484
vt 0.000000 0.187913
vt 0.162635 0.291994
vt 0.162635 0.460440
vt 0.162635 0.526217
vt 0.000000 0.526217
vt 0.162635 -0.493907
vt 0.000000 -0.376920
vt 0.162635 -0.361350
vt 0.162635 -0.263108
vt 0.000000 -0.183966
vt 0.162635 -0.164376
vt 0.162635 -0.065777
vt 0.000000 -0.000000
vt 0.162635 0.037137
vt 0.000000 0.183970
vt 0.162635 0.164377
vt 0.162635 0.263108
vt 0.000000 0.376917
vt 0.162635 0.361350
vt 0.162635 -0.337746
vt 0.162635 -0.172489
vt 0.000000 -0.187914
vt 0.000000 -0.080209
vt 0.162635 0.172484
vt -0.162635 -0.376920
vt 0.000000 -0.361350
vt -0.162635 -0.183965
vt 0.000000 -0.164376
vt 0.000000 -0.037136
vt -0.162635 -0.000000
vt -0.162635 0.183970
vt 0.000000 0.164377
vt -0.162635 0.376916
vt 0.000000 0.361350
vt 0.000000 0.493907
vt 0.162635 0.337746
vt 0.162635 -0.172484
vt 0.162635 0.172489
vt 0.162635 -0.493907
vt 0.000000 -0.376916
vt 0.162635 -0.361350
vt 0.000000 -0.183970
vt 0.162635 -0.164377
vt 0.000000 -0.000000
vt 0.162635 0.037135
vt 0.000000 0.183966
vt 0.162635 0.164377
vt 0.000000 0.376920
vt 0.162635 0.361350
vt 0.000000 0.287979
vt 0.000000 0.345575
vt -0.028284 0.345575
vt -0.028284 -0.345575
vt 0.000000 -0.316473
vt -0.028284 -0.282743
vt 0.000000 -0.230383
vt -0.028284 -0.219911
vt 0.000000 -0.146169
vt -0.028284 -0.157080
vt -0.028284 -0.094248
vt 0.000000 -0.029213
vt -0.028284 -0.031416
vt -0.028284 0.031416
vt 0.000000 0.087661
vt -0.028284 0.094248
vt -0.028284 0.157080
vt 0.000000 0.204763
vt -0.028284 0.219911
vt -0.028284 0.282743
vt 0.640000 -0.257039
vt 0.000000 -0.257039
vt 0.640000 -0.314159
vt 0.000000 -0.314159
vt 0.640000 0.314159
vt 0.000000 0.314159
vt 0.640000 0.257039
vt 0.000000 0.257039
vt 0.640000 0.199920
vt 0.000000 0.199920
vt 0.640000 0.142800
vt 0.000000 0.142800
vt 0.640000 0.085680
vt 0.000000 0.085680
vt 0.640000 0.028560
vt 0.000000 0.028560
vt 0.640000 -0.028560
vt 0.000000 -0.028560
vt 0.640000 -0.085680
vt 0.000000 -0.085680
vt 0.640000 -0.142800
vt 0.000000 -0.142800
vt 0.640000 -0.199920
vt 0.000000 -0.199920
vt 0.000000 -0.345575
vt 0.028284 -0.345575
vt 0.028284 -0.287979
vt 0.000000 -0.282743
vt 0.028284 -0.204763
vt 0.000000 -0.219911
vt 0.000000 -0.157080
vt 0.028284 -0.087661
vt 0.000000 -0.094248
vt 0.000000 -0.031416
vt 0.028284 0.029213
vt 0.000000 0.031416
vt 0.000000 0.094248
vt 0.028284 0.146169
vt 0.000000 0.157080
vt 0.000000 0.219911
vt 0.028284 0.230383
vt 0.000000 0.282743
vt 0.028284 0.316473
vt 0.000000 0.051276
vt -0.000000 -0.692998
vt -0.500000 -0.692998
vt -0.000000 -0.785398
vt -0.500000 -0.785398
vt -0.000000 0.785398
vt -0.500000 0.785398
vt -0.000000 0.692998
vt -0.500000 0.692998
vt -0.000000 0.600599
vt -0.500000 0.600599
vt -0.000000 0.508199
vt -0.500000 0.508199
vt -0.000000 0.415799
vt -0.500000 0.415799
vt -0.000000 0.323399
vt -0.500000 0.323399
vt -0.000000 0.230999
vt -0.500000 0.230999
vt -0.000000 0.138600
vt -0.500000 0.138600
vt -0.000000 0.046200
vt -0.500000 0.046200
vt -0.000000 -0.046200
vt -0.500000 -0.046200
vt -0.000000 -0.138600
vt -0.500000 -0.138600
vt -0.000000 -0.230999
vt -0.500000 -0.230999
vt -0.000000 -0.323399
vt -0.500000 -0.323399
vt -0.000000 -0.415799
vt -0.500000 -0.415799
vt -0.000000 -0.508199
vt -0.500000 -0.508199
vt -0.000000 -0.600599
vt -0.500000 -0.600599
vt 0.025804 0.148454
vt 0.006603 0.129816
vt 0.023214 -0.150710
vt 0.007278 -0.150710
vt -0.010000 0.037423
vt -0.005000 -0.018418
vt 0.000000 0.040116
vt 0.010000 0.718119
vt 0.000000 0.718119
vt 0.010000 0.619263
vt 0.000000 0.619263
vt 0.010000 0.520407
vt 0.000000 0.520407
vt 0.006000 0.421551
vt 0.010000 0.322695
vt 0.000000 0.322695
vt 0.010000 0.223838
vt 0.000000 0.223838
vt 0.010000 0.124982
vt 0.000000 0.124982
vt 0.010000 0.026126
vt 0.000000 0.026126
vt 0.010000 -0.072730
vt 0.000000 -0.072730
vt 0.010000 -0.171586
vt 0.000000 -0.171586
vt 0.004980 -0.270442
vt 0.010000 0.270442
vt 0.000000 0.270442
vt 0.010000 0.171586
vt 0.000000 0.171586
vt 0.010000 0.072730
vt 0.000000 0.072730
vt 0.010000 -0.026126
vt 0.000000 -0.026126
vt 0.010000 -0.124982
vt 0.000000 -0.124982
vt 0.010000 -0.223838
vt 0.000000 -0.223838
vt 0.010000 -0.322695
vt 0.000000 -0.322695
vt 0.006000 -0.421551
vt 0.010000 -0.520407
vt 0.000000 -0.520407
vt 0.010000 -0.619263
vt 0.000000 -0.619263
vt 0.004980 -0.718119
vt -0.010000 0.123663
vt -0.002500 0.071041
vt -0.000000 0.123663
vt -0.010000 -0.260953
vt 0.010000 -0.260953
vt -0.010000 -0.165565
vt 0.010000 -0.165565
vt -0.010000 -0.070178
vt 0.010000 -0.070178
vt -0.010000 0.025210
vt 0.010000 0.025210
vt -0.010000 0.120597
vt 0.010000 0.120597
vt -0.010000 0.215985
vt 0.010000 0.215985
vt -0.010000 0.311372
vt 0.010000 0.311372
vt -0.010000 0.406759
vt 0.010000 0.406759
vt -0.010000 0.502147
vt 0.010000 0.502147
vt -0.010000 0.597534
vt 0.010000 0.597534
vt -0.010000 0.692922
vt 0.010000 0.692922
vt 0.010000 0.044500
vt -0.010000 0.041512
vt 0.010000 -0.020431
vt -0.010000 -0.020431
vt 0.010000 -0.078805
vt -0.010000 -0.100829
vt 0.010000 -0.137178
vt 0.010000 0.100829
vt -0.010000 0.137178
vt -0.010000 0.078805
vt 0.010000 0.020431
vt -0.010000 0.020431
vt 0.010000 -0.041512
vt -0.010000 -0.044500
vt -0.010000 -0.692922
vt 0.010000 -0.692922
vt -0.010000 -0.597534
vt 0.010000 -0.597534
vt -0.010000 -0.502147
vt 0.010000 -0.502147
vt -0.010000 -0.406759
vt 0.010000 -0.406759
vt -0.010000 -0.311372
vt 0.010000 -0.311372
vt -0.010000 -0.215985
vt 0.010000 -0.215985
vt -0.010000 -0.120597
vt 0.010000 -0.120597
vt -0.010000 -0.025210
vt 0.010000 -0.025210
vt -0.010000 0.070178
vt 0.010000 0.070178
vt -0.010000 0.165565
vt 0.010000 0.165565
vt -0.010000 0.260953
vt 0.010000 0.260953
vt 0.016971 0.020839
vt 0.000000 0.000042
vt 0.016971 -0.018979
vt -0.058762 7.844988
vt -0.083530 7.974277
vt -0.083670 7.667573
vt -0.059188 7.231263
vt -0.083695 7.360870
vt -0.083725 7.054167
vt -0.058512 6.618100
vt -0.083756 6.747464
vt -0.083787 6.440763
vt -0.057950 6.005338
vt -0.083813 6.134059
vt -0.083835 5.827356
vt -0.058259 5.391651
vt -0.083852 5.520653
vt -0.083862 5.213950
vt -0.070392 4.907247
vt -0.059188 4.293841
vt -0.070392 4.600544
vt -0.081920 4.293841
vt -0.058762 3.857849
vt -0.081920 3.987138
vt -0.081920 3.680435
vt -0.059188 3.244126
vt -0.081921 3.373732
vt -0.081920 3.067029
vt -0.058512 2.630962
vt -0.081920 2.760326
vt -0.081920 2.453623
vt -0.057950 2.018199
vt -0.081920 2.146920
vt -0.081920 1.840218
vt -0.057585 1.533515
vt -0.081920 1.533515
vt -0.059188 1.097204
vt -0.081920 1.226812
vt -0.081920 0.920109
vt -0.059188 0.483799
vt -0.081920 0.613406
vt -0.081920 0.306703
vt -0.058762 -0.129289
vt -0.081920 0.000000
vt -0.081920 -0.306703
vt -0.059188 -0.743012
vt -0.081921 -0.613406
vt -0.081920 -0.920109
vt -0.058512 -1.356176
vt -0.081920 -1.226812
vt -0.081920 -1.533515
vt -0.057950 -1.968939
vt -0.081920 -1.840218
vt -0.081920 -2.146920
vt -0.057585 -2.453623
vt -0.081920 -2.453623
vt -0.059188 -2.889934
vt -0.081920 -2.760326
vt -0.081920 -3.067029
vt -0.059188 -3.503339
vt -0.081921 -3.373732
vt -0.081920 -3.680435
vt -0.058452 -3.987138
vt -0.081920 -3.987138
vt -0.070392 -4.293841
vt -0.058512 -5.343314
vt -0.070392 -4.907247
vt -0.083600 -5.213950
vt -0.083596 -5.520653
vt -0.057950 -5.956077
vt -0.083590 -5.827356
vt -0.083582 -6.134059
vt -0.057585 -6.440762
vt -0.083575 -6.440762
vt -0.059188 -6.877071
vt -0.083569 -6.747464
vt -0.083567 -7.054167
vt -0.059188 -7.490477
vt -0.083573 -7.360870
vt -0.083591 -7.667573
vt -0.058452 -7.974277
vt -0.078016 8.280979
vt 0.003142 -0.304879
vt 0.080748 -0.152440
vt 0.003142 0.000000
vt 0.077912 0.152440
vt 0.003142 0.304879
vt 0.080750 0.457319
vt 0.003142 0.609758
vt 0.080752 0.762198
vt 0.003142 0.914638
vt 0.080755 1.067077
vt 0.003142 1.219517
vt 0.080757 1.371956
vt 0.003142 1.524396
vt 0.080758 1.676836
vt 0.003142 1.829275
vt 0.080759 1.981715
vt 0.003142 2.134154
vt 0.080758 2.286594
vt 0.003142 2.439034
vt 0.080756 2.591473
vt 0.003142 2.743913
vt 0.080754 2.896353
vt 0.003142 3.048792
vt 0.080751 3.201232
vt 0.003142 3.353671
vt 0.080749 3.506111
vt 0.003142 3.658551
vt 0.077910 3.810990
vt 0.003142 3.963430
vt 0.080748 4.115869
vt 0.003142 4.268309
vt 0.080750 4.420748
vt 0.003142 4.573188
vt 0.080752 4.725627
vt 0.003142 4.878067
vt 0.080755 5.030507
vt 0.003142 5.182947
vt 0.080757 5.335386
vt 0.003142 5.487826
vt 0.080758 5.640265
vt 0.003142 5.792705
vt 0.080758 5.945144
vt 0.003142 6.097584
vt 0.080758 6.250023
vt 0.003142 6.402463
vt 0.080756 6.554903
vt 0.003142 6.707343
vt 0.080753 6.859782
vt 0.003142 7.012222
vt 0.080751 7.164662
vt 0.003142 7.317101
vt 0.080748 7.469542
vt 0.003142 7.621980
vt 0.064403 7.774420
vt 0.003142 7.926859
vt 0.003142 -7.621981
vt 0.077910 -7.774419
vt 0.080749 -7.469542
vt 0.003142 -7.317101
vt 0.080751 -7.164662
vt 0.003142 -7.012222
vt 0.080753 -6.859782
vt 0.003142 -6.707343
vt 0.080756 -6.554903
vt 0.003142 -6.402463
vt 0.080757 -6.250023
vt 0.003142 -6.097584
vt 0.080759 -5.945144
vt 0.003142 -5.792705
vt 0.080758 -5.640265
vt 0.003142 -5.487826
vt 0.080757 -5.335386
vt 0.003142 -5.182947
vt 0.080755 -5.030507
vt 0.003142 -4.878067
vt 0.080752 -4.725627
vt 0.003142 -4.573188
vt 0.080750 -4.420748
vt 0.003142 -4.268309
vt 0.080748 -4.115869
vt 0.003142 -3.963430
vt 0.077910 -3.810990
vt 0.003142 -3.658551
vt 0.080749 -3.506111
vt 0.003142 -3.353671
vt 0.080751 -3.201232
vt 0.003142 -3.048792
vt 0.080754 -2.896353
vt 0.003142 -2.743913
vt 0.080756 -2.591473
vt 0.003142 -2.439034
vt 0.080758 -2.286594
vt 0.003142 -2.134154
vt 0.080759 -1.981715
vt 0.003142 -1.829275
vt 0.080758 -1.676836
vt 0.003142 -1.524396
vt 0.080757 -1.371956
vt 0.003142 -1.219517
vt 0.080755 -1.067077
vt 0.003142 -0.914638
vt 0.080752 -0.762198
vt 0.003142 -0.609758
vt 0.080750 -0.457319
vt -0.246270 -0.395147
vt -0.244528 0.000000
vt -0.269692 0.265255
vt -0.314159 -0.711096
vt -0.240366 2.970620
vt -0.209440 3.205519
vt -0.233479 3.600568
vt -0.252691 5.620773
vt -0.209440 5.876785
vt -0.253013 6.145640
vt -0.233479 -3.600569
vt -0.209440 -3.205519
vt -0.240366 -2.970620
vt -0.314159 6.277475
vt -0.261799 6.539036
vt -0.314159 5.025196
vt -0.236109 5.183615
vt -0.235284 4.655628
vt -0.314159 3.946250
vt -0.234476 4.128050
vt -0.314159 2.869635
vt -0.236708 2.504420
vt -0.314159 1.792228
vt -0.238487 1.976327
vt -0.240419 1.448508
vt -0.250231 0.807189
vt -0.242258 1.054554
vt -0.245439 0.526601
vt -0.243024 -0.921201
vt -0.240419 -1.448508
vt -0.314159 -1.792228
vt -0.238487 -1.976327
vt -0.236708 -2.504420
vt -0.314159 -2.869635
vt -0.314159 -3.946249
vt -0.234477 -4.128049
vt -0.235284 -4.655628
vt -0.314159 -5.025198
vt -0.236109 -5.183615
vt -0.252556 -5.620277
vt -0.314159 -6.008021
vt -0.216774 -5.993230
vt 0.200000 -0.659734
vt 0.075600 -0.659734
vt 0.200000 -0.753982
vt 0.075600 -0.753982
vt 0.200000 0.753982
vt 0.075600 0.753982
vt 0.200000 0.659734
vt 0.075600 0.659734
vt 0.200000 0.565487
vt 0.075600 0.565487
vt 0.200000 0.471239
vt 0.075600 0.471239
vt 0.200000 0.376991
vt 0.075600 0.376991
vt 0.200000 0.282743
vt 0.075600 0.282743
vt 0.200000 0.188496
vt 0.075600 0.188496
vt 0.200000 0.094248
vt 0.075600 0.094248
vt 0.200000 0.000000
vt 0.075600 0.000000
vt 0.200000 -0.094248
vt 0.075600 -0.094248
vt 0.200000 -0.188496
vt 0.075600 -0.188496
vt 0.200000 -0.282743
vt 0.075600 -0.282743
vt 0.200000 -0.376991
vt 0.075600 -0.376991
vt 0.200000 -0.471239
vt 0.075600 -0.471239
vt 0.200000 -0.565487
vt 0.075600 -0.565487
vt -0.214130 0.246805
vt -0.214130 0.329074
vt -0.252662 0.329074
vt -0.214130 0.411342
vt -0.252662 0.466859
vt -0.214130 0.493611
vt -0.214130 0.575879
vt -0.252662 0.640982
vt -0.214130 0.658147
vt -0.252662 -0.636209
vt -0.214130 -0.658147
vt -0.214130 -0.575879
vt -0.252662 -0.501967
vt -0.214130 -0.493611
vt -0.214130 -0.411342
vt -0.252662 -0.329074
vt -0.214130 -0.329074
vt -0.214130 -0.246805
vt -0.252662 -0.156181
vt -0.214130 -0.164537
vt -0.214130 -0.082268
vt -0.252662 0.017167
vt -0.214130 0.000000
vt -0.214130 0.082268
vt -0.252662 0.191290
vt -0.214130 0.164537
vt -0.252662 0.000000
vt -0.252662 0.137785
vt -0.252662 0.311908
vt -0.252662 0.485254
vt -0.252662 0.658147
vt -0.252662 -0.614271
vt -0.252662 -0.485255
vt -0.252662 -0.311907
vt -0.252662 -0.137784
vt -0.252662 -0.329074
vt -0.252662 -0.191289
vt -0.252662 -0.017166
vt -0.252662 0.156181
vt -0.252662 0.329073
vt -0.252662 0.501966
vt -0.252662 0.675314
vt -0.252662 -0.592333
vt -0.252662 -0.466858
vt 0.200275 -0.707551
vt 0.000000 -0.707551
vt 0.200275 -0.801892
vt 0.000000 -0.801892
vt 0.200275 0.801892
vt 0.000000 0.801892
vt 0.200275 0.707551
vt 0.000000 0.707551
vt 0.200275 0.613211
vt 0.000000 0.613211
vt 0.200275 0.518871
vt 0.000000 0.518871
vt 0.200275 0.424531
vt 0.000000 0.424531
vt 0.200275 0.330191
vt 0.000000 0.330191
vt 0.200275 0.235850
vt 0.000000 0.235850
vt 0.200275 0.141510
vt 0.000000 0.141510
vt 0.200275 0.047170
vt 0.000000 0.047170
vt 0.200275 -0.047170
vt 0.000000 -0.047170
vt 0.200275 -0.141510
vt 0.000000 -0.141510
vt 0.200275 -0.235850
vt 0.000000 -0.235850
vt 0.200275 -0.330191
vt 0.000000 -0.330191
vt 0.200275 -0.424531
vt 0.000000 -0.424531
vt 0.200275 -0.518871
vt 0.000000 -0.518871
vt 0.200275 -0.613211
vt 0.000000 -0.613211
vt -0.252662 0.658147
vt -0.252662 -0.658147
vt -0.252662 -0.520362
vt -0.252662 -0.346239
vt -0.252662 -0.172893
vt -0.252662 -0.000000
vt -0.252662 0.172892
vt -0.252662 0.346240
vt -0.252662 0.520363
vt 0.023094 -0.414088
vt 0.000000 -0.383831
vt 0.018475 -0.489377
vt 0.023094 0.414088
vt 0.018475 0.489377
vt 0.000000 0.369055
vt 0.023094 0.338799
vt 0.023094 0.263511
vt 0.000000 0.218478
vt 0.023094 0.188222
vt 0.023094 0.112933
vt 0.000000 0.112933
vt 0.023094 0.037644
vt 0.000000 -0.007382
vt 0.023094 -0.037644
vt 0.023094 -0.112933
vt 0.000000 -0.112933
vt 0.023094 -0.188222
vt 0.000000 -0.233255
vt 0.023094 -0.263511
vt 0.023094 -0.338799
vt 0.030000 -3.282040
vt 0.000000 -3.282040
vt 0.030000 -3.487168
vt 0.000000 -3.487168
vt 0.030000 3.487168
vt 0.000000 3.487168
vt 0.030000 3.282040
vt 0.000000 3.282040
vt 0.030000 3.076913
vt 0.000000 3.076913
vt 0.030000 2.871785
vt 0.000000 2.871785
vt 0.030000 2.666658
vt 0.000000 2.666658
vt 0.030000 2.461530
vt 0.000000 2.461530
vt 0.030000 2.256403
vt 0.000000 2.256403
vt 0.030000 2.051275
vt 0.000000 2.051275
vt 0.030000 1.846148
vt 0.000000 1.846148
vt 0.030000 1.641020
vt 0.000000 1.641020
vt 0.030000 1.435893
vt 0.000000 1.435893
vt 0.030000 1.230765
vt 0.000000 1.230765
vt 0.030000 1.025638
vt 0.000000 1.025638
vt 0.030000 0.820510
vt 0.000000 0.820510
vt 0.030000 0.615383
vt 0.000000 0.615383
vt 0.030000 0.410255
vt 0.000000 0.410255
vt 0.030000 0.205128
vt 0.000000 0.205128
vt 0.030000 0.000000
vt 0.030000 -0.205128
vt 0.000000 -0.205128
vt 0.030000 -0.410255
vt 0.000000 -0.410255
vt 0.030000 -0.615383
vt 0.000000 -0.615383
vt 0.030000 -0.820510
vt 0.000000 -0.820510
vt 0.030000 -1.025638
vt 0.000000 -1.025638
vt 0.030000 -1.230765
vt 0.000000 -1.230765
vt 0.030000 -1.435893
vt 0.000000 -1.435893
vt 0.030000 -1.641020
vt 0.000000 -1.641020
vt 0.030000 -1.846148
vt 0.000000 -1.846148
vt 0.030000 -2.051275
vt 0.000000 -2.051275
vt 0.030000 -2.256403
vt 0.000000 -2.256403
vt 0.030000 -2.461530
vt 0.000000 -2.461530
vt 0.030000 -2.666658
vt 0.000000 -2.666658
vt 0.030000 -2.871785
vt 0.000000 -2.871785
vt 0.030000 -3.076913
vt 0.000000 -3.076913
vt -0.000000 -3.134201
vt -0.030000 -3.134201
vt -0.000000 -3.330088
vt -0.030000 -3.330088
vt -0.000000 3.330088
vt -0.030000 3.330088
vt -0.000000 3.134201
vt -0.030000 3.134201
vt -0.000000 2.938313
vt -0.030000 2.938313
vt -0.000000 2.742425
vt -0.030000 2.742425
vt -0.000000 2.546538
vt -0.030000 2.546538
vt -0.000000 2.350650
vt -0.030000 2.350650
vt -0.000000 2.154763
vt -0.030000 2.154763
vt -0.000000 1.958875
vt -0.030000 1.958875
vt -0.000000 1.762988
vt -0.030000 1.762988
vt -0.000000 1.567100
vt -0.030000 1.567100
vt -0.000000 1.371213
vt -0.030000 1.371213
vt -0.000000 1.175325
vt -0.030000 1.175325
vt -0.000000 0.979438
vt -0.030000 0.979438
vt -0.000000 0.783550
vt -0.030000 0.783550
vt -0.000000 0.587663
vt -0.030000 0.587663
vt -0.000000 0.391775
vt -0.030000 0.391775
vt -0.000000 0.195888
vt -0.030000 0.195888
vt -0.030000 0.000000
vt -0.000000 -0.195888
vt -0.030000 -0.195888
vt -0.000000 -0.391775
vt -0.030000 -0.391775
vt -0.000000 -0.587663
vt -0.030000 -0.587663
vt -0.000000 -0.783550
vt -0.030000 -0.783550
vt -0.000000 -0.979438
vt -0.030000 -0.979438
vt -0.000000 -1.175325
vt -0.030000 -1.175325
vt -0.000000 -1.371213
vt -0.030000 -1.371213
vt -0.000000 -1.567100
vt -0.030000 -1.567100
vt -0.000000 -1.762988
vt -0.030000 -1.762988
vt -0.000000 -1.958875
vt -0.030000 -1.958875
vt -0.000000 -2.154763
vt -0.030000 -2.154763
vt -0.000000 -2.350650
vt -0.030000 -2.350650
vt -0.000000 -2.546538
vt -0.030000 -2.546538
vt -0.000000 -2.742425
vt -0.030000 -2.742425
vt -0.000000 -2.938313
vt -0.030000 -2.938313
vt 0.511910 -6.584669
vt 0.067203 -6.758128
vt 0.511910 -7.033970
vt 0.067203 -7.033970
vt 0.511910 7.033970
vt 0.067203 7.033970
vt 0.067203 6.758128
vt 0.067203 -6.482286
vt 0.067203 -6.206444
vt 0.511910 -5.987821
vt 0.067203 -5.930602
vt 0.067203 -5.654760
vt 0.511910 -5.390680
vt 0.067203 -5.378918
vt 0.067203 -5.103076
vt 0.511910 -4.793610
vt 0.067203 -4.827234
vt 0.067203 -4.551392
vt 0.511910 -4.196991
vt 0.067203 -4.275550
vt 0.067203 -3.999708
vt 0.511910 -3.741473
vt 0.067203 -3.723866
vt 0.511910 -3.442155
vt 0.067203 -3.448025
vt 0.067203 -3.172183
vt 0.511910 -3.023091
vt 0.067203 -2.896341
vt 0.067203 -2.620499
vt 0.511910 -2.428467
vt 0.067203 -2.344657
vt 0.067203 -2.068815
vt 0.511910 -1.833356
vt 0.067203 -1.792973
vt 0.067203 -1.517131
vt 0.511910 -1.237606
vt 0.067203 -1.241289
vt 0.067203 -0.965447
vt 0.511910 -0.748295
vt 0.067203 -0.689605
vt 0.511910 -0.298409
vt 0.067203 -0.413763
vt 0.067203 -0.137921
vt 0.511910 0.149659
vt 0.067203 0.137921
vt 0.067203 0.413763
vt 0.511910 0.448977
vt 0.067203 0.689605
vt 0.511910 0.748295
vt 0.067203 0.965447
vt 0.511910 1.237606
vt 0.067203 1.241289
vt 0.067203 1.517131
vt 0.511910 1.833356
vt 0.067203 1.792973
vt 0.067203 2.068815
vt 0.511910 2.428466
vt 0.067203 2.344657
vt 0.067203 2.620499
vt 0.511910 3.023091
vt 0.067203 2.896341
vt 0.067203 3.172183
vt 0.511910 3.442155
vt 0.067203 3.448025
vt 0.067203 3.723866
vt 0.511910 3.741473
vt 0.067203 3.999708
vt 0.511910 4.196991
vt 0.067203 4.275550
vt 0.067203 4.551392
vt 0.511910 4.793610
vt 0.067203 4.827234
vt 0.067203 5.103076
vt 0.511910 5.390680
vt 0.067203 5.378918
vt 0.067203 5.654760
vt 0.511910 5.836699
vt 0.067203 5.930602
vt 0.511910 6.136016
vt 0.067203 6.206444
vt 0.511910 6.435334
vt 0.067203 6.482286
vt 0.511910 6.734652
vt 1.470574 -7.577283
vt 0.029327 -7.583231
vt 1.470574 -7.886560
vt 0.749899 -7.886560
vt 1.470574 7.886560
vt 0.029225 7.886560
vt 0.029172 7.583231
vt 0.029528 -7.279902
vt 1.470574 -7.268006
vt 0.029721 -6.976572
vt 1.470574 -6.958729
vt 0.029907 -6.673243
vt 1.470574 -6.649452
vt 0.030083 -6.369914
vt 1.470574 -6.340176
vt 0.030253 -6.066585
vt 1.470574 -6.030899
vt 0.030415 -5.763255
vt 1.470574 -5.721622
vt 0.030565 -5.459926
vt 1.470574 -5.412345
vt 0.030709 -5.156597
vt 1.470574 -5.103068
vt 1.466666 -4.794113
vt 0.031271 -4.246609
vt 1.466070 -4.484923
vt 1.470574 -4.175238
vt 0.031301 -3.943280
vt 1.470574 -3.865961
vt 0.031328 -3.639951
vt 1.470574 -3.556684
vt 0.031352 -3.336621
vt 1.470574 -3.247407
vt 0.031373 -3.033292
vt 1.470574 -2.938130
vt 0.031392 -2.729963
vt 1.470574 -2.628853
vt 0.031408 -2.426634
vt 1.470574 -2.319577
vt 0.031422 -2.123305
vt 1.470574 -2.010300
vt 0.031433 -1.819975
vt 1.470574 -1.701023
vt 0.031441 -1.516646
vt 1.470574 -1.391746
vt 0.031447 -1.213317
vt 1.470574 -1.082469
vt 0.031451 -0.909988
vt 1.470574 -0.773192
vt 0.031452 -0.606658
vt 1.470574 -0.463915
vt 0.031451 -0.303329
vt 1.470574 -0.154638
vt 0.031447 0.000000
vt 1.470574 0.154638
vt 0.031442 0.303329
vt 1.470574 0.463915
vt 0.031434 0.606658
vt 1.470574 0.773192
vt 0.031424 0.909988
vt 1.470574 1.082469
vt 0.031411 1.213317
vt 1.470574 1.391746
vt 0.031397 1.516646
vt 1.470574 1.701023
vt 0.031381 1.819975
vt 1.470574 2.010300
vt 0.031362 2.123305
vt 1.470574 2.319577
vt 0.031342 2.426634
vt 1.470574 2.628853
vt 0.031320 2.729963
vt 1.470574 2.938130
vt 0.031296 3.033292
vt 1.470574 3.247407
vt 0.031270 3.336621
vt 1.470574 3.556684
vt 0.031242 3.639951
vt 1.470574 3.865961
vt 0.031213 3.943280
vt 1.463668 4.175922
vt 1.465156 4.794238
vt 1.470574 5.103068
vt 0.030194 5.156597
vt 1.470574 5.412345
vt 0.030066 5.459926
vt 1.470574 5.721622
vt 0.029940 5.763255
vt 1.470574 6.030899
vt 0.029811 6.066585
vt 1.470574 6.340176
vt 0.029681 6.369914
vt 1.470574 6.649452
vt 0.029553 6.673244
vt 1.470574 6.958729
vt 0.029425 6.976572
vt 1.470574 7.268006
vt 0.029298 7.279902
vt 1.470574 7.577283
vt 0.029225 4.853268
vt 1.464428 4.485072
vt 0.029225 4.549939
vt 0.029225 4.246609
vt 0.029225 -4.549939
vt 0.029225 -4.853268
vt -5.620203 -0.400045
vt -5.515516 -0.433830
vt -5.508965 -0.324624
vt -5.620203 -0.230275
vt -5.499246 -0.177335
vt -5.620203 -0.081117
vt -5.493681 0.000287
vt -5.720202 -0.081117
vt -5.800203 -0.081117
vt -5.800203 -0.218373
vt -5.980203 -0.052360
vt -5.900203 -0.081117
vt -5.980203 0.052360
vt -5.900203 0.081117
vt -5.800203 0.081117
vt -5.720202 0.081117
vt -5.720202 0.218374
vt -5.620203 0.081117
vt -5.499245 0.177326
vt -5.620203 0.230275
vt -5.508948 0.324395
vt -5.620203 0.400045
vt -5.515528 0.434053
vt -5.800203 0.236453
vt -5.720202 0.373708
vt -5.800202 0.397992
vt -5.720202 0.471239
vt -5.980203 0.157080
vt -5.900203 0.234822
vt -5.980203 0.261799
vt -5.980203 0.400120
vt -5.900203 0.373708
vt -5.900203 0.471239
vt -5.980203 -0.157080
vt -5.900203 -0.234822
vt -5.980203 -0.261799
vt -5.980203 -0.396137
vt -5.900203 -0.373708
vt -5.900203 -0.471239
vt -5.720202 -0.236453
vt -5.800203 -0.373708
vt -5.720202 -0.406229
vt -5.800203 -0.471239
vt -0.168393 -0.037709
vt -0.125000 -0.025000
vt -0.125000 0.025000
vt -0.134064 0.108657
vt -0.025000 0.125000
vt -0.000299 0.172562
vt 0.025000 0.125000
vt 0.110358 0.138384
vt 0.125000 0.025000
vt 0.168337 0.037955
vt 0.125000 -0.025000
vt 0.135132 -0.107318
vt 0.025000 -0.125000
vt -0.000299 -0.172562
vt -0.025000 -0.125000
vt -0.110358 -0.138384
vt -0.025000 -0.025000
vt -0.025000 0.025000
vt 0.025000 0.025000
vt 0.025000 -0.025000
vt -0.168393 -0.037709
vt -0.000299 0.172562
vt 0.135132 -0.107318
vt -0.000299 -0.172562
vt -0.300000 -5.720203
vt -0.230780 -5.800203
vt -0.230000 -5.720203
vt -0.070000 -5.800203
vt -0.069220 -5.720203
vt 0.000000 -5.800203
vt -0.069241 -5.900203
vt -0.231502 -5.900203
vt 0.000000 -5.980203
vt -0.300000 -5.980203
vt -0.230000 -5.620203
vt -0.070000 -5.620203
vt -0.289582 -5.517483
vt 0.000000 -5.517298
vt 0.000000 -5.620203
vt -0.300000 -5.620203
vt -5.493680 0.000285
vt -5.499246 0.177332
vt -5.620203 0.230273
vt -5.720202 0.218373
vt -5.800203 0.236453
vt -5.800203 0.406229
vt -5.900203 0.234822
vt -5.980203 0.400120
vt -5.900203 -0.234822
vt -5.980203 -0.396137
vt -5.800203 -0.218374
vt -5.720201 -0.236453
vt -5.720202 -0.397992
vt -5.499245 -0.177324
vt -5.620203 -0.230275
vt -5.508948 -0.324395
vt -5.620203 -0.400045
vt -5.515527 -0.434054
vt -5.508956 0.324496
vt -5.620203 0.400045
vt -5.515513 0.433764
vt 0.997338 0.622604
vt 0.998416 0.173341
vt 1.010200 0.000000
vt 1.000200 0.140000
vt 1.000200 -0.010000
vt 0.987635 0.620730
vt 0.936731 0.749577
vt 0.002165 0.171918
vt -0.004515 0.541400
vt -0.010000 0.000000
vt -0.000000 0.140000
vt -0.000000 -0.010000
vt -1.279900 -0.010000
vt -1.279900 0.000000
vt 0.013341 0.161784
vt 2.280100 -0.010000
vt 2.280100 0.000000
vt 0.987155 0.161863
vt 0.792557 -0.042187
vt 0.785767 1.269900
vt 0.775970 -0.166248
vt 0.765323 -0.170570
vt 0.743633 -0.219512
vt 0.633845 -0.241183
vt 0.694955 -0.243488
vt 0.640096 -0.233896
vt 0.528575 -0.139231
vt 0.344826 -0.096155
vt 0.440681 -0.099068
vt 0.343910 -0.086197
vt 0.251108 -0.116495
vt 0.243845 -0.695028
vt 0.215945 -0.740129
vt 0.204088 -0.757681
vt 0.166327 -0.766107
vt 0.084292 -0.794275
vt -1.512981 -0.775957
vt -1.515677 -0.785277
vt -1.565138 -0.747367
vt -1.556534 -0.742593
vt -1.601240 -0.619651
vt -1.737945 -0.524471
vt -1.657308 -0.553676
vt -1.735843 -0.514695
vt -1.823459 -0.517940
vt -1.958760 -0.619651
vt -2.003267 -0.742019
vt -1.995084 -0.748005
vt -2.046028 -0.779787
vt -3.726248 -0.775970
vt -3.602187 -0.792557
vt -3.776532 -0.749405
vt -3.775945 -0.740129
vt -3.803845 -0.695028
vt -3.793897 -0.640096
vt -3.801183 -0.633845
vt -3.699231 -0.528575
vt -3.904826 -0.096155
vt -3.811108 -0.116495
vt -3.903910 -0.086197
vt -4.000681 -0.099068
vt -4.340041 -0.138446
vt -4.303633 -0.219512
vt -4.326107 -0.166327
vt -4.342577 -0.041655
vt -4.352558 3.602187
vt -4.335970 3.726248
vt -4.325323 3.730570
vt -4.303633 3.779513
vt -4.193845 3.801183
vt -4.254955 3.803488
vt -4.200096 3.793897
vt -4.088574 3.699231
vt -3.904826 3.656155
vt -4.000681 3.659068
vt -3.903910 3.646197
vt -3.811108 3.676495
vt -3.644292 4.354276
vt -2.047019 4.335957
vt -2.044323 4.345276
vt -1.994862 4.307367
vt -2.003467 4.302592
vt -1.958760 4.179651
vt -1.822055 4.084472
vt -1.902692 4.113676
vt -1.824157 4.074695
vt -1.736541 4.077940
vt -1.601240 4.179651
vt -1.556734 4.302018
vt -1.564916 4.308005
vt -1.513972 4.339787
vt 0.042187 4.352558
vt 0.166248 4.335970
vt 0.216531 4.309405
vt 0.215945 4.300129
vt 0.243570 4.254972
vt 0.241183 4.193844
vt 0.233896 4.200096
vt 0.139231 4.088574
vt 0.344826 3.656155
vt 0.251108 3.676495
vt 0.343910 3.646197
vt 0.440681 3.659068
vt 0.907562 2.540566
vt 1.850634 1.000000
vt 0.908850 3.011304
vt 1.850634 4.560000
vt 0.852938 3.141703
vt 0.773268 3.221346
vt 0.635772 3.278355
vt 0.000000 4.560000
vt 0.000000 3.290100
vt 0.852938 2.418298
vt 0.773268 2.338654
vt 0.635772 2.281645
vt 0.000000 1.000000
vt 0.000000 2.269900
vt 2.574100 0.510100
vt 2.780000 0.510100
vt 2.559391 1.921848
vt 2.768683 1.909356
vt 2.719693 2.122020
vt 2.527137 2.003079
vt 2.646025 2.280000
vt 2.476308 2.030116
vt 2.275941 2.183808
vt 2.413846 2.021183
vt 2.266913 2.082500
vt 2.185192 2.024430
vt 2.305743 1.923352
vt 2.219419 1.883906
vt 2.124826 1.876155
vt 2.054588 2.060999
vt 2.033231 1.901022
vt 1.955546 1.955546
vt 1.901022 2.033231
vt 1.876155 2.124826
vt 2.024059 2.183809
vt 1.883906 2.219419
vt 1.923352 2.305743
vt 2.022993 2.416171
vt 2.114809 2.275570
vt 2.030116 2.476308
vt 2.280000 2.646025
vt 1.984088 2.537681
vt 2.122020 2.719693
vt 1.932864 2.766626
vt 1.848999 2.570079
vt 0.264323 2.565277
vt 0.027730 2.612570
vt 2.484416 2.484416
vt 2.217500 2.266913
vt -1.780000 2.780000
vt -0.263450 2.565056
vt -0.060000 2.603923
vt -0.111877 2.530317
vt -0.215084 2.528004
vt -0.103923 2.440000
vt -0.174400 2.402099
vt -0.118726 2.339053
vt -1.953648 2.764808
vt -1.921848 2.559391
vt -2.122020 2.719693
vt -2.003079 2.527137
vt -2.280000 2.646025
vt -2.030116 2.476308
vt -2.116192 2.275941
vt -2.021183 2.413846
vt -2.024430 2.185192
vt -1.923352 2.305743
vt -1.883906 2.219419
vt -1.876155 2.124826
vt -2.060999 2.054588
vt -1.901022 2.033231
vt -1.955546 1.955546
vt -2.033231 1.901022
vt -2.124826 1.876155
vt -2.183809 2.024059
vt -2.219419 1.883906
vt -2.305743 1.923352
vt -2.416171 2.022993
vt -2.266913 2.082500
vt -2.275570 2.185192
vt -2.476308 2.030116
vt -2.646025 2.280000
vt -2.537681 1.984088
vt -2.719693 2.122020
vt -2.764808 1.953648
vt -2.570079 1.848999
vt -2.780000 1.780000
vt -2.559391 -1.921848
vt -2.780000 -1.780000
vt -2.764808 -1.953648
vt -2.719693 -2.122020
vt -2.527137 -2.003079
vt -2.646025 -2.280000
vt -2.476308 -2.030116
vt -2.275941 -2.183808
vt -2.413846 -2.021183
vt -2.266913 -2.082500
vt -2.185192 -2.024430
vt -2.305743 -1.923352
vt -2.219419 -1.883906
vt -2.124826 -1.876155
vt -2.054588 -2.060999
vt -2.033231 -1.901022
vt -1.955546 -1.955546
vt -1.901022 -2.033231
vt -1.876155 -2.124826
vt -2.024059 -2.183809
vt -1.883906 -2.219419
vt -1.923352 -2.305743
vt -2.022993 -2.416171
vt -2.114808 -2.275570
vt -2.030116 -2.476308
vt -2.280000 -2.646025
vt -1.984088 -2.537681
vt -2.122020 -2.719693
vt -1.932864 -2.766626
vt -1.848999 -2.570079
vt -0.264323 -2.565277
vt 0.027731 -2.612569
vt -0.060000 -2.603923
vt -2.217500 2.266913
vt -2.484416 2.484416
vt -2.484416 -2.484416
vt -2.217500 -2.266913
vt 1.916292 -2.768076
vt 0.263450 -2.565056
vt 0.111846 -2.530432
vt 0.215084 -2.528004
vt 0.080995 -2.417073
vt 0.174400 -2.402099
vt 0.118726 -2.339053
vt 1.921848 -2.559391
vt 2.122020 -2.719693
vt 2.003079 -2.527137
vt 2.280000 -2.646025
vt 2.030116 -2.476308
vt 2.116192 -2.275941
vt 2.021183 -2.413846
vt 2.024430 -2.185192
vt 1.923352 -2.305743
vt 1.883906 -2.219419
vt 1.876155 -2.124826
vt 2.060999 -2.054588
vt 1.901022 -2.033231
vt 1.955546 -1.955546
vt 2.033231 -1.901022
vt 2.124826 -1.876155
vt 2.183809 -2.024059
vt 2.219419 -1.883906
vt 2.305743 -1.923352
vt 2.416171 -2.022993
vt 2.266913 -2.082500
vt 2.275570 -2.185192
vt 2.476308 -2.030116
vt 2.646025 -2.280000
vt 2.537681 -1.984088
vt 2.719693 -2.122020
vt 2.764808 -1.953648
vt 2.570079 -1.848999
vt 2.780000 -1.780000
vt 2.574100 -0.510100
vt 2.780000 -0.510100
vt 2.217500 -2.266913
vt 2.484416 -2.484416
vt 0.042055 -2.304471
vt -0.033311 -2.388926
vt -0.042055 -2.304471
vt -0.118726 -2.339053
vt -0.103923 -2.440000
vt -0.174400 -2.402099
vt -0.214862 -2.527367
vt -0.111877 -2.530317
vt -0.033311 2.388926
vt -0.042055 2.304471
vt 0.042055 2.304471
vt 0.080995 2.417072
vt 0.118726 2.339053
vt 0.174400 2.402099
vt 0.214862 2.527367
vt 0.111846 2.530432
vt -1.915596 -0.259881
vt -1.696147 -0.117212
vt -1.699006 -0.064283
vt -1.701116 0.146266
vt -1.307497 0.075102
vt -1.299589 -0.042702
vt -1.110000 0.000000
vt -1.296729 -0.095631
vt -1.091100 -0.203962
vt -1.293468 -0.187907
vt -1.232070 -0.430237
vt -1.632811 -0.477196
vt -1.619818 -0.528479
vt -1.558400 -1.128499
vt -1.495110 -0.723721
vt -1.491720 -0.811400
vt -1.391478 -0.987073
vt -1.190051 -1.173950
vt -1.158389 -1.242526
vt -0.756568 -1.769159
vt -0.994548 -1.387733
vt -0.732471 -1.085549
vt -0.303766 -1.067626
vt -0.102418 -1.105265
vt 0.258340 -1.906730
vt 0.102418 -1.105265
vt 0.303766 -1.067626
vt 0.494770 -0.993631
vt 1.200636 -1.503567
vt 0.668924 -0.885799
vt 0.820300 -0.747802
vt 0.943741 -0.584340
vt 1.803466 -0.670432
vt 1.329485 -0.238205
vt 1.035044 -0.400978
vt 1.296054 -0.220168
vt 1.091100 -0.203962
vt 1.110000 0.000000
vt 1.294593 0.216152
vt 1.091100 0.203962
vt 1.035044 0.400978
vt 1.327806 0.238501
vt 1.716172 0.908821
vt 1.915596 0.259881
vt 1.706401 0.021609
vt 1.707767 -0.019981
vt 0.943741 0.584340
vt 1.200636 1.503567
vt 0.820300 0.747802
vt 0.668924 0.885799
vt 0.494770 0.993631
vt 0.258340 1.906730
vt 0.303766 1.067626
vt 0.102418 1.105265
vt -0.102418 1.105265
vt -0.756570 1.769158
vt -0.303766 1.067626
vt -0.738352 1.087528
vt -0.933883 1.222495
vt -0.908051 1.127192
vt -0.964621 1.129075
vt -0.959597 1.279091
vt -1.034501 1.313084
vt -1.106170 1.289235
vt -1.558399 1.128501
vt -1.268676 1.142537
vt -1.478679 0.839084
vt -1.506169 0.789038
vt -1.604069 0.413316
vt -1.897293 0.414201
vt -1.660853 0.342822
vt -1.091100 0.203962
vt -1.278239 0.266298
vt -1.035044 0.400978
vt -1.299206 0.347963
vt -1.229525 0.461839
vt -1.391578 0.418582
vt -1.520450 0.439884
vt -1.202479 0.511078
vt -0.943741 0.584340
vt -1.078330 0.737091
vt -1.049313 0.789918
vt -0.820300 0.747802
vt -0.997472 0.848516
vt -0.958510 0.884454
vt -0.668924 0.885799
vt -0.787242 1.042431
vt -0.494770 0.993631
vt -0.494770 -0.993631
vt -0.668924 -0.885799
vt -0.772515 -1.050820
vt -0.948538 -0.898159
vt -0.969760 -1.057391
vt -0.820300 -0.747802
vt -0.998786 -0.854580
vt -1.046946 -0.783854
vt -1.111199 -1.063892
vt -1.164589 -1.095734
vt -0.943741 -0.584340
vt -1.073876 -0.738199
vt -1.301655 -0.686124
vt -1.356055 -0.649333
vt -1.420462 -0.655221
vt -1.035044 -0.400978
vt -1.019461 -1.031407
vt -1.014943 -1.084064
vt -0.957308 -1.119122
vt -0.888904 -1.185021
vt -1.213927 -0.820807
vt -1.290792 -0.390539
vt -1.339197 -0.199493
vt -1.206986 0.754524
vt -1.287485 0.607974
vt -0.943131 1.081209
vt -1.005863 1.075691
vt -1.078953 1.015030
vt -1.041952 0.194774
vt -1.060000 0.000000
vt -0.161547 0.000000
vt -1.041952 -0.194774
vt -0.143043 -0.075075
vt -0.988421 -0.382916
vt -0.901230 -0.558018
vt -0.783349 -0.714117
vt -0.091769 -0.132951
vt -0.638793 -0.845898
vt -0.472483 -0.948873
vt -0.290083 -1.019535
vt -0.019472 -0.160369
vt -0.097804 -1.055478
vt 0.097804 -1.055478
vt 0.057285 -0.151049
vt 0.290083 -1.019535
vt 0.472483 -0.948873
vt 0.638793 -0.845898
vt 0.120920 -0.107125
vt 0.783349 -0.714117
vt 0.901230 -0.558018
vt 0.156853 -0.038661
vt 0.988421 -0.382916
vt 1.041952 -0.194774
vt 1.060000 0.000000
vt 0.156853 0.038661
vt 1.041952 0.194774
vt 0.988421 0.382916
vt 0.901230 0.558018
vt 0.120920 0.107125
vt 0.783349 0.714117
vt 0.638793 0.845898
vt 0.057285 0.151049
vt 0.472483 0.948873
vt 0.290083 1.019535
vt 0.097804 1.055478
vt -0.019472 0.160369
vt -0.097804 1.055478
vt -0.290083 1.019535
vt -0.091769 0.132951
vt -0.472483 0.948873
vt -0.638793 0.845898
vt -0.783349 0.714117
vt -0.143043 0.075075
vt -0.901230 0.558018
vt -0.988421 0.382916
vt 0.024966 -0.260000
vt 0.030872 -0.297768
vt 0.149666 -0.260000
vt 0.030872 -0.297768
vt -0.150193 -2.166726
vt -0.149700 -2.075610
vt -0.178257 -2.041726
vt -0.150194 -1.934494
vt -0.025000 -2.025610
vt -0.025000 -1.900910
vt -0.025000 -2.075610
vt -0.025000 -2.200310
vt -0.015472 -2.239789
vt 0.025000 -2.200310
vt 0.128760 -2.190022
vt 0.025000 -2.075610
vt 0.149700 -2.075610
vt 0.189761 -2.050610
vt 0.149700 -2.025610
vt 0.128760 -1.911197
vt 0.025000 -2.025610
vt 0.025000 -1.900910
vt -0.015472 -1.861430
vt -0.178257 -2.041726
vt -0.015472 -1.861430
vt -0.015472 -2.239790
vt 0.128760 -1.911197
vt 0.050000 -0.316743
vt 0.000000 -0.314544
vt 0.000000 -0.440200
vt 0.050000 -0.446244
vt -0.024966 -0.260000
vt -0.147653 -0.260867
vt -0.024966 -0.298959
vt -0.721680 1.657820
vt -0.771379 1.541909
vt -1.850634 4.560000
vt -0.971753 4.140722
vt -0.800240 4.046943
vt -1.850634 1.000000
vt -1.339026 3.902180
vt -1.289327 4.018091
vt -1.088953 1.419278
vt -1.260466 1.513058
vt -0.722009 3.904256
vt -0.895054 1.444192
vt -1.338697 1.655744
vt -1.165652 4.115808
vt 1.850634 -1.000000
vt 0.000000 -1.000000
vt 1.850634 -4.560000
vt 0.000000 -4.560000
vt -1.850634 -1.000000
vt -1.850634 -4.560000
vt -0.000000 -3.047778
vt 0.000484 -3.217113
vt 2.281568 -3.047778
vt 2.281567 -3.238264
vt 2.281567 -4.381180
vt 2.281568 -4.190694
vt 0.000506 -4.402332
vt 2.281844 -4.571667
vt 0.000000 -3.809722
vt 0.004033 -4.063367
vt 2.282066 -3.809722
vt 0.003869 -3.556064
vt -0.000000 -4.571667
vt 2.281568 -3.428750
vt 2.281567 -3.619236
vt 0.001692 -3.386514
vt 2.281567 -4.000208
vt 0.001805 -4.232924
vt 2.281568 1.523889
vt 0.000427 1.374822
vt 2.281567 1.333403
vt 2.281567 0.571458
vt 2.280544 0.761944
vt 0.004612 0.508348
vt 2.281568 0.380972
vt 2.281855 0.000000
vt 2.281567 0.190486
vt 0.000330 0.126142
vt 0.000000 0.761945
vt 0.003869 1.015603
vt 2.281567 1.142917
vt 2.281567 0.952431
vt 0.001692 1.185153
vt 0.001805 0.338742
vt 2.281568 -1.523889
vt 0.000426 -1.672956
vt 2.281567 -1.714375
vt 2.281567 -2.476320
vt 2.280544 -2.285833
vt 0.004612 -2.539430
vt 2.281568 -2.666806
vt 2.281856 -3.047778
vt 2.281567 -2.857292
vt 0.000442 -2.878445
vt 0.000000 -2.285833
vt 0.003869 -2.032175
vt 2.281567 -1.904861
vt 2.281567 -2.095347
vt 0.001692 -1.862625
vt 0.001805 -2.709035
vt 0.000484 -0.169334
vt 2.281568 0.000000
vt 2.281567 -0.190486
vt 2.281567 -0.952431
vt 2.280544 -0.761944
vt 0.004612 -1.015541
vt 2.281568 -1.142917
vt 2.281844 -1.523889
vt 2.281567 -1.333403
vt 0.000347 -1.390983
vt 0.000000 -0.761944
vt 0.003869 -0.508286
vt 2.281567 -0.380972
vt 2.281567 -0.571458
vt 0.001692 -0.338736
vt 0.001805 -1.185146
vt 0.133459 -0.897141
vt -1.780000 -0.779225
vt -3.689500 -0.897531
vt -2.088480 -0.760565
vt -2.392462 -0.704858
vt 0.154495 -0.503800
vt 0.078098 -0.446107
vt -0.326195 -0.326201
vt 0.027701 -0.364713
vt 0.010110 -0.270610
vt 0.246574 -0.529998
vt 0.417721 -0.803915
vt 0.341899 -0.521165
vt 0.427596 -0.478493
vt 0.643669 -0.643669
vt 0.492091 -0.407745
vt 0.793953 -0.436359
vt 0.526674 -0.318476
vt 0.526674 -0.222743
vt 0.897531 -0.129499
vt 0.492091 -0.133474
vt 0.427596 -0.062726
vt 0.418645 0.479116
vt 0.341899 -0.020054
vt 0.246574 -0.011221
vt 0.043893 -0.008794
vt 0.154495 -0.037420
vt 0.078098 -0.095112
vt 0.027701 -0.176506
vt 0.897141 3.693459
vt 0.771359 1.649962
vt 0.666006 1.042855
vt 0.503800 3.714495
vt 0.446107 3.638098
vt 0.326201 3.233805
vt 0.364713 3.587701
vt 0.270610 3.570110
vt 0.529998 3.806574
vt 0.803916 3.977720
vt 0.521165 3.901899
vt 0.478493 3.987596
vt 0.582867 4.253569
vt 0.407745 4.052091
vt 0.318476 4.086674
vt 0.348351 4.400995
vt 0.222743 4.086674
vt 0.129500 4.457531
vt 0.133474 4.052091
vt 0.062726 3.987596
vt -0.479116 3.978645
vt 0.020054 3.901899
vt 0.011221 3.806574
vt 0.008794 3.603893
vt 0.037420 3.714495
vt 0.095112 3.638098
vt 0.176506 3.587701
vt -3.693459 4.457141
vt -1.649962 4.331359
vt -1.042855 4.226006
vt -3.714495 4.063800
vt -3.638098 4.006107
vt -3.122565 3.953448
vt -3.587701 3.924713
vt -3.570110 3.830610
vt -3.806574 4.089998
vt -3.977721 4.363916
vt -3.901899 4.081165
vt -3.987596 4.038493
vt -4.203670 4.203670
vt -4.052091 3.967745
vt -4.353953 3.996359
vt -4.086674 3.878476
vt -4.086674 3.782743
vt -4.457531 3.689500
vt -4.052091 3.693474
vt -3.987596 3.622726
vt -3.978645 3.080884
vt -3.901899 3.580054
vt -3.806574 3.571221
vt -3.603893 3.568794
vt -3.714495 3.597420
vt -3.638098 3.655112
vt -3.587701 3.736506
vt -4.457141 -0.133459
vt -4.331359 1.910038
vt -4.226006 2.517145
vt -4.063800 -0.154495
vt -4.006107 -0.078098
vt -3.886201 0.326195
vt -3.924713 -0.027701
vt -3.830610 -0.010110
vt -4.089998 -0.246574
vt -4.363916 -0.417721
vt -4.081165 -0.341899
vt -4.038493 -0.427596
vt -4.203670 -0.643669
vt -3.967745 -0.492091
vt -3.996359 -0.793953
vt -3.878476 -0.526674
vt -3.782743 -0.526674
vt -3.693474 -0.492091
vt -3.622726 -0.427596
vt -3.080884 -0.418645
vt -3.580054 -0.341899
vt -3.571221 -0.246574
vt -3.568794 -0.043893
vt -3.597420 -0.154495
vt -3.655112 -0.078098
vt -3.736506 -0.027701
vt -2.687514 4.172917
vt -2.392462 4.264858
vt -2.088480 4.320565
vt 0.539680 2.850240
vt 0.728399 2.264005
vt -0.709760 -0.539680
vt -1.295994 -0.728399
vt -2.687514 -0.612917
vt -4.099680 0.709760
vt -4.288399 1.295994
vt -0.150000 0.000000
vt -0.113685 -0.091305
vt -0.104342 0.101852
vt 0.010561 -0.145428
vt 0.024549 0.143730
vt 0.112277 -0.099468
vt 0.112277 0.099468
vt 0.145641 -0.007040
vt -0.005901 0.020000
vt -0.067576 0.000000
vt -0.097384 0.020000
vt -0.148401 0.000000
vt -0.163125 0.020000
vt -0.249822 0.020000
vt -0.226515 0.000000
vt -0.291919 0.000000
vt -0.324956 0.020000
vt -0.457094 0.020000
vt -0.457094 0.000000
vt -0.000000 0.020000
vt -0.037649 0.020000
vt -0.037649 0.000000
vt -0.000000 0.000000
vt -0.000000 0.020000
vt -0.182733 0.020000
vt -0.189121 0.000000
vt -0.066513 0.020000
vt -0.066513 0.000000
vt -0.016431 0.020000
vt -0.076133 0.000000
vt -0.106691 0.020000
vt -0.213271 0.020000
vt -0.213271 0.000000
vt 0.000000 0.004000
vt -0.093706 0.020000
vt -0.095409 0.000000
vt -0.053006 0.018000
vt -0.400000 0.020000
vt -0.400000 0.000000
vt 0.109500 0.092957
vt 0.118341 0.042812
vt 0.183739 0.066845
vt 0.167132 0.024469
vt 0.038488 0.067535
vt 0.060278 0.002691
vt 0.000325 0.002015
vt 0.014768 -0.058402
vt 0.067717 -0.057178
vt 0.197398 -0.233513
vt 0.186318 -0.165388
vt 0.459476 0.068671
vt 0.303043 -0.030801
vt 0.273006 -0.065433
vt 0.419432 0.103401
vt 0.238612 0.027072
vt 0.223642 0.073746
vt 0.172387 0.117057
vt 0.193161 0.299640
vt 0.243409 0.256061
vt 0.066721 0.000000
vt 0.072412 0.020000
vt 0.018961 0.020000
vt 0.016893 0.000000
vt -0.113789 0.003333
vt 0.000000 0.003333
vt -0.132310 0.020000
vt -0.132310 0.000000
vt 0.259439 0.020000
vt 0.144631 0.020000
vt 0.259439 0.000000
vt 0.141698 0.000000
vt 0.079077 0.020000
vt 0.069758 0.000000
vt -0.014466 0.000000
vt -0.013887 0.020000
vt -0.230443 0.000000
vt -0.230443 0.020000
vt -0.093659 0.020000
vt -0.097585 0.000000
vt -0.148984 0.020000
vt -0.148984 0.000000
vt -0.214370 0.020000
vt -0.223153 0.000000
vt -0.319411 0.020000
vt -0.330066 0.000000
vt -0.404469 0.020000
vt -0.404469 0.000000
vt -0.053006 0.016667
vt -0.041552 0.076088
vt 0.000234 0.098420
vt -0.048421 0.154805
vt 0.015611 0.158622
vt 0.021106 0.229400
vt 0.079435 0.185924
vt 0.093960 0.238496
vt 0.144636 0.206552
vt 0.121804 0.160326
vt 0.236089 0.067023
vt 0.195457 0.043057
vt 0.403070 0.103975
vt 0.058538 -0.099243
vt 0.072240 -0.029622
vt 0.376140 0.149631
vt 0.214555 0.020000
vt 0.156870 0.020000
vt 0.214555 0.000000
vt 0.148403 0.000000
vt 0.078888 0.020000
vt 0.072887 0.000000
vt 0.027422 0.020000
vt 0.024713 0.000000
vt -0.103351 0.020000
vt -0.103351 0.000000
vt -0.143054 0.005000
vt 0.174162 0.005000
vt 0.010435 0.020000
vt 0.008263 0.000000
vt 0.000000 0.016667
vt -0.052904 0.020000
vt -0.052904 0.000000
vt -0.047173 0.016000
vt -0.249987 0.020000
vt -0.249987 0.000000
vt 0.000000 0.015000
vt -0.053006 0.015000
vt -0.200168 0.020000
vt -0.207591 0.000000
vt -0.316779 0.020000
vt -0.330220 0.000000
vt -0.453662 0.020000
vt -0.465622 0.000000
vt -0.568379 0.020000
vt -0.575764 0.000000
vt -0.655457 0.020000
vt -0.662590 0.000000
vt -0.745583 0.020000
vt -0.748049 0.000000
vt -0.854275 0.020000
vt -0.854275 0.000000
vt -0.336967 -0.262348
vt 0.056652 -0.333511
vt 0.019661 -0.272958
vt 0.086388 -0.135730
vt 0.032958 -0.118669
vt 0.059492 -0.052746
vt -0.019943 -0.049713
vt -0.040333 0.014099
vt -0.120148 -0.023343
vt -0.164348 0.030636
vt -0.205916 -0.036068
vt -0.245823 0.001012
vt -0.297691 -0.069272
vt -0.250003 -0.080376
vt -0.281116 -0.218580
vt 0.060132 0.000000
vt 0.080744 0.020000
vt 0.020696 0.020000
vt -0.085342 0.004000
vt -0.305654 0.020000
vt -0.305654 0.000000
vt 0.383760 0.020000
vt 0.289571 0.020000
vt 0.383760 0.000000
vt 0.285741 0.000000
vt 0.218981 0.020000
vt 0.211546 0.000000
vt 0.140752 0.020000
vt 0.133623 0.000000
vt 0.057244 0.020000
vt 0.057244 0.000000
vt -0.057099 0.020000
vt -0.057099 0.000000
vt -0.432172 0.020000
vt -0.432172 0.000000
vt -0.060271 0.020000
vt -0.060271 0.000000
vt -0.129831 0.015000
vt 0.000000 0.005000
vt -0.167204 0.020000
vt -0.167204 0.000000
vt -0.056178 0.016667
vt -0.428475 0.020000
vt -0.428475 0.000000
vt -1.450096 0.788778
vt -1.317904 0.642078
vt -1.252627 0.760914
vt 0.222841 0.000000
vt 0.222550 0.020000
vt -0.000000 0.000000
vt -0.135585 0.003333
vt 0.206118 0.003333
vt 0.005595 0.020000
vt 0.005226 0.000000
vt -0.005901 0.020000
vt -0.067577 0.000000
vt -0.097383 0.020000
vt -0.148401 0.000000
vt -0.249822 0.020000
vt -0.291918 0.000000
vt -0.324956 0.020000
vt 0.000000 0.017143
vt -0.178580 0.020000
vt -0.183713 0.000000
vt -0.066513 0.017143
vt -0.016432 0.020000
vt -0.076131 0.000000
vt -0.106691 0.020000
vt -0.093705 0.020000
vt -0.095409 0.000000
vt -0.053006 0.017778
vt 0.080220 -0.119147
vt 0.029402 -0.122364
vt 0.046022 -0.190026
vt 0.005752 -0.168817
vt 0.062842 -0.045751
vt -0.004020 -0.060204
vt 0.001966 -0.000546
vt -0.059680 -0.008189
vt -0.064345 -0.060947
vt -0.253994 -0.170239
vt -0.185060 -0.166794
vt 0.017210 -0.464260
vt -0.064270 -0.297746
vt -0.095352 -0.264049
vt 0.056172 -0.428322
vt 0.000401 -0.240142
vt 0.048448 -0.230449
vt 0.102035 -0.184976
vt 0.227440 -0.270345
vt 0.276331 -0.225248
vt 0.072412 0.020000
vt 0.018961 0.020000
vt 0.016892 0.000000
vt 0.144631 0.020000
vt 0.141698 0.000000
vt 0.079077 0.020000
vt -0.918940 -1.219653
vt -1.027253 -1.127872
vt -1.005629 -1.319609
vt -1.121809 -1.214061
vt -1.078725 -1.110999
vt -1.133486 -1.158815
vt -1.377776 -0.917451
vt -1.254559 -0.844773
vt -1.449198 -0.790651
vt -1.330530 -0.724408
vt -1.376004 -0.701464
vt -1.440128 -0.735342
vt -1.344488 0.135655
vt -1.325407 0.250224
vt -1.645265 0.190034
vt -1.615535 0.324141
vt -1.334839 0.309968
vt -1.384092 0.358900
vt -1.494215 0.386132
vt -1.575964 0.369306
vt -1.252627 0.760914
vt -1.449648 0.788477
vt -1.110035 1.048727
vt -1.006791 1.146174
vt -1.199742 1.145982
vt -1.081943 1.249719
vt -0.984304 1.195455
vt -1.025742 1.255188
vt 0.547622 1.341394
vt 0.531910 1.347809
vt 0.397919 0.974698
vt 0.382207 0.981113
vt -0.382207 0.981113
vt -0.531910 1.347809
vt -0.397919 0.974698
vt -0.547622 1.341394
vt -0.016971 -0.198038
vt 0.000000 -0.198038
vt -0.016971 0.198038
vt 0.000000 0.198038
vt 1.698447 0.000132
vt 1.318911 0.220279
vt 1.317961 -0.219218
vt 0.020000 1.050000
vt 0.000000 1.050000
vt 0.020000 -1.050000
vt 0.000000 -1.050000
vt -0.127792 0.000000
vt -0.131469 0.020000
vt -0.362178 0.020000
vt -0.314011 0.000000
vt -0.495352 0.000000
vt -0.580149 0.020000
vt -0.700289 0.000000
vt -0.785087 0.020000
vt -0.918261 0.000000
vt -0.966427 0.020000
vt -1.152646 0.020000
vt -1.148970 0.000000
vt -0.020000 -1.050000
vt -0.020000 1.050000
vt 0.962063 0.000000
vt 0.958730 0.020000
vt 0.792078 0.020000
vt 0.792078 0.000000
vt 0.684927 0.020000
vt 0.684927 0.000000
vt 0.587445 0.020000
vt 0.587445 0.000000
vt 0.492925 0.020000
vt 0.492925 0.000000
vt 0.395443 0.020000
vt 0.395443 0.000000
vt 0.288293 0.020000
vt 0.288293 0.000000
vt 0.118308 0.020000
vt 0.121641 0.000000
vt 0.962062 0.000000
vt 0.958729 0.020000
vt 0.118307 0.020000
vt 0.121640 0.000000
vt -0.127793 0.000000
vt -0.131469 0.020000
vt -0.362178 0.020000
vt -0.495352 0.000000
vt -0.580149 0.020000
vt -0.700289 0.000000
vt -0.918261 0.000000
vt -1.152646 0.020000
vt -1.148971 0.000000
vt -0.648908 1.122180
vt -0.699723 1.119363
vt -0.649237 -1.124256
vt -0.699388 -1.117463
vt -0.727468 -1.266942
vt -0.750678 -1.223553
vt -0.822535 -1.283827
vt -0.898981 -1.360722
vt -0.910680 -1.315898
vt -1.004482 -1.315898
vt -1.092881 -1.335808
vt -1.092627 -1.283827
vt -1.164484 -1.223553
vt -1.216555 -1.238091
vt -1.215439 -1.119363
vt -1.266255 -1.122180
vt -1.215774 1.117463
vt -1.265926 1.124256
vt -1.187694 1.266942
vt -1.164484 1.223553
vt -1.092627 1.283827
vt -1.016182 1.360722
vt -1.004482 1.315898
vt -0.910680 1.315898
vt -0.822282 1.335808
vt -0.822535 1.283827
vt -0.750678 1.223553
vt -0.698607 1.238091
vt -0.772160 3.897463
vt -0.820261 3.817331
vt -0.820261 3.759132
vt -0.820261 3.555256
vt -0.950697 3.684149
vt -0.823450 4.003553
vt -0.895307 4.063827
vt -0.969851 3.727338
vt -0.983452 4.095898
vt -1.003226 3.694576
vt -1.050195 3.770483
vt -1.077254 4.095898
vt -1.143865 3.780801
vt -1.165399 4.063827
vt -1.237256 4.003553
vt -1.210338 3.729787
vt -1.288211 3.899363
vt -1.288546 1.662537
vt -1.220261 2.747364
vt -1.220261 2.828932
vt -1.199521 3.038732
vt -1.210338 1.963581
vt -1.220261 2.095087
vt -1.217454 2.271574
vt -1.220261 1.742669
vt -1.237256 1.556447
vt -1.165399 1.496173
vt -1.077254 1.464102
vt -0.983452 1.464102
vt -0.820261 1.742669
vt -0.895307 1.496173
vt -0.823450 1.556447
vt -0.772495 1.660637
vt -0.820261 1.789050
vt -0.820261 1.992925
vt -0.820261 2.051124
vt -0.820261 2.095087
vt -0.965245 1.964976
vt -1.050195 2.004278
vt -1.003886 1.929326
vt -0.820261 2.747364
vt -0.820261 2.700984
vt -0.820261 2.638039
vt -0.867434 2.638039
vt -1.220261 2.700984
vt -1.220261 2.465591
vt -1.220261 2.419300
vt -0.950697 1.917943
vt -0.997902 1.789050
vt -0.993296 1.871154
vt -1.143865 2.014596
vt -0.820261 2.419300
vt -0.820261 2.141467
vt -1.077158 2.358182
vt -1.012365 2.328366
vt -0.867434 2.465591
vt -0.820261 2.828932
vt -0.825449 2.997828
vt -0.820261 3.143655
vt -0.859452 3.064117
vt -0.972909 3.112608
vt -1.220261 3.278049
vt -1.130546 3.098734
vt -0.997902 3.555256
vt -0.993296 3.637360
vt -0.820261 3.508876
vt -0.820261 3.471181
vt -0.820261 3.418443
vt -1.220261 3.508876
vt -1.220261 3.328011
vt -0.820261 3.192810
vt -0.941417 3.377615
vt -0.941417 3.231311
vt -0.982860 2.141467
vt -0.987093 2.273571
vt -1.177506 2.338337
vt -0.971164 -0.005424
vt -1.103428 -0.008887
vt -0.970640 -0.025417
vt -1.102905 -0.028881
vt -0.020000 -0.990950
vt 0.000000 -0.990950
vt -0.020000 -0.891385
vt 0.000000 -0.891385
vt -0.013548 0.020000
vt -0.040053 0.000000
vt -0.065108 0.020000
vt -0.002073 0.747690
vt -0.004224 0.925336
vt -0.024217 0.924813
vt 0.020000 -1.037331
vt 0.017500 -0.990950
vt 0.000000 -1.037331
vt -0.000426 0.747756
vt 0.019567 0.747232
vt 0.010045 1.147619
vt 0.030038 1.147095
vt -0.005691 0.020000
vt -0.071138 0.000000
vt -0.098150 0.020000
vt -0.148848 0.000000
vt -0.196952 0.020000
vt -0.225726 0.000000
vt -0.286601 0.020000
vt -0.291358 0.000000
vt -0.508801 0.020000
vt -0.508801 0.000000
vt -0.034459 0.020000
vt -0.034459 0.000000
vt 0.000000 0.015000
vt -0.169855 0.020000
vt -0.174156 0.000000
vt 0.020000 -0.787075
vt 0.015000 -0.728876
vt 0.000000 -0.787075
vt -0.007008 0.020000
vt -0.041422 0.000000
vt -0.069272 0.020000
vt -0.222111 0.000000
vt -0.222087 0.020000
vt -0.073419 0.020000
vt -0.074377 0.000000
vt -0.136205 0.020000
vt -0.166367 0.000000
vt -0.192574 0.020000
vt -0.247358 0.000000
vt -0.264806 0.020000
vt -0.747489 -0.990950
vt -0.925130 -0.990950
vt -0.747489 -1.037331
vt -1.147489 -1.037331
vt -0.970973 -0.990950
vt -1.103283 -0.990950
vt -0.923696 -0.915492
vt -0.979324 -0.845739
vt -0.899282 -0.879384
vt -0.929530 -0.856108
vt -0.958065 -0.792993
vt -1.018906 -0.810294
vt -1.024495 -0.759668
vt -1.098678 -0.772032
vt -0.895898 -0.817539
vt -0.747468 -0.787064
vt -0.747489 -0.728876
vt -1.086550 -0.831785
vt -1.138272 -0.821087
vt -0.957456 -0.005065
vt -1.100462 -0.008810
vt -0.956933 -0.025058
vt -1.099938 -0.028803
vt -0.020000 -0.638533
vt 0.000000 -0.638533
vt -0.020000 -0.548101
vt 0.000000 -0.548101
vt -0.017143 0.000000
vt -0.014320 0.020000
vt -0.095521 0.020000
vt -0.101094 0.000000
vt -0.161696 0.020000
vt -0.163460 0.000000
vt 0.020000 -0.684913
vt 0.016000 -0.638533
vt 0.000000 -0.684913
vt -0.009525 0.000000
vt -0.008874 0.020000
vt -0.185188 0.000000
vt -0.185188 0.020000
vt 0.000000 0.005000
vt -0.130301 0.020000
vt -0.133994 0.000000
vt -0.191514 0.020000
vt -0.193576 0.000000
vt -0.263917 0.020000
vt -0.272470 0.000000
vt -0.369380 0.020000
vt -0.378543 0.000000
vt -0.441258 0.020000
vt -0.441258 0.000000
vt 0.000000 0.000000
vt 0.000000 0.020000
vt -0.124390 0.020000
vt -0.126424 0.000000
vt -0.747489 -0.638533
vt -0.910088 -0.638533
vt -0.747489 -0.684913
vt -0.957261 -0.638533
vt -1.147489 -0.684913
vt -1.100315 -0.638533
vt -1.144767 -0.509075
vt -1.087173 -0.495597
vt -0.914704 -0.502590
vt -0.967661 -0.502498
vt -0.941106 -0.450195
vt -1.013026 -0.467977
vt -1.012943 -0.420541
vt -1.112146 -0.447064
vt 0.020000 -0.141961
vt 0.000000 -0.141961
vt 0.020000 -0.360700
vt 0.000000 -0.360700
vt -0.020000 -0.360700
vt -0.016000 -0.314409
vt 0.000426 0.747756
vt -0.004808 0.794808
vt -0.019567 0.747232
vt -1.147489 -0.360700
vt -0.747489 -0.360700
vt -0.794662 -0.314409
vt -0.747489 -0.141961
vt -0.794662 -0.141961
vt -1.147489 -0.314409
vt 0.020000 -0.079016
vt 0.016667 -0.032636
vt 0.000000 -0.079016
vt 0.014044 1.147514
vt -0.020000 -0.032636
vt -0.016000 -0.079016
vt 0.000000 -0.032636
vt -0.002906 0.747669
vt -0.010045 1.147619
vt -0.030038 1.147095
vt -0.747489 -0.032636
vt -1.147489 -0.032636
vt -0.747489 -0.079016
vt -1.147489 -0.079016
vt -0.794913 -0.000809
vt -1.100069 -0.023805
vt -0.794389 -0.020802
vt -0.020000 0.095312
vt 0.000000 0.095312
vt -0.020000 0.169986
vt 0.000000 0.169986
vt -0.012212 0.020000
vt -0.043600 0.000000
vt -0.068875 0.020000
vt -0.176465 0.020000
vt -0.182542 0.000000
vt -0.256288 0.020000
vt -0.265579 0.000000
vt -0.388195 0.020000
vt -0.403609 0.000000
vt -0.556192 0.020000
vt -0.563710 0.000000
vt -0.654366 0.020000
vt -0.665973 0.000000
vt -0.876068 0.020000
vt -0.876068 0.000000
vt 0.000000 0.005000
vt -0.124820 0.020000
vt -0.127954 0.000000
vt -0.194290 0.020000
vt -0.194290 0.000000
vt -0.327114 0.020000
vt -0.291841 0.000000
vt -0.404317 0.000000
vt -0.424547 0.020000
vt -0.747489 0.048932
vt -1.100315 0.095312
vt -1.147489 0.048932
vt -1.092634 0.225024
vt -1.132147 0.249065
vt -1.046900 0.272595
vt -1.064367 0.315757
vt -0.950507 0.290592
vt -0.914850 0.334302
vt -0.841002 0.264982
vt -0.793339 0.289977
vt -0.802079 0.218247
vt -0.753395 0.223708
vt -0.794662 0.095312
vt -0.020000 0.464652
vt 0.000000 0.464652
vt -0.002500 0.583289
vt -0.002931 0.000000
vt -0.043265 0.020000
vt -0.204486 0.002500
vt 0.020000 0.363654
vt 0.016000 0.412810
vt 0.000000 0.363654
vt 0.824627 -0.000463
vt 0.824131 -0.020457
vt 1.246471 -0.010934
vt 1.245975 -0.030928
vt -0.020000 0.498049
vt 0.000000 0.498049
vt -0.020000 0.548011
vt 0.000000 0.548011
vt -0.471197 0.008389
vt -0.895918 -0.002082
vt -0.470704 -0.011605
vt -0.895425 -0.022076
vt 0.020000 0.691181
vt 0.000000 0.691181
vt 0.015000 0.638443
vt 0.632616 0.004308
vt 0.504680 0.002481
vt 0.632119 -0.015686
vt 0.020000 0.597614
vt 0.000000 0.597614
vt 0.004000 0.451311
vt -0.000000 0.020000
vt -0.197248 0.000000
vt -0.156852 0.020000
vt -0.747489 0.412810
vt -0.868645 0.451311
vt -0.747489 0.363654
vt -0.911725 0.464652
vt -1.147489 0.498049
vt -1.097818 0.521504
vt -0.911725 0.583289
vt -0.868645 0.597614
vt -0.747489 0.691181
vt -0.747489 0.638443
vt -1.147489 0.548011
vt -0.020000 0.775256
vt 0.000000 0.775256
vt -0.020000 0.874821
vt 0.000000 0.874821
vt -0.013548 0.020000
vt -0.040053 0.000000
vt -0.002430 0.747681
vt 0.020000 0.728876
vt 0.017143 0.775256
vt 0.000000 0.728876
vt -0.004239 0.020000
vt -0.071138 0.000000
vt -0.098149 0.020000
vt -0.148848 0.000000
vt -0.196952 0.020000
vt -0.286601 0.020000
vt -0.291358 0.000000
vt -0.004917 0.000000
vt -0.003159 0.020000
vt -0.033935 0.020000
vt -0.034174 0.000000
vt -0.173069 0.000000
vt -0.000000 0.017500
vt -0.174095 0.020000
vt 0.020000 0.979132
vt 0.017500 1.037331
vt 0.000000 0.979132
vt -0.007008 0.020000
vt -0.041422 0.000000
vt -0.069273 0.020000
vt -0.222111 0.000000
vt -0.073419 0.020000
vt -0.074377 0.000000
vt -0.000000 0.000000
vt -0.000000 0.020000
vt -0.136205 0.020000
vt -0.166367 0.000000
vt -0.192574 0.020000
vt -0.247358 0.000000
vt -0.747489 0.775256
vt -0.925130 0.775256
vt -0.747489 0.728876
vt -1.147489 0.728876
vt -0.970973 0.775256
vt -1.103283 0.775256
vt -0.923696 0.850715
vt -0.979324 0.920467
vt -0.899282 0.886822
vt -0.929368 0.910372
vt -0.958065 0.973213
vt -1.018906 0.955912
vt -1.024495 1.006539
vt -1.098678 0.994174
vt -0.896884 0.947270
vt -0.747469 0.979143
vt -0.747489 1.037331
vt -1.086550 0.934422
vt -1.138272 0.945118
vt -1.176055 1.789050
vt -1.043745 1.789050
vt -1.044884 1.910490
vt -1.173419 1.923489
vt -1.141924 1.963691
vt -1.065646 1.956029
vt -1.173087 2.141467
vt -1.030033 2.141467
vt -1.041291 2.278992
vt -1.162081 2.281310
vt -1.091328 2.312838
vt -1.173087 2.875312
vt -0.867434 2.875312
vt -1.165844 3.001819
vt -0.868565 2.973832
vt -0.888349 3.025962
vt -1.119672 3.052595
vt -0.987713 3.066341
vt -0.984497 3.363289
vt -1.129043 3.308960
vt -0.984497 3.244652
vt -1.176055 3.555256
vt -1.043745 3.555256
vt -1.044884 3.676697
vt -1.173419 3.689696
vt -1.141924 3.729897
vt -1.065646 3.722235
vt 0.239689 0.057511
vt 0.212554 0.131608
vt 0.160487 0.184129
vt 0.000000 -0.440200
vt 0.050000 -0.314254
vt -0.149931 -0.259886
vt 0.030872 -0.297768
vt -0.147653 -0.260867
vt -0.092954 -0.284419
vt -0.149666 -0.260000
vt 0.030484 -0.297846
vt 0.000000 -0.440597
vt 0.050000 -0.376482
vt 0.050000 -0.314544
vt 0.000000 -0.440597
vt 0.050000 -0.316742
vt 0.025034 -0.260000
vt 0.030552 -0.297846
vt 0.149734 -0.260000
vt 2.025610 -2.075610
vt 2.075610 -2.075610
vt 2.025610 -2.025610
vt 2.075610 -2.025610
vt 0.239689 -0.192489
vt 0.212554 -0.118392
vt 0.160487 -0.065871
vt 0.160487 -0.065871
vt -0.147653 -0.260867
vt 0.050000 -0.376482
vt 0.000000 -0.440597
vt -0.092954 -0.284419
vt 0.030484 -0.297846
vt 0.030872 -0.297768
vt 0.030872 -0.297768
vt 0.030552 -0.297846
vt -0.014318 2.925513
vt -0.033187 2.747505
vt -0.010595 2.742668
vt -0.034420 1.598003
vt -0.010903 1.462756
vt -0.010722 1.645601
vt -0.035799 1.909041
vt -0.010595 1.828445
vt -0.010595 2.011290
vt -0.035799 2.194134
vt -0.012332 2.194134
vt -0.035799 2.457573
vt -0.012332 2.376979
vt -0.010595 2.559823
vt 0.000000 0.050463
vt 3.560000 0.047124
vt 3.560000 0.079930
vt 0.000000 0.083698
vt 0.000000 0.078491
vt -3.560000 0.083345
vt -3.560000 0.050464
vt -0.000000 0.047124
vt -0.015757 -1.462756
vt -0.033187 -1.640764
vt -0.010595 -1.645601
vt -0.034420 -2.790266
vt -0.010549 -2.925513
vt -0.010722 -2.742668
vt -0.035799 -2.479228
vt -0.010595 -2.559823
vt -0.010595 -2.376979
vt -0.035799 -2.194134
vt -0.012332 -2.194134
vt -0.035799 -1.930695
vt -0.012332 -2.011290
vt -0.010595 -1.828445
vt -0.010550 0.000000
vt -0.010722 0.182845
vt -0.034420 0.135246
vt -0.011738 1.279912
vt -0.015757 1.462756
vt -0.033187 1.284750
vt -0.010595 1.097067
vt -0.035799 1.097067
vt -0.010595 0.914223
vt -0.035799 0.811973
vt -0.010595 0.731378
vt -0.010595 0.548534
vt -0.035799 0.446284
vt -0.010595 0.365689
vt 0.000000 0.050463
vt 3.560000 0.078491
vt 0.000000 0.083345
vt 0.000000 0.080381
vt -3.560000 0.083698
vt -3.560000 0.050463
vt -0.013866 0.000000
vt -0.033187 -0.178008
vt -0.010595 -0.182845
vt -0.034420 -1.327509
vt -0.010903 -1.462756
vt -0.010722 -1.279912
vt -0.035799 -1.016472
vt -0.010595 -1.097067
vt -0.010595 -0.914223
vt -0.035799 -0.731378
vt -0.012332 -0.731378
vt -0.035799 -0.467939
vt -0.012332 -0.548534
vt -0.010595 -0.365689
vt 0.016971 -0.056811
vt 0.000000 -0.075330
vt 0.016971 -0.092497
vt 0.016971 -0.129960
vt 0.000000 -0.153127
vt 0.016971 -0.167892
vt -2.566957 0.010000
vt -2.564100 0.551400
vt -2.765299 0.551400
vt -2.780000 -0.010000
vt -2.574100 -0.010000
vt 2.574100 -0.010000
vt 2.780000 -0.010000
vt 2.565767 0.010000
vt 2.765299 0.551400
vt 2.564100 0.551400
vt 2.774100 0.500100
vt 2.564100 0.500100
vt 2.774100 -0.500100
vt 2.564100 -0.500100
vt 2.059808 0.000000
vt 1.800000 -0.150000
vt 2.550676 1.912124
vt 2.457873 1.463896
vt 2.372674 1.366562
vt 2.372674 1.733437
vt 2.465331 1.598611
vt 2.311406 1.915111
vt 2.420096 2.013897
vt 2.520129 1.995945
vt 2.474308 2.020318
vt 2.250000 1.775000
vt 2.221943 1.874230
vt 2.127869 1.733801
vt 2.123910 1.866197
vt 2.028985 1.891968
vt 2.042127 1.636104
vt 1.948475 1.948475
vt 1.240054 1.538099
vt 1.891968 2.028985
vt 1.866197 2.123910
vt 1.874230 2.221943
vt 1.920062 2.549577
vt 1.915111 2.311406
vt 2.012265 2.418000
vt 2.020318 2.474308
vt 1.995945 2.520129
vt 0.267018 2.555957
vt 0.183120 2.397204
vt 0.124663 2.331005
vt 0.223467 2.522593
vt 0.044157 2.294695
vt -0.044157 2.294695
vt -1.238099 1.540054
vt -0.124663 2.331005
vt -0.183120 2.397204
vt -0.267804 2.556155
vt -0.223267 2.522019
vt -1.916703 2.550218
vt -1.874230 2.221943
vt -1.866197 2.123910
vt -1.915111 2.311406
vt -2.013896 2.420096
vt -2.020318 2.474308
vt -1.995945 2.520129
vt -1.891968 2.028985
vt -1.948475 1.948475
vt -2.042127 1.636104
vt -2.028985 1.891968
vt -2.127325 1.733437
vt -2.123910 1.866197
vt -2.221943 1.874230
vt -2.250000 1.775000
vt -2.311406 1.915111
vt -2.372131 1.733801
vt -2.562577 1.821655
vt -2.466587 1.592295
vt -2.457873 1.463896
vt -2.560129 -1.848129
vt -2.457873 -1.463896
vt -2.466587 -1.592295
vt -2.372131 -1.733801
vt -2.311406 -1.915111
vt -2.250000 -1.775000
vt -2.221943 -1.874230
vt -2.127325 -1.733437
vt -2.123910 -1.866197
vt -2.028985 -1.891968
vt -2.042127 -1.636104
vt -1.948475 -1.948475
vt -1.240054 -1.538099
vt -1.891968 -2.028985
vt -1.866197 -2.123910
vt -1.874230 -2.221943
vt -1.920061 -2.549577
vt -1.915111 -2.311406
vt -2.012265 -2.418000
vt -1.995945 -2.520129
vt -2.020318 -2.474308
vt -2.546107 1.946327
vt -2.418000 2.012265
vt -2.520129 1.995945
vt -2.474308 2.020318
vt -2.420096 -2.013896
vt -2.545323 -1.950570
vt -2.520129 -1.995945
vt -2.474308 -2.020318
vt -0.267018 -2.555957
vt -0.183120 -2.397204
vt -0.124663 -2.331005
vt -0.223467 -2.522593
vt -0.044157 -2.294695
vt 0.044157 -2.294695
vt 1.238099 -1.540054
vt 0.124663 -2.331005
vt 0.183120 -2.397204
vt 0.267804 -2.556155
vt 0.223267 -2.522019
vt 1.848130 -2.560130
vt 1.874230 -2.221943
vt 1.866197 -2.123910
vt 1.915111 -2.311406
vt 2.013896 -2.420096
vt 1.950570 -2.545323
vt 1.995945 -2.520129
vt 2.020318 -2.474308
vt 1.891968 -2.028985
vt 1.948475 -1.948475
vt 2.042127 -1.636104
vt 2.028985 -1.891968
vt 2.127869 -1.733801
vt 2.123910 -1.866197
vt 2.221943 -1.874230
vt 2.250000 -1.775000
vt 2.311406 -1.915111
vt 2.372675 -1.733437
vt 2.562577 -1.821655
vt 2.465331 -1.598611
vt 2.457873 -1.463896
vt 2.372674 -1.366562
vt 2.250000 -1.325000
vt 2.127869 -1.366199
vt 2.033413 -1.507705
vt 2.546107 -1.946327
vt 2.418000 -2.012265
vt 2.520129 -1.995945
vt 2.474308 -2.020318
vt 1.800000 0.150000
vt 2.127869 1.366199
vt -2.034670 1.501386
vt -2.127325 1.366563
vt 2.033413 1.507705
vt -2.034670 -1.501386
vt -2.127326 -1.366563
vt -2.250000 -1.325000
vt -2.250000 1.325000
vt -2.372131 -1.366199
vt -2.372131 1.366199
vt 2.250000 1.325000
vt -0.010000 2.324971
vt 0.010000 2.320601
vt 0.010000 2.425569
vt -0.010000 2.452514
vt -0.010000 0.114936
vt 0.010000 0.117924
vt -0.010000 0.179867
vt 0.010000 0.179867
vt -0.010000 0.238241
vt 0.010000 0.260265
vt -0.010000 0.296614
vt -0.010000 -0.116747
vt 0.010000 -0.116747
vt -0.010000 -0.058373
vt 0.010000 -0.058373
vt 0.010000 0.000000
vt -0.010000 0.061943
vt 0.010000 0.064931
vt -0.010000 1.316538
vt 0.010000 1.390266
vt -0.010000 1.421507
vt 0.299292 -0.010000
vt 1.780000 -0.010000
vt 0.299292 0.010000
vt 1.780000 0.010000
vt -0.010000 0.056858
vt 0.010000 0.057541
vt -0.010000 0.121351
vt 0.010000 0.120442
vt 0.010000 -0.017563
vt -0.010000 -0.017563
vt 0.010000 -0.102305
vt -0.010000 -0.102305
vt 0.010000 -0.187047
vt -0.010000 -0.187047
vt 0.010000 -0.271788
vt -0.010000 -0.271788
vt 0.010000 -0.356530
vt -0.010000 -0.356530
vt 0.010000 -0.441272
vt -0.010000 -0.441272
vt 0.010000 -0.526014
vt -0.010000 -0.526014
vt 0.010000 -0.610756
vt -0.010000 -0.610756
vt -0.010000 0.195131
vt 0.010000 0.194222
vt -0.010000 0.258032
vt 0.010000 0.258715
vt -1.780000 -0.010000
vt -0.299292 -0.010000
vt -1.780000 0.010000
vt -0.299292 0.010000
vt -0.010000 1.077603
vt 0.010000 1.073232
vt 0.010000 1.178200
vt -0.010000 1.205145
vt 0.010000 0.476937
vt -0.010000 0.476937
vt 0.010000 0.381550
vt -0.010000 0.381550
vt 0.010000 0.286162
vt -0.010000 0.286162
vt 0.010000 0.190775
vt -0.010000 0.190775
vt 0.010000 0.095387
vt -0.010000 0.095387
vt 0.010000 -0.095387
vt -0.010000 -0.095387
vt 0.010000 -0.190775
vt -0.010000 -0.190775
vt 0.010000 -0.286162
vt -0.010000 -0.286162
vt 0.010000 -0.381550
vt -0.010000 -0.381550
vt 0.010000 -0.476937
vt -0.010000 -0.476937
vt -0.010000 0.022258
vt 0.010000 0.022258
vt -0.010000 0.080631
vt 0.010000 0.080631
vt -0.010000 0.139004
vt 0.010000 0.139004
vt -0.010000 0.200948
vt 0.010000 0.203936
vt -0.010000 0.069169
vt 0.010000 0.142897
vt -0.010000 0.174137
vt 0.510100 -0.010000
vt 0.510100 0.010000
vt -0.510100 -0.010000
vt -0.510100 0.010000
vt -0.010000 -0.169767
vt 0.010000 -0.174137
vt 0.010000 -0.069170
vt -0.010000 -0.042225
vt -0.010000 -0.203936
vt 0.010000 -0.200948
vt -0.010000 -0.139004
vt 0.010000 -0.139004
vt -0.010000 -0.080631
vt 0.010000 -0.058607
vt -0.010000 -0.022258
vt -0.010000 -1.178200
vt 0.010000 -1.104473
vt -0.010000 -1.073232
vt -0.010000 -0.258715
vt 0.010000 -0.258032
vt -0.010000 -0.194222
vt 0.010000 -0.195131
vt 0.010000 0.610756
vt -0.010000 0.610756
vt 0.010000 0.526014
vt -0.010000 0.526014
vt 0.010000 0.441272
vt -0.010000 0.441272
vt 0.010000 0.356530
vt -0.010000 0.356530
vt 0.010000 0.271788
vt -0.010000 0.271788
vt 0.010000 0.187047
vt -0.010000 0.187047
vt 0.010000 0.102305
vt -0.010000 0.102305
vt 0.010000 0.017563
vt -0.010000 0.017563
vt -0.010000 -0.120442
vt 0.010000 -0.121351
vt -0.010000 -0.057541
vt 0.010000 -0.056858
vt -0.010000 -1.417137
vt 0.010000 -1.421507
vt 0.010000 -1.316539
vt -0.010000 -1.289594
vt -0.010000 -0.064931
vt 0.010000 -0.061943
vt -0.010000 0.058373
vt 0.010000 0.080397
vt -0.010000 0.116747
vt -0.010000 -0.296614
vt 0.010000 -0.296614
vt -0.010000 -0.238241
vt 0.010000 -0.238241
vt -0.010000 -0.179867
vt 0.010000 -0.179867
vt -0.010000 -0.117924
vt 0.010000 -0.114936
vt 1.240053 -1.538099
vt -1.240054 1.538099
vt -1.238099 -1.540054
vt 1.238099 1.540054
vt -3.070000 -0.020000
vt -0.030000 -0.020000
vt -3.070000 0.000000
vt -2.470000 -0.020000
vt -2.470000 0.000000
vt 0.030000 -0.020000
vt 3.070000 -0.020000
vt 3.070000 0.000000
vt 2.470000 -0.020000
vt 2.470000 0.000000
vt -0.215900 -0.010000
vt -0.005900 -0.010000
vt -0.215900 0.140000
vt -0.005900 0.140000
vt -0.210000 0.140000
vt -0.210000 -0.010000
vt 0.000000 0.167628
vt -0.010000 0.133069
vt 0.000000 0.045862
vt 0.000000 0.183844
vt -0.010000 0.181150
vt -0.002000 0.125309
vt -0.000000 0.020065
vt -0.003799 0.072687
vt -0.010000 0.020065
vt 0.000000 -0.395424
vt 0.004980 -0.494280
vt 0.010000 -0.395424
vt 0.000000 -0.296568
vt 0.010000 -0.296568
vt 0.000000 -0.197712
vt 0.010000 -0.197712
vt 0.000000 -0.098856
vt 0.010000 -0.098856
vt 0.000000 0.098856
vt 0.010000 0.098856
vt 0.006000 0.197712
vt 0.000000 0.296568
vt 0.010000 0.296568
vt 0.000000 0.395424
vt 0.010000 0.395424
vt 0.000000 0.494280
vt 0.010000 0.494280
vt 0.000000 1.163363
vt -0.010000 1.090565
vt -0.000000 1.059717
vt -1.480708 -0.010000
vt -1.480708 0.000000
vt 0.000000 0.174886
vt -0.004004 0.232713
vt -0.010000 0.175705
vt 0.000000 -0.552314
vt 0.004004 -0.641293
vt 0.010000 -0.552314
vt 0.004000 -0.463336
vt 0.000000 -0.107420
vt 0.004000 -0.196399
vt 0.010000 -0.107420
vt 0.004004 -0.018441
vt 0.000000 0.108453
vt -0.010000 0.109271
vt -0.004004 0.051567
vt 0.000000 1.399290
vt -0.010000 1.369341
vt 0.000000 1.273353
vt 0.000000 0.058534
vt -0.010000 0.055841
vt -0.004000 0.000000
vt -0.000000 -0.105244
vt -0.002500 -0.052622
vt -0.010000 -0.105244
vt 0.000000 -2.531621
vt -0.010000 -2.505015
vt -0.006392 -2.632509
vt -3.560000 -0.010000
vt -3.560000 0.000000
vt -0.002565 -2.294587
vt -0.010000 -2.395025
vt 0.000000 -2.421631
vt 0.000000 -0.103612
vt -0.010000 -0.106305
vt -0.002000 -0.162146
vt -0.000000 0.105244
vt -0.010000 0.105244
vt -0.004000 0.052622
vt 0.000000 -1.299959
vt -0.010000 -1.372758
vt -0.000000 -1.403606
vt 0.000000 -0.109271
vt -0.004004 -0.051444
vt -0.010000 -0.108453
vt 0.000000 0.107420
vt 0.004004 0.018441
vt 0.010000 0.107420
vt 0.004000 0.196399
vt 0.000000 0.552314
vt 0.004000 0.463336
vt 0.010000 0.552314
vt 0.004004 0.641293
vt 0.000000 -0.175705
vt -0.010000 -0.174886
vt -0.004004 -0.232590
vt -0.002565 -1.062926
vt -0.010000 -1.163364
vt 0.000000 -1.189970
vt 0.004980 -0.494280
vt 0.006000 -0.197712
vt 0.000000 0.197712
vt 0.010000 0.197712
vt 0.000000 -0.068299
vt -0.010000 -0.041692
vt -0.006392 -0.169185
vt -0.500100 0.010000
vt 0.500100 0.010000
vt -0.500100 0.160000
vt 0.500100 0.160000
vt 0.150100 -1.368012
vt -0.150100 -1.368012
vt 0.150100 -1.559785
vt -0.150100 -1.559785
vt 0.500100 -1.368012
vt -0.500100 -1.368012
vt 0.500100 -1.578012
vt -0.500100 -1.578012
vt 1.368012 0.565487
vt 1.368012 0.452389
vt 1.560155 0.474666
vt 1.368012 0.339292
vt 1.561585 0.339292
vt 1.368012 0.226195
vt 1.563671 0.226195
vt 1.368012 0.082556
vt 1.567270 0.075388
vt -2.763357 0.075388
vt -2.564100 0.000000
vt -2.564100 0.113097
vt -2.759758 0.226195
vt -2.564100 0.226195
vt -2.757673 0.339292
vt -2.564100 0.339292
vt -2.756209 0.482931
vt -2.564100 0.452389
vt -2.564100 0.565487
vt -0.216002 0.549779
vt -0.065110 0.597408
vt -0.216002 0.659734
vt -0.070161 0.687232
vt -0.216002 0.769690
vt -0.074818 0.755641
vt -0.079652 0.824433
vt -0.216002 0.879646
vt -0.085665 0.922358
vt -0.216002 1.018907
vt -0.090292 1.046585
vt 0.216002 0.381400
vt 0.090933 0.381400
vt 0.216002 0.020000
vt 0.090933 0.020000
vt -0.090933 -0.980200
vt -0.063358 -0.660529
vt -0.216002 -0.980200
vt -0.063358 -0.339671
vt -0.216002 -0.020000
vt -0.090933 -0.020000
vt -0.216002 -0.361400
vt -0.090933 -0.361400
vt -0.216002 0.000000
vt -0.090321 0.051456
vt -0.216002 0.109956
vt -0.087751 0.137620
vt -0.216002 0.219911
vt -0.084143 0.206094
vt -0.079667 0.274902
vt -0.216002 0.329867
vt -0.074858 0.343353
vt -0.070180 0.412019
vt -0.216002 0.439823
vt -0.064998 0.504633
vt 0.216002 0.300200
vt 0.062841 0.295358
vt 0.216002 0.000000
vt 0.062928 0.000000
vt -0.596016 -0.479551
vt -0.190000 -0.484017
vt -0.704133 -0.444262
vt -0.506616 -0.447090
vt -0.190000 -0.161339
vt -0.210566 -0.187314
vt -0.243419 -0.290537
vt -0.190000 0.161339
vt -0.210306 0.174244
vt -0.190000 0.484017
vt -0.243359 0.290424
vt -0.599790 0.479144
vt -0.507185 0.447090
vt -0.341850 0.396652
vt -0.712800 0.439532
vt -0.671943 0.396658
vt -0.798592 0.369175
vt -0.770333 0.290626
vt -0.856395 0.277843
vt -0.876989 0.196188
vt -0.803262 0.187027
vt -0.878566 -0.158920
vt -0.803513 -0.174111
vt -0.770333 -0.290626
vt -0.847067 -0.295518
vt -0.671941 -0.396659
vt -0.785062 -0.385863
vt -0.341853 -0.396654
vt -0.216002 -0.024443
vt -0.090933 -0.016185
vt -0.216002 -0.008464
vt -0.216002 -0.055859
vt -0.090933 -0.047609
vt -0.216002 -0.038699
vt -0.551400 -0.046073
vt -0.190000 -0.054947
vt -0.190000 -0.038527
vt 0.491515 0.016800
vt 0.369487 0.023368
vt 0.381139 0.009617
vt 0.258631 0.016789
vt 0.046781 0.024863
vt 0.047221 0.008755
vt 0.134840 0.016065
vt 0.202310 0.021512
vt 0.023156 -0.483261
vt 0.015398 -0.161087
vt 0.004854 -0.483261
vt 0.023410 0.483261
vt 0.005562 0.483261
vt 0.015547 0.161087
vt 0.495301 0.023518
vt 0.393228 0.015964
vt 0.504575 0.006807
vt 0.337118 0.021556
vt 0.269739 0.015765
vt 0.193197 0.017575
vt 0.134847 0.022092
vt 0.053712 0.019631
vt -0.551400 0.045100
vt -0.190000 0.038114
vt -0.190000 0.054488
vt -0.073586 0.287025
vt -0.000659 0.199504
vt 0.081584 0.240456
vt 0.173067 0.248934
vt -0.192836 0.229813
vt -0.062554 0.131608
vt -0.259808 0.150000
vt -0.095743 0.045937
vt -0.295442 0.052094
vt -0.295442 -0.052094
vt -0.095743 -0.045937
vt -0.259808 -0.150000
vt -0.062554 -0.131608
vt -0.192836 -0.229813
vt -0.000659 -0.199504
vt -0.069684 -0.287713
vt 0.373586 -0.287025
vt 0.173067 -0.248934
vt 0.081584 -0.240456
vt 0.261435 -0.223791
vt 0.334752 -0.168424
vt 0.492836 -0.229813
vt 0.559808 -0.150000
vt 0.383118 -0.090310
vt 0.595442 -0.052094
vt 0.400000 0.000000
vt 0.595442 0.052094
vt 0.383118 0.090310
vt 0.559808 0.150000
vt 0.334752 0.168424
vt 0.492836 0.229813
vt 0.369684 0.287713
vt 0.261435 0.223791
vt -5.980203 -0.300000
vt -5.900203 -0.230730
vt -5.900203 -0.068457
vt -5.980203 0.000000
vt -5.800203 -0.230000
vt -5.800203 -0.069220
vt -5.720203 -0.230780
vt -5.720203 -0.070000
vt -5.620203 -0.230000
vt -5.620203 -0.070000
vt -5.517483 -0.010359
vt -5.800203 -0.300000
vt -5.620203 -0.300000
vt -5.517298 -0.300000
vt -5.620203 0.000000
vt -5.720203 0.000000
vt -0.165821 0.801288
vt -0.099680 0.686734
vt -0.000780 0.817002
vt -0.000000 0.753857
vt -0.291170 0.713998
vt -0.156854 0.597003
vt -0.359100 0.597013
vt 0.156854 0.597003
vt 0.359100 0.597025
vt 0.279912 0.725891
vt 0.089731 0.696683
vt 0.165821 0.801288
vt 0.001543 0.817002
vt -0.100000 0.817002
vt -0.100000 0.753857
vt -0.202246 0.080000
vt -0.000000 0.080000
vt -0.202246 0.180000
vt -0.000000 0.180000
vt -0.180000 0.081432
vt -0.080000 0.081432
vt -0.180000 0.189287
vt -0.080000 0.203412
vt -0.180000 0.311267
vt -0.080000 0.311267
vt -0.139946 0.805531
vt -0.000000 0.817002
vt -0.283024 0.722603
vt -0.359100 0.597014
vt 0.359100 0.597028
vt 0.278795 0.727070
vt 0.141963 0.805201
vt -0.202246 0.260000
vt -0.000000 0.260000
vt -0.202246 0.360000
vt -0.000000 0.360000
vt -0.360000 0.081432
vt -0.260000 0.081432
vt -0.360000 0.189287
vt -0.260000 0.203412
vt -0.360000 0.311267
vt -0.260000 0.311267
vt -0.000780 0.817002
vt -0.291170 0.713999
vt -0.359100 0.597021
vt 0.359100 0.597014
vt 0.283024 0.722603
vt 0.139946 0.805531
vt 0.100000 0.817002
vt 0.100000 0.753857
vt -0.260000 0.703966
vt -0.360000 0.703966
vt -0.260000 0.596111
vt -0.360000 0.581986
vt -0.260000 0.474131
vt -0.360000 0.474131
vt 0.360000 0.000000
vt 0.260000 0.000000
vt 0.360000 -0.202246
vt 0.260000 -0.202246
vt -0.000730 0.817002
vt -0.279912 0.725891
vt -0.359100 0.597025
vt 0.359100 0.597017
vt 0.278795 0.727070
vt 0.141963 0.805201
vt -0.080000 0.703966
vt -0.180000 0.703966
vt -0.080000 0.596111
vt -0.180000 0.581986
vt -0.080000 0.474131
vt -0.180000 0.474131
vt 0.180000 0.000000
vt 0.080000 0.000000
vt 0.180000 -0.202246
vt 0.080000 -0.202246
vt 0.165821 -3.897985
vt 0.099680 -3.783432
vt 0.000759 -3.913700
vt 0.000000 -3.850554
vt 0.279912 -3.822588
vt 0.156854 -3.693700
vt 0.359100 -3.693722
vt 0.000000 -3.913700
vt -0.133871 -3.903225
vt -0.089731 -3.793380
vt -0.278795 -3.823767
vt -0.156854 -3.693700
vt -0.359100 -3.693714
vt -0.100000 -3.850554
vt -0.100000 -3.913700
vt -0.080000 -0.081432
vt -0.180000 -0.081432
vt -0.080000 -0.189287
vt -0.180000 -0.203412
vt -0.080000 -0.311267
vt -0.180000 -0.311267
vt -0.080000 0.202246
vt -0.180000 0.202246
vt -0.080000 0.000000
vt -0.180000 0.000000
vt 0.000780 -3.913700
vt 0.291170 -3.810696
vt 0.359100 -3.693718
vt -0.139946 -3.902229
vt -0.283025 -3.819300
vt -0.359100 -3.693711
vt -0.260000 -0.081432
vt -0.360000 -0.081432
vt -0.260000 -0.189287
vt -0.360000 -0.203412
vt -0.260000 -0.311267
vt -0.360000 -0.311267
vt -0.260000 0.202246
vt -0.360000 0.202246
vt -0.260000 0.000000
vt -0.360000 0.000000
vt 0.139946 -3.902229
vt 0.099680 -3.783431
vt 0.283024 -3.819301
vt 0.359100 -3.693711
vt -0.359100 -3.693725
vt 0.100000 -3.850554
vt 0.100000 -3.913700
vt -0.360000 -0.703966
vt -0.260000 -0.703966
vt -0.360000 -0.596111
vt -0.260000 -0.581986
vt -0.360000 -0.474131
vt -0.260000 -0.474131
vt 0.000780 -3.913700
vt 0.291170 -3.810696
vt 0.359100 -3.693710
vt -0.001502 -3.913700
vt -0.165821 -3.897985
vt -0.279912 -3.822588
vt -0.359100 -3.693722
vt -0.180000 -0.703966
vt -0.080000 -0.703966
vt -0.180000 -0.596111
vt -0.080000 -0.581986
vt -0.180000 -0.474131
vt -0.080000 -0.474131
vt 0.233118 0.426590
vt 0.250000 0.516900
vt 0.184752 0.348476
vt 0.233118 0.607210
vt 0.184752 0.685324
vt 0.111435 0.293109
vt 0.111435 0.740691
vt 0.023067 0.267966
vt 0.023067 0.765834
vt -0.068416 0.276444
vt -0.068416 0.757356
vt -0.150659 0.317396
vt -0.150659 0.716404
vt -0.212554 0.385292
vt -0.212554 0.648508
vt -0.245743 0.470963
vt -0.245743 0.562837
vt -0.100000 0.000000
vt -0.084125 -0.054064
vt -0.084125 0.054064
vt -0.041542 0.090963
vt -0.041542 -0.090963
vt 0.014231 0.098982
vt 0.014231 -0.098982
vt 0.083834 0.047024
vt 0.065486 -0.075575
vt 0.095949 -0.028173
vt 0.065486 0.075575
vt 0.095949 0.028173
vt -0.066284 -0.082220
vt -0.057873 0.007296
vt -0.110000 0.000000
vt -0.066286 0.082219
vt 0.000000 0.058261
vt 0.048197 0.094018
vt 0.057873 0.007298
vt 0.105544 -0.000000
vt 0.039853 -0.047495
vt 0.048195 -0.094019
vt -0.017997 -0.055450
vt -0.168393 -0.037709
vt -0.134064 0.108657
vt 0.135132 -0.107318
vt -0.000299 -0.172562
vt -0.020000 0.100000
vt -0.004000 0.000000
vt -0.000000 0.100000
vt -0.050000 -0.016667
vt -0.000000 -0.020000
vt 0.020000 -0.050000
vt 0.016667 0.000000
vt -0.000000 -0.050000
vt -0.100000 -0.004000
vt 0.020000 -0.100000
vt 0.004000 0.000000
vt -0.000000 -0.100000
vt -0.050000 -0.020000
vt 0.000000 -0.016667
vt -0.050000 0.000000
vt 1.575000 -2.125000
vt 1.525000 -2.125000
vt 1.575000 -2.225000
vt 1.525000 -2.225000
vt 1.575000 -2.275000
vt 1.525000 -2.275000
vt 1.575000 -2.375000
vt 1.525000 -2.375000
vt 1.425000 -2.225000
vt 1.425000 -2.275000
vt 1.675000 -2.275000
vt 1.675000 -2.225000
vt -0.066286 -0.082218
vt -0.057873 -0.007295
vt -0.066284 0.082220
vt -0.017997 0.055450
vt 0.048195 0.094019
vt 0.039853 0.047495
vt 0.105544 -0.000000
vt 0.057873 -0.007298
vt 0.048198 -0.094018
vt 0.000000 -0.058261
vt 0.050000 -0.016667
vt 0.000000 -0.004000
vt 0.100000 -0.020000
vt 0.100000 0.000000
vt 0.020000 0.000000
vt 0.004000 0.100000
vt 0.050000 -0.020000
vt 0.050000 0.000000
vt -0.020000 0.000000
vt -0.016667 -0.050000
vt -0.004000 -0.100000
vt 1.525000 2.125000
vt 1.575000 2.125000
vt 1.525000 2.225000
vt 1.575000 2.225000
vt 1.525000 2.275000
vt 1.575000 2.275000
vt 1.525000 2.375000
vt 1.575000 2.375000
vt 1.675000 2.225000
vt 1.675000 2.275000
vt 1.425000 2.275000
vt 1.425000 2.225000
vt 0.066286 0.082219
vt 0.057873 0.007295
vt 0.110000 0.000000
vt 0.066284 -0.082220
vt 0.017997 -0.055450
vt -0.048195 -0.094019
vt -0.039853 -0.047495
vt -0.105544 0.000000
vt -0.057873 0.007298
vt -0.048197 0.094018
vt -0.168393 -0.037709
vt -0.134064 0.108657
vt -0.020000 0.050000
vt -0.016667 0.000000
vt -0.000000 0.050000
vt 0.066284 0.082220
vt 0.057873 -0.007296
vt 0.066286 -0.082218
vt -0.048197 -0.094018
vt -0.057873 -0.007298
vt -0.105544 0.000000
vt -0.039853 0.047495
vt -0.048195 0.094019
vt 0.017997 0.055450
vt 0.016667 0.050000
vt -0.094968 -0.002467
vt -0.076859 -0.055903
vt -0.038214 -0.086975
vt 0.010160 -0.094455
vt 0.055837 -0.076859
vt 0.089065 -0.033052
vt 0.092459 0.021824
vt 0.046540 0.078440
vt -0.038951 0.086648
vt -0.080430 0.050558
vt 0.000000 -0.000017
vt 0.027063 -0.018750
vt 0.027063 0.018750
vt -0.013532 -0.018731
vt 0.013532 0.000013
vt -0.013532 0.018750
vt 0.000057 0.056884
vt 0.031250 0.000000
vt 0.031250 0.056858
vt 0.031250 0.113716
vt -0.000018 0.113716
vt 0.000004 0.227431
vt 0.000005 0.170586
vt 0.031249 0.227431
vt 0.000007 0.284268
vt 0.031250 0.284289
vt 0.031250 0.170574
vt 0.000002 0.341147
vt 0.031250 0.341147
vt 0.031250 0.398005
vt -0.000033 0.398007
vt 0.031250 0.454863
vt -0.000004 0.482889
vt 0.031250 0.511721
vt 0.031249 0.568579
vt 0.000003 0.682294
vt 0.000008 0.601972
vt 0.031287 0.682294
vt 0.031284 0.739152
vt 0.031250 0.625436
vt 0.031250 0.796010
vt -0.000002 0.796010
vt 0.031250 0.852868
vt -0.000003 0.852894
vt 0.031250 0.909726
vt -0.000040 0.909726
vt 0.031289 0.966584
vt 0.000000 0.966566
vt 0.000001 1.023441
vt 0.000032 1.080305
vt 0.031250 1.080299
vt 0.031250 1.137157
vt 0.031250 1.023442
vt 0.000033 1.137157
vt 0.031250 1.194015
vt 0.000032 1.194044
vt 0.031250 1.250873
vt 0.000001 1.250873
vt -0.000033 1.307718
vt 0.000032 1.421454
vt 0.000002 1.364588
vt 0.031250 1.421447
vt 0.031250 1.478304
vt 0.031250 1.307731
vt 0.031250 1.364589
vt 0.000033 1.478304
vt 0.031250 1.535162
vt 0.000032 1.535192
vt 0.031250 1.592020
vt 0.000003 1.592020
vt -0.000033 1.648874
vt 0.000032 1.762602
vt 0.000002 1.705736
vt 0.031250 1.762594
vt 0.031250 1.819452
vt 0.031250 1.648878
vt 0.031250 1.705736
vt 0.000032 1.819452
vt 0.031250 1.876309
vt 0.000032 1.876337
vt 0.031250 1.933167
vt -0.000001 1.933167
vt 0.031250 1.990025
vt -0.000030 1.990034
vt 0.031249 2.046883
vt -0.000079 2.103720
vt 0.000005 2.046883
vt -0.000003 2.217457
vt -0.000001 2.160599
vt 0.031250 2.217457
vt 0.031286 2.274315
vt 0.031250 2.103741
vt 0.031250 2.160599
vt 0.031250 2.331172
vt -0.000030 2.331190
vt 0.031250 2.388030
vt 0.000002 2.388030
vt -0.000079 2.444866
vt -0.000041 2.558607
vt -0.000034 2.501746
vt 0.031250 2.558604
vt 0.031285 2.615462
vt 0.031250 2.444888
vt 0.031250 2.501746
vt 0.031250 2.672319
vt -0.000042 2.672343
vt 0.031250 2.729177
vt -0.000039 2.729177
vt -0.000034 2.786016
vt -0.000003 2.899756
vt 0.000001 2.842893
vt 0.031250 2.899751
vt 0.031285 2.956609
vt 0.031250 2.786035
vt 0.031250 2.842893
vt 0.031250 3.013467
vt 0.000032 3.013494
vt 0.031250 3.070325
vt 0.000001 3.070325
vt 0.031289 3.127182
vt 0.000000 3.127167
vt 0.000002 3.184040
vt 0.000032 3.240904
vt 0.031250 3.240898
vt 0.031250 3.297756
vt 0.031250 3.184040
vt 0.000033 3.297756
vt 0.031250 3.354614
vt 0.000032 3.354643
vt 0.031250 3.411472
vt 0.000002 3.411472
vt -0.000033 3.468322
vt 0.000032 3.582053
vt 0.000003 3.525187
vt 0.031250 3.582045
vt 0.031250 3.638903
vt 0.031250 3.468329
vt 0.031250 3.525187
vt 0.000032 3.638903
vt 0.031250 3.695761
vt 0.000032 3.695790
vt 0.031250 3.752619
vt -0.000001 3.752619
vt 0.031250 3.809477
vt -0.000029 3.809482
vt 0.031250 3.866335
vt 0.000004 3.866334
vt 0.000025 3.923172
vt 0.000000 3.980050
vt 0.031301 3.980050
vt -0.000080 4.036908
vt 0.031250 4.036908
vt 0.031250 3.923192
vt 0.031250 4.093766
vt -0.000038 4.093766
vt 0.000004 4.207481
vt -0.000030 4.150639
vt 0.031249 4.207482
vt -0.000079 4.264311
vt 0.031250 4.264339
vt 0.031250 4.150624
vt 0.031301 4.321198
vt -0.000080 4.378048
vt 0.031250 4.378055
vt 0.031285 4.434913
vt 0.031277 4.491771
vt 0.031250 4.548629
vt 0.000002 4.548629
vt -0.000079 4.605458
vt 0.000004 4.662344
vt 0.031285 4.662344
vt 0.000023 4.719199
vt 0.031250 4.719203
vt 0.031250 4.605487
vt 0.031250 4.776061
vt 0.000033 4.776061
vt 0.000005 5.003491
vt -0.000033 4.946609
vt 0.031300 5.003491
vt 0.000065 5.060346
vt 0.031250 5.060350
vt 0.031250 4.832918
vt 0.000032 4.832937
vt 0.031250 4.889776
vt 0.000000 4.889776
vt 0.031250 4.946634
vt 0.031221 5.117208
vt 0.000000 5.117208
vt 0.000032 5.174087
vt 0.000000 5.287762
vt 0.000001 5.230924
vt 0.031289 5.287781
vt 0.000006 5.344639
vt 0.031284 5.344639
vt -0.000023 5.401495
vt 0.031250 5.401496
vt 0.031250 5.174065
vt 0.031250 5.230924
vt 0.000024 5.458354
vt 0.031250 5.458355
vt 0.031250 5.515213
vt 0.000032 5.515234
vt 0.031250 5.572070
vt 0.000003 5.572070
vt -0.000033 5.628918
vt 0.000006 5.685786
vt 0.031300 5.685786
vt 0.000025 5.742617
vt 0.031250 5.742644
vt 0.031250 5.628928
vt 0.000005 5.799502
vt 0.031250 5.799502
vt -0.000035 5.856350
vt 0.031250 5.856359
vt 0.031250 5.913218
vt 0.031250 5.970076
vt -0.000033 5.970075
vt -0.000037 5.913218
vt 0.031284 6.026933
vt -0.000079 6.083762
vt 0.031250 6.083791
vt 0.031301 6.140649
vt -0.000080 6.197500
vt 0.031250 6.197507
vt 0.031285 6.254364
vt 0.031250 6.311223
vt 0.000025 6.311234
vt 0.031250 6.368081
vt 0.000002 6.368080
vt -0.000079 6.424909
vt 0.000003 6.481796
vt 0.031285 6.481795
vt -0.000080 6.538649
vt 0.031250 6.538654
vt 0.031250 6.424938
vt 0.031250 6.595512
vt -0.000039 6.595512
vt 0.000000 6.766059
vt -0.000039 6.709229
vt 0.031288 6.766086
vt 0.000004 6.822943
vt 0.031300 6.822943
vt 0.000024 6.879797
vt 0.031250 6.879801
vt 0.031250 6.652369
vt -0.000042 6.652388
vt 0.031250 6.709228
vt 0.031250 6.936659
vt 0.000033 6.936659
vt 0.000006 7.164090
vt -0.000033 7.107211
vt 0.031300 7.164090
vt 0.000025 7.220946
vt 0.031250 7.220949
vt 0.031250 6.993517
vt 0.000032 6.993538
vt 0.031250 7.050375
vt 0.000001 7.050375
vt 0.031250 7.107233
vt 0.000033 7.277806
vt 0.031250 7.277806
vt 0.031250 7.334664
vt 0.000032 7.334686
vt 0.031250 7.391522
vt 0.000002 7.391522
vt -0.000033 7.448366
vt 0.000032 7.562096
vt 0.000003 7.505237
vt 0.031250 7.562096
vt 0.031250 7.618953
vt 0.031250 7.448380
vt 0.031250 7.505238
vt 0.000032 7.618953
vt 0.031250 7.675811
vt 0.000032 7.675830
vt 0.031250 7.732669
vt 0.000003 7.732669
vt -0.000033 7.789522
vt 0.000005 7.846385
vt 0.031300 7.846385
vt -0.000079 7.903214
vt 0.031250 7.903243
vt 0.031250 7.789527
vt 0.000002 7.960101
vt 0.031250 7.960101
vt 0.000001 8.016951
vt 0.031250 8.016958
vt 0.031285 8.073816
vt 0.031250 8.130674
vt -0.000028 8.130682
vt 0.031250 8.187532
vt 0.000002 8.187532
vt 0.031328 8.244390
vt 0.000000 8.244360
vt 0.000002 8.301248
vt 0.031301 8.301248
vt 0.031328 8.358106
vt 0.031250 8.414964
vt -0.000016 8.414964
vt 0.000000 8.358094
vt 0.000009 8.460706
vt 0.031250 8.460703
vt 0.000000 8.073816
vt 0.000000 6.254364
vt 0.000001 6.140649
vt 0.000005 6.026933
vt 0.000000 4.491785
vt 0.000000 4.434913
vt 0.000002 4.321198
vt 0.000000 2.956609
vt 0.000000 2.615462
vt 0.000000 2.274315
vt 0.000000 0.739156
vt 0.032899 7.296431
vt 0.037481 7.352478
vt 0.000021 7.312728
vt 0.000000 7.352476
vt 0.024871 7.232225
vt 0.001771 7.263205
vt 0.000000 7.213907
vt 0.020637 7.160376
vt 0.000000 7.135188
vt 0.006980 7.070286
vt -0.000038 0.056858
vt 0.031250 0.056900
vt 0.031245 0.113715
vt 0.031245 0.227431
vt 0.031290 0.284291
vt -0.000051 0.227431
vt 0.031277 0.170602
vt 0.000000 0.170573
vt 0.031251 0.341146
vt 0.000000 0.284289
vt 0.000000 0.341146
vt 0.031218 0.397985
vt 0.000000 0.398004
vt 0.031218 0.454862
vt 0.000000 0.454862
vt 0.031218 0.511718
vt 0.000000 0.511719
vt 0.031248 0.568578
vt 0.000000 0.568577
vt 0.000000 0.625435
vt 0.031290 0.625448
vt 0.031252 0.682293
vt 0.031218 0.739129
vt 0.031250 0.796008
vt -0.000038 0.796008
vt 0.031225 0.852868
vt 0.000000 0.852866
vt -0.000034 0.909724
vt 0.000000 0.966581
vt 0.031329 0.966602
vt 0.000000 1.023439
vt 0.031282 1.023439
vt 0.031218 1.080275
vt 0.031244 0.909724
vt 0.031216 1.137154
vt 0.000000 1.080297
vt 0.031225 1.194016
vt 0.031245 1.250870
vt -0.000034 1.250870
vt 0.000000 1.364585
vt -0.000038 1.307728
vt 0.031290 1.364585
vt 0.031292 1.421425
vt 0.031250 1.307753
vt 0.031247 1.478301
vt 0.000000 1.421443
vt 0.031278 1.535164
vt 0.031247 1.592016
vt -0.000035 1.592016
vt 0.000000 1.648874
vt 0.031329 1.648903
vt 0.000000 1.705732
vt 0.031303 1.705732
vt 0.031292 1.762577
vt 0.031250 1.819447
vt 0.031330 1.876312
vt -0.000039 1.819447
vt 0.000000 1.762589
vt 0.031293 1.933163
vt 0.000000 1.933163
vt 0.000000 1.990020
vt 0.031329 1.990050
vt 0.000000 2.046878
vt 0.031302 2.046878
vt 0.031292 2.103732
vt 0.031250 2.217460
vt -0.000039 2.217451
vt 0.031247 2.160593
vt 0.000000 2.103736
vt 0.031246 2.274309
vt 0.031244 2.388025
vt 0.031290 2.444891
vt -0.000034 2.388024
vt 0.031225 2.331194
vt 0.000000 2.331167
vt 0.031251 2.501740
vt 0.000000 2.444882
vt 0.000000 2.501740
vt 0.031218 2.558576
vt 0.000000 2.558597
vt 0.031217 2.615455
vt 0.000000 2.615455
vt 0.000000 2.672313
vt 0.031225 2.672314
vt -0.000034 2.729171
vt 0.000000 2.786028
vt 0.031290 2.786046
vt 0.031252 2.842886
vt 0.031244 2.729171
vt 0.031216 2.956602
vt 0.031225 3.013462
vt 0.000000 3.013459
vt -0.000050 3.070317
vt 0.000000 3.127175
vt 0.031329 3.127199
vt 0.000000 3.184032
vt 0.031283 3.184032
vt 0.031218 3.240871
vt 0.031245 3.070317
vt 0.031250 3.297748
vt 0.000000 3.240890
vt 0.031329 3.354610
vt 0.031246 3.411463
vt -0.000034 3.411463
vt 0.000000 3.468321
vt 0.031283 3.468349
vt 0.000000 3.525179
vt 0.031289 3.525179
vt 0.031292 3.582022
vt 0.031283 3.638894
vt 0.000000 3.582036
vt 0.031329 3.695753
vt 0.031249 3.752609
vt -0.000051 3.752609
vt 0.000000 3.809467
vt 0.031329 3.809489
vt 0.000000 3.866325
vt 0.031302 3.866325
vt 0.031292 3.923170
vt 0.031218 4.150603
vt 0.031245 4.207471
vt -0.000033 4.207471
vt 0.031292 4.264327
vt 0.031248 4.548618
vt 0.031290 4.605485
vt 0.000000 4.605475
vt 0.031252 4.662333
vt 0.000000 4.662333
vt 0.031218 4.719162
vt 0.000000 4.719191
vt 0.031217 4.776049
vt 0.000000 4.776049
vt 0.031218 4.832901
vt 0.000000 4.832906
vt 0.031248 4.889764
vt 0.000000 4.889764
vt 0.000000 4.946621
vt 0.031283 4.946638
vt 0.000000 5.003479
vt 0.031250 5.003479
vt 0.031218 5.060310
vt 0.031250 5.117195
vt -0.000035 5.117195
vt 0.031291 5.174048
vt 0.031284 5.230910
vt 0.031329 5.287789
vt 0.000000 5.287768
vt 0.000000 5.344625
vt 0.031303 5.344625
vt 0.031292 5.401461
vt 0.031250 5.458342
vt -0.000035 5.458342
vt 0.031291 5.515195
vt 0.031249 5.572056
vt 0.031278 5.628936
vt 0.000000 5.628914
vt 0.000000 5.685772
vt 0.031301 5.685772
vt 0.031292 5.742614
vt 0.031250 5.799488
vt 0.031330 5.856346
vt -0.000039 5.799488
vt 0.000000 5.742630
vt 0.031295 5.913203
vt 0.000000 5.913203
vt 0.000000 5.970061
vt 0.031329 5.970081
vt 0.000000 6.026918
vt 0.031301 6.026919
vt 0.031292 6.083769
vt 0.031218 6.311199
vt 0.031244 6.368065
vt -0.000037 6.368064
vt 0.031290 6.424929
vt 0.000000 6.424922
vt 0.031252 6.481780
vt 0.000000 6.481780
vt 0.031218 6.538608
vt 0.000000 6.538638
vt 0.031217 6.595496
vt 0.000000 6.595496
vt 0.031218 6.652347
vt 0.000000 6.652353
vt 0.031248 6.709211
vt 0.000000 6.709211
vt 0.000000 6.766069
vt 0.031329 6.766082
vt 0.000000 6.822927
vt 0.031283 6.822927
vt 0.031218 6.879755
vt 0.000000 7.164073
vt -0.000039 7.107215
vt 0.031289 7.164073
vt 0.031292 7.220904
vt 0.031248 7.050357
vt 0.031250 7.107234
vt 0.031252 7.277788
vt 0.031250 7.334646
vt -0.000038 7.334646
vt 0.031284 7.391503
vt 0.000000 7.391503
vt -0.000008 7.448361
vt 0.000000 7.505219
vt 0.031252 7.505219
vt 0.000025 7.562077
vt 0.031250 7.562060
vt 0.031250 7.618934
vt 0.031250 7.448488
vt -0.000014 7.618934
vt 0.031250 7.675755
vt 0.000025 7.675793
vt 0.031250 7.732650
vt 0.000000 7.846365
vt -0.000004 7.789507
vt 0.031306 7.846365
vt -0.000101 7.903224
vt 0.000000 7.960081
vt 0.030954 7.956419
vt -0.000005 8.016938
vt 0.031250 8.016895
vt 0.031212 8.073796
vt 0.031250 7.789550
vt 0.031250 7.897056
vt 0.031250 8.130686
vt -0.000006 8.130654
vt 0.031218 8.210643
vt 0.000024 8.244370
vt 0.031173 8.301227
vt 0.031250 8.357947
vt 0.000024 8.358085
vt 0.031210 8.414943
vt 0.031250 8.460682
vt 0.000000 8.460681
vt 0.000000 8.414943
vt 0.000000 8.301227
vt 0.000000 8.187511
vt 0.000000 8.073796
vt 0.000000 7.732650
vt 0.000000 7.277788
vt 0.000000 7.220931
vt 0.000000 7.050357
vt 0.000000 6.993500
vt 0.031218 6.993495
vt 0.000000 6.936642
vt 0.031217 6.936642
vt 0.000000 6.879784
vt 0.000000 6.311207
vt 0.000000 6.254349
vt 0.031218 6.254349
vt 0.000000 6.197492
vt 0.031218 6.197463
vt 0.000000 6.140634
vt 0.031251 6.140634
vt 0.000000 6.083776
vt 0.000000 5.856345
vt 0.000000 5.572056
vt 0.000000 5.515199
vt 0.000000 5.401483
vt 0.000000 5.230910
vt 0.000000 5.174052
vt 0.000000 5.060337
vt 0.000000 4.548618
vt 0.000000 4.491760
vt 0.031218 4.491753
vt 0.000000 4.434902
vt 0.031218 4.434902
vt 0.000000 4.378044
vt 0.031218 4.378015
vt 0.000000 4.321187
vt 0.031251 4.321187
vt 0.000000 4.264329
vt 0.000000 4.150613
vt 0.000000 4.093756
vt 0.031218 4.093756
vt 0.000000 4.036898
vt 0.031218 4.036871
vt 0.000000 3.980041
vt 0.031251 3.980041
vt 0.000000 3.923182
vt 0.000000 3.695752
vt 0.000000 3.638894
vt 0.000000 3.354605
vt 0.000000 3.297748
vt 0.000000 2.956602
vt 0.000000 2.899744
vt 0.031218 2.899722
vt 0.000000 2.842886
vt 0.000000 2.274309
vt 0.000000 2.160593
vt 0.000000 1.876305
vt 0.000000 1.535159
vt 0.000000 1.478301
vt 0.000000 1.194012
vt 0.000000 1.137154
vt 0.000000 0.739150
vt 0.000000 0.682293
vt 0.000000 0.113715
vt -0.038195 -0.086983
vt 0.078329 0.046118
vt -0.076443 -0.056404
vt 0.014487 0.093889
vt -0.040189 0.086080
vt 0.010201 -0.094451
vt 0.055887 -0.076822
vt 0.089176 -0.032750
vt -0.081281 0.049177
vt -0.094900 -0.004349
vt 0.078329 0.046120
vt 0.014486 0.093889
vt 0.000000 -0.000017
vt -0.013532 -0.018728
vt 0.013532 0.000013
vt 0.000057 0.056876
vt 0.031250 0.056855
vt 0.031250 0.113710
vt -0.000018 0.113710
vt 0.000005 0.227420
vt 0.000005 0.170571
vt 0.031249 0.227420
vt 0.000007 0.284254
vt 0.031250 0.284275
vt 0.031250 0.170565
vt -0.000027 0.341130
vt 0.031250 0.341130
vt -0.000068 0.397984
vt 0.031250 0.397985
vt 0.031250 0.454840
vt -0.000004 0.482862
vt 0.031250 0.511694
vt 0.031250 0.568549
vt 0.000003 0.568549
vt 0.000012 0.625383
vt 0.000001 0.682259
vt 0.031288 0.682259
vt -0.000041 0.739117
vt 0.031250 0.739114
vt 0.031285 0.795969
vt 0.031250 0.625404
vt 0.031250 0.852824
vt -0.000030 0.852847
vt 0.031250 0.909679
vt 0.000002 0.909679
vt 0.000026 0.966513
vt 0.000032 1.080248
vt 0.000035 1.023389
vt 0.031250 1.080244
vt 0.031250 1.137099
vt 0.031250 0.966534
vt 0.031250 1.023389
vt 0.000033 1.137099
vt 0.031250 1.193954
vt 0.000032 1.193981
vt 0.031250 1.250809
vt 0.000000 1.250809
vt -0.000033 1.307647
vt 0.000032 1.421379
vt 0.000002 1.364519
vt 0.031250 1.421374
vt 0.031250 1.478229
vt 0.031250 1.307664
vt 0.031250 1.364519
vt 0.000033 1.478229
vt 0.031250 1.535084
vt 0.000032 1.535113
vt 0.031250 1.591938
vt 0.000001 1.591938
vt -0.000033 1.648783
vt 0.000032 1.762510
vt 0.000002 1.705648
vt 0.031250 1.762503
vt 0.031250 1.819358
vt 0.031250 1.648793
vt 0.031250 1.705648
vt 0.000032 1.819358
vt 0.031250 1.876213
vt 0.000032 1.876242
vt 0.031250 1.933068
vt -0.000001 1.933068
vt 0.031250 1.989923
vt -0.000029 1.989925
vt 0.031250 2.046778
vt 0.000031 2.046778
vt 0.031250 2.103633
vt 0.000032 2.103643
vt 0.031250 2.160488
vt 0.000032 2.160488
vt 0.031250 2.217343
vt 0.000032 2.217370
vt 0.031250 2.274198
vt -0.000001 2.274198
vt 0.031250 2.331053
vt -0.000029 2.331065
vt 0.031249 2.387908
vt 0.000025 2.444741
vt 0.000004 2.387908
vt 0.000032 2.558474
vt 0.000034 2.501617
vt 0.031250 2.558472
vt 0.031250 2.615328
vt 0.031250 2.444763
vt 0.031250 2.501618
vt -0.000001 2.615328
vt 0.031277 2.672182
vt 0.031250 2.729038
vt 0.000002 2.729037
vt 0.000026 2.785871
vt 0.000032 2.899606
vt 0.000034 2.842747
vt 0.031250 2.899602
vt 0.031250 2.956457
vt 0.031250 2.785892
vt 0.031250 2.842747
vt 0.000034 2.956457
vt 0.031250 3.013312
vt 0.000032 3.013338
vt 0.031250 3.070167
vt -0.000000 3.070167
vt 0.031289 3.127022
vt 0.000000 3.127004
vt 0.000035 3.183877
vt 0.000032 3.240737
vt 0.031250 3.240732
vt 0.031250 3.297587
vt 0.031250 3.183877
vt 0.000033 3.297587
vt 0.031250 3.354442
vt 0.000032 3.354470
vt 0.031250 3.411297
vt 0.000001 3.411297
vt -0.000033 3.468139
vt 0.000032 3.581869
vt 0.000002 3.525006
vt 0.031250 3.581861
vt 0.031250 3.638716
vt 0.031250 3.468152
vt 0.031250 3.525007
vt 0.000033 3.638716
vt 0.031250 3.695571
vt 0.000032 3.695601
vt 0.031250 3.752426
vt 0.000002 3.752426
vt -0.000033 3.809276
vt 0.000031 3.923000
vt 0.000002 3.866136
vt 0.031250 3.922991
vt 0.031250 3.979846
vt 0.031250 3.809281
vt 0.031250 3.866136
vt 0.000032 3.979846
vt 0.031250 4.036701
vt 0.000032 4.036728
vt 0.031250 4.093556
vt -0.000001 4.093556
vt 0.031277 4.150411
vt 0.031250 4.207266
vt 0.000004 4.207266
vt -0.000079 4.264092
vt 0.000001 4.320976
vt 0.031301 4.320976
vt -0.000028 4.377824
vt 0.031250 4.377831
vt 0.031250 4.264121
vt 0.031250 4.434686
vt -0.000001 4.434686
vt 0.000003 4.548395
vt -0.000030 4.491550
vt 0.031249 4.548396
vt -0.000079 4.605221
vt 0.031250 4.605251
vt 0.031250 4.491540
vt 0.031285 4.662106
vt 0.000023 4.718955
vt 0.031250 4.718960
vt 0.031250 4.775815
vt 0.000034 4.775815
vt 0.031250 4.832670
vt 0.000032 4.832687
vt 0.031250 4.889525
vt 0.000036 4.889525
vt 0.000038 4.946353
vt 0.000004 5.003235
vt 0.031300 5.003235
vt 0.000024 5.060086
vt 0.031250 5.060090
vt 0.031250 4.946380
vt 0.031250 5.116945
vt 0.000033 5.116945
vt 0.000005 5.344365
vt 0.000038 5.287487
vt 0.031300 5.344365
vt 0.000065 5.401217
vt 0.031250 5.401219
vt 0.031250 5.173800
vt 0.000032 5.173820
vt 0.031250 5.230655
vt 0.000036 5.230655
vt 0.031250 5.287510
vt 0.031221 5.458075
vt 0.000000 5.458075
vt 0.000032 5.514951
vt 0.000032 5.742350
vt 0.000037 5.685494
vt 0.031250 5.742350
vt 0.031250 5.799204
vt 0.031250 5.514930
vt 0.031250 5.571784
vt 0.000038 5.571784
vt 0.000038 5.628624
vt 0.031250 5.628639
vt 0.031250 5.685495
vt 0.000032 5.799204
vt 0.031250 5.856059
vt 0.000032 5.856080
vt 0.031250 5.912914
vt 0.000038 5.912914
vt 0.000038 5.969763
vt 0.000005 6.026624
vt 0.031284 6.026624
vt 0.000025 6.083449
vt 0.031250 6.083479
vt 0.031250 5.969769
vt 0.000037 6.140334
vt 0.031250 6.140334
vt 0.031288 6.197188
vt 0.031250 6.254044
vt 0.000034 6.254044
vt 0.031250 6.310899
vt 0.000075 6.310906
vt 0.031250 6.367754
vt 0.000003 6.367754
vt 0.000026 6.424579
vt 0.000002 6.481463
vt 0.031301 6.481463
vt 0.000023 6.538312
vt 0.031250 6.538319
vt 0.031250 6.424609
vt 0.031250 6.595174
vt 0.000034 6.595174
vt 0.000004 6.822593
vt 0.000038 6.765710
vt 0.031284 6.822594
vt 0.000024 6.879444
vt 0.031250 6.879448
vt 0.031250 6.652029
vt 0.000074 6.652043
vt 0.031250 6.708883
vt 0.000051 6.708883
vt 0.031250 6.765738
vt 0.031250 6.936303
vt 0.000033 6.936303
vt 0.000005 7.163723
vt 0.000038 7.106844
vt 0.031284 7.163723
vt -0.000023 7.220574
vt 0.031250 7.220578
vt 0.031250 6.993158
vt 0.000032 6.993177
vt 0.031250 7.050013
vt 0.000036 7.050013
vt 0.031250 7.106868
vt 0.000025 7.277433
vt 0.031250 7.277433
vt 0.031250 7.334288
vt 0.000032 7.334310
vt 0.031250 7.391143
vt 0.000037 7.391143
vt 0.000038 7.447978
vt 0.000006 7.504852
vt 0.031284 7.504853
vt 0.000025 7.561707
vt 0.031250 7.561707
vt 0.031250 7.447998
vt 0.000033 7.618562
vt 0.031250 7.618562
vt 0.031250 7.675418
vt 0.000032 7.675439
vt 0.031250 7.732273
vt 0.000038 7.732273
vt 0.000038 7.789118
vt 0.000006 7.845982
vt 0.031300 7.845982
vt 0.000025 7.902811
vt 0.031250 7.902838
vt 0.031250 7.789127
vt 0.000037 7.959692
vt 0.031250 7.959692
vt 0.031288 8.016547
vt 0.031250 8.073402
vt 0.000034 8.073402
vt 0.031250 8.130258
vt 0.000075 8.130261
vt 0.031249 8.187112
vt 0.000025 8.243937
vt 0.000004 8.187112
vt 0.000001 8.300821
vt 0.031301 8.300821
vt -0.000080 8.357663
vt 0.031250 8.357677
vt 0.031250 8.243967
vt 0.031250 8.414532
vt -0.000050 8.414532
vt 0.000011 8.460203
vt 0.031250 8.460199
vt 0.000000 8.016539
vt 0.000000 6.197181
vt 0.000003 4.662106
vt 0.000000 4.150419
vt 0.000000 2.672203
vt 0.000000 0.795969
vt -0.638707 0.238701
vt -0.633259 0.173212
vt -0.601229 0.238703
vt -0.601250 0.182662
vt -0.601250 0.098670
vt -0.624934 0.073831
vt -0.601250 0.014543
vt -0.618750 0.000000
vt -0.611632 -0.047917
vt 0.000000 0.056855
vt 0.031329 0.056886
vt 0.031245 0.113710
vt -0.000050 0.113710
vt 0.000000 0.170564
vt 0.031235 0.170589
vt 0.031225 0.227419
vt 0.031218 0.284255
vt 0.000000 0.227419
vt 0.000000 0.284274
vt -0.000039 0.341129
vt 0.000000 0.397984
vt 0.031225 0.397988
vt -0.000051 0.454838
vt 0.000000 0.511693
vt 0.031212 0.511721
vt 0.000000 0.568548
vt 0.031251 0.568548
vt 0.031292 0.625389
vt 0.031250 0.341129
vt 0.031246 0.454838
vt 0.031247 0.682257
vt 0.000000 0.625403
vt 0.031226 0.739119
vt 0.031260 0.795967
vt 0.000000 0.795967
vt 0.000000 0.852822
vt 0.031224 0.852851
vt 0.000000 0.909677
vt 0.031281 0.909677
vt 0.031292 0.966525
vt 0.031247 1.023386
vt 0.000000 0.966531
vt 0.031245 1.250806
vt 0.031290 1.307667
vt -0.000034 1.250805
vt 0.031225 1.193979
vt 0.000000 1.193951
vt 0.031251 1.364515
vt 0.000000 1.307660
vt 0.000000 1.364515
vt 0.031218 1.421349
vt 0.000000 1.421370
vt 0.031218 1.478225
vt 0.000000 1.478225
vt 0.031227 1.535079
vt 0.000000 1.535079
vt -0.000034 1.591934
vt 0.000000 1.648789
vt 0.031290 1.648805
vt 0.031252 1.705644
vt 0.031244 1.591934
vt 0.031218 1.762476
vt 0.031250 1.819353
vt -0.000038 1.819353
vt 0.031225 1.876211
vt 0.000000 1.876208
vt -0.000034 1.933063
vt 0.000000 1.989918
vt 0.031235 1.989940
vt 0.031225 2.046772
vt 0.031245 1.933063
vt 0.031218 2.103607
vt 0.000000 2.046772
vt 0.000000 2.103627
vt -0.000039 2.160482
vt 0.000000 2.217337
vt 0.031225 2.217341
vt -0.000051 2.274192
vt 0.000000 2.331046
vt 0.031212 2.331074
vt 0.000000 2.387901
vt 0.031251 2.387901
vt 0.031254 2.444740
vt 0.031250 2.160482
vt 0.031246 2.274192
vt 0.031250 2.501611
vt 0.031226 2.558471
vt -0.000039 2.501611
vt 0.000000 2.444756
vt 0.031247 2.615320
vt -0.000051 2.615320
vt 0.000000 2.672175
vt 0.031224 2.672204
vt 0.000000 2.729030
vt 0.031282 2.729030
vt 0.031292 2.785875
vt 0.031247 2.842739
vt 0.000000 2.785884
vt 0.031226 2.899601
vt 0.031249 2.956449
vt -0.000051 2.956449
vt 0.000000 3.013304
vt 0.031225 3.013333
vt -0.000050 3.070158
vt 0.000000 3.127013
vt 0.031290 3.127016
vt 0.031251 3.183868
vt 0.031245 3.070159
vt 0.031247 3.411288
vt 0.031290 3.468155
vt 0.000000 3.468142
vt -0.000035 3.524997
vt 0.031291 3.581830
vt 0.000000 3.581851
vt -0.000038 3.638706
vt 0.000000 3.695561
vt 0.031273 3.695563
vt -0.000034 3.752416
vt 0.000000 3.809271
vt 0.031235 3.809291
vt -0.000027 3.866126
vt 0.031250 3.866126
vt 0.031250 3.524997
vt 0.031250 3.638706
vt 0.031244 3.752416
vt 0.031292 3.922959
vt 0.000000 3.922980
vt 0.031252 3.979835
vt 0.000000 3.979835
vt 0.031218 4.036684
vt 0.000000 4.036690
vt 0.031214 4.093545
vt 0.000000 4.093544
vt 0.000000 4.150399
vt 0.031212 4.150416
vt 0.000000 4.207254
vt 0.031214 4.207254
vt 0.031218 4.264082
vt 0.031218 4.377814
vt 0.031247 4.434673
vt -0.000037 4.434673
vt 0.031224 4.491549
vt 0.000000 4.491528
vt 0.000000 4.548383
vt 0.031262 4.548383
vt 0.031218 4.605217
vt 0.031218 4.718946
vt 0.031249 4.775802
vt -0.000038 4.775802
vt 0.031225 4.832679
vt 0.000000 4.832657
vt 0.000000 4.889512
vt 0.031261 4.889512
vt 0.031218 4.946352
vt 0.031215 5.003221
vt 0.000000 4.946366
vt 0.031226 5.060077
vt 0.031250 5.116930
vt -0.000051 5.116930
vt 0.000000 5.173785
vt 0.031225 5.173806
vt 0.000000 5.230640
vt 0.031260 5.230640
vt 0.031219 5.287489
vt 0.031213 5.571770
vt 0.031213 5.628631
vt 0.000000 5.628623
vt 0.031217 5.685479
vt 0.000000 5.685479
vt 0.031218 5.742304
vt 0.000000 5.742333
vt 0.031217 5.799188
vt 0.000000 5.799188
vt 0.031218 5.856036
vt 0.000000 5.856043
vt -0.000037 5.912898
vt 0.000000 5.969753
vt 0.031212 5.969767
vt 0.000000 6.026607
vt 0.031214 6.026607
vt 0.031218 6.083434
vt 0.031245 5.912898
vt 0.031218 6.197167
vt 0.031246 6.254027
vt -0.000037 6.254026
vt 0.031212 6.310901
vt 0.000000 6.310881
vt 0.000000 6.367736
vt 0.031214 6.367736
vt 0.031218 6.424567
vt 0.031218 6.538297
vt 0.031248 6.595155
vt -0.000037 6.595155
vt 0.031225 6.652031
vt 0.000000 6.652010
vt 0.000000 6.708865
vt 0.031262 6.708865
vt 0.031218 6.765702
vt 0.031218 6.879428
vt 0.031250 6.936284
vt -0.000038 6.936284
vt 0.031225 6.993160
vt 0.000000 6.993139
vt 0.000000 7.049994
vt 0.031260 7.049994
vt 0.031218 7.106840
vt 0.031214 7.391122
vt 0.031213 7.447981
vt 0.000000 7.447977
vt 0.031217 7.504832
vt 0.000000 7.504832
vt 0.031218 7.561657
vt 0.000000 7.561687
vt -0.000035 7.618541
vt 0.031290 7.675389
vt 0.000000 7.675396
vt -0.000037 7.732252
vt 0.000000 7.789105
vt 0.031277 7.789118
vt 0.031308 7.845960
vt 0.031250 7.618541
vt 0.031245 7.732251
vt 0.031250 7.896851
vt -0.000084 7.902815
vt 0.030995 7.955756
vt 0.031226 8.187089
vt 0.031243 8.271477
vt 0.000000 8.243944
vt 0.000000 8.300798
vt 0.031269 8.385070
vt 0.031250 8.460176
vt 0.000000 8.460176
vt 0.000000 8.414509
vt 0.000000 8.357654
vt 0.000000 8.187089
vt 0.000000 8.130235
vt 0.031217 8.130235
vt 0.000000 8.073380
vt 0.031249 8.073380
vt 0.000000 8.016524
vt 0.031306 8.016524
vt 0.000000 7.959670
vt 0.000000 7.845960
vt 0.000000 7.391122
vt 0.000000 7.334267
vt 0.031218 7.334259
vt 0.000000 7.277413
vt 0.031218 7.277413
vt 0.000000 7.220558
vt 0.031218 7.220530
vt 0.000000 7.163703
vt 0.031216 7.163703
vt 0.000000 7.106848
vt 0.000000 6.879429
vt 0.000000 6.822575
vt 0.031216 6.822575
vt 0.000000 6.765720
vt 0.000000 6.538300
vt 0.000000 6.481445
vt 0.031216 6.481445
vt 0.000000 6.424591
vt 0.000000 6.197172
vt 0.000000 6.140317
vt 0.031217 6.140317
vt 0.000000 6.083462
vt 0.000000 5.571769
vt 0.000000 5.514915
vt 0.031218 5.514906
vt 0.000000 5.458060
vt 0.031218 5.458060
vt 0.000000 5.401205
vt 0.031218 5.401176
vt 0.000000 5.344350
vt 0.031216 5.344350
vt 0.000000 5.287495
vt 0.000000 5.060076
vt 0.000000 5.003222
vt 0.000000 4.718947
vt 0.000000 4.662092
vt 0.031216 4.662092
vt 0.000000 4.605238
vt 0.000000 4.377819
vt 0.000000 4.320964
vt 0.031216 4.320964
vt 0.000000 4.264109
vt 0.000000 3.411287
vt 0.000000 3.354432
vt 0.031218 3.354431
vt 0.000000 3.297578
vt 0.031218 3.297578
vt 0.000000 3.240723
vt 0.031218 3.240703
vt 0.000000 3.183868
vt 0.000000 2.899594
vt 0.000000 2.842739
vt 0.000000 2.558465
vt 0.000000 1.762498
vt 0.000000 1.705644
vt 0.031213 1.137096
vt 0.000000 1.137096
vt 0.031214 1.080249
vt 0.000000 1.080241
vt 0.000000 1.023386
vt 0.000000 0.739112
vt 0.000000 0.682257
vt 0.000000 -0.000017
vt 0.013532 0.000012
vt 0.000057 0.056885
vt -0.000018 0.113710
vt -0.000033 0.397989
vt 0.000003 0.341130
vt -0.000013 0.170588
vt 0.031250 0.227420
vt -0.000026 0.227420
vt 0.000007 0.284255
vt -0.000021 0.454840
vt 0.031250 0.511695
vt -0.000000 0.540984
vt 0.031250 0.568550
vt 0.000029 0.625389
vt 0.000005 0.682259
vt 0.031287 0.682259
vt 0.031284 0.739114
vt 0.031285 0.795969
vt 0.000032 0.852854
vt 0.000037 0.909679
vt 0.000038 0.966525
vt 0.000005 1.023389
vt 0.031287 1.023389
vt 0.000032 1.080251
vt 0.000032 1.137099
vt 0.000032 1.193983
vt 0.000034 1.250809
vt 0.000075 1.307667
vt 0.000004 1.364519
vt -0.000079 1.421354
vt 0.000000 1.478229
vt 0.031289 1.478229
vt 0.000000 1.535083
vt 0.031288 1.535084
vt -0.000001 1.591939
vt 0.031250 1.591939
vt 0.031250 1.648794
vt 0.000075 1.648807
vt 0.031250 1.705649
vt 0.000003 1.705648
vt -0.000079 1.762482
vt 0.000001 1.819358
vt 0.031288 1.819358
vt 0.000031 1.876215
vt 0.031250 1.762504
vt 0.000034 1.933068
vt 0.000074 1.989944
vt 0.000002 2.046778
vt 0.000026 2.103612
vt 0.000003 2.160488
vt 0.031287 2.160488
vt 0.000032 2.217347
vt 0.000034 2.274198
vt 0.000032 2.331079
vt 0.031250 2.387908
vt 0.000036 2.387908
vt 0.000038 2.444746
vt 0.000032 2.558478
vt 0.000035 2.501618
vt 0.031250 2.558473
vt 0.000033 2.615328
vt 0.031250 2.672183
vt 0.000032 2.672212
vt 0.000037 2.729038
vt 0.000038 2.785881
vt 0.000032 2.899610
vt 0.000036 2.842747
vt 0.031250 2.956458
vt 0.031250 2.842748
vt 0.000033 2.956458
vt 0.000032 3.013342
vt 0.031250 3.070168
vt 0.000038 3.070168
vt 0.000038 3.127019
vt 0.000032 3.240741
vt 0.000036 3.183877
vt 0.031250 3.127022
vt -0.000003 3.297587
vt -0.000004 3.354470
vt 0.000034 3.411297
vt 0.000075 3.468162
vt 0.000004 3.525007
vt -0.000079 3.581841
vt -0.000041 3.695573
vt -0.000035 3.638717
vt 0.031250 3.695572
vt 0.031250 3.752427
vt 0.031250 3.581862
vt 0.031250 3.638717
vt -0.000001 3.752427
vt 0.031250 3.809282
vt 0.000075 3.809300
vt 0.031250 3.866137
vt 0.000002 3.866137
vt 0.000026 3.922970
vt 0.000032 4.036705
vt 0.000034 3.979846
vt 0.031250 3.922992
vt 0.031250 3.979847
vt 0.000034 4.093556
vt 0.031250 4.150411
vt 0.000032 4.150436
vt 0.000036 4.207266
vt 0.000005 4.264094
vt 0.000004 4.320976
vt 0.031284 4.320976
vt -0.000079 4.377827
vt 0.031285 4.434686
vt 0.000000 4.434686
vt -0.000042 4.491561
vt 0.000005 4.662106
vt 0.000005 4.605228
vt 0.031300 4.662106
vt 0.000065 4.718958
vt 0.031250 4.718961
vt 0.031250 4.491541
vt 0.031250 4.548396
vt -0.000001 4.548396
vt 0.031221 4.775816
vt 0.000000 4.775816
vt 0.000032 4.832693
vt 0.000006 5.003235
vt 0.000038 4.946365
vt 0.031287 5.003236
vt 0.000032 5.060091
vt 0.031250 5.060091
vt 0.031250 5.116946
vt 0.031250 4.832671
vt 0.031250 4.889526
vt 0.000037 4.889526
vt 0.031250 4.946381
vt 0.000032 5.116946
vt 0.000032 5.173821
vt 0.031250 5.230656
vt 0.000038 5.230656
vt 0.000038 5.287505
vt -0.000079 5.401192
vt -0.000024 5.344365
vt 0.031250 5.344365
vt 0.031250 5.401220
vt -0.000034 5.458076
vt 0.031250 5.458076
vt -0.000035 5.514923
vt 0.031285 5.571785
vt 0.031250 5.628640
vt 0.000075 5.628647
vt 0.000003 5.685495
vt 0.000026 5.742321
vt 0.000023 5.856053
vt -0.000010 5.799205
vt 0.031250 5.799205
vt 0.031250 5.856060
vt 0.031250 5.912915
vt 0.000034 5.912915
vt 0.000004 6.140334
vt 0.000038 6.083452
vt 0.031284 6.140336
vt 0.000023 6.197185
vt 0.031250 6.197190
vt 0.031250 5.969770
vt 0.000074 5.969784
vt 0.031250 6.026625
vt 0.000051 6.026625
vt 0.031250 6.254045
vt 0.000033 6.254045
vt 0.000005 6.481464
vt 0.000038 6.424585
vt 0.031284 6.481464
vt -0.000023 6.538316
vt 0.000032 6.310919
vt 0.000036 6.367754
vt 0.031250 6.424610
vt 0.000024 6.595174
vt 0.000032 6.652051
vt 0.031250 6.708884
vt 0.000037 6.708884
vt 0.000038 6.765721
vt 0.000006 6.822594
vt 0.031284 6.822594
vt 0.000025 6.879448
vt 0.031250 6.879449
vt 0.031250 6.765739
vt 0.000033 6.936304
vt 0.031250 6.936304
vt 0.031250 6.993159
vt 0.000032 6.993180
vt 0.031250 7.050014
vt 0.000038 7.050014
vt 0.000038 7.106859
vt 0.000006 7.163723
vt 0.031300 7.163723
vt -0.000078 7.220551
vt 0.031250 7.220579
vt 0.031250 7.106869
vt -0.000034 7.277434
vt 0.031250 7.277434
vt -0.000035 7.334280
vt 0.031250 7.334289
vt 0.031285 7.391143
vt 0.031250 7.447999
vt 0.000074 7.448002
vt 0.031249 7.504854
vt -0.000079 7.561679
vt 0.000004 7.504853
vt 0.000001 7.618563
vt 0.031285 7.618563
vt 0.000024 7.675411
vt 0.031250 7.561708
vt 0.031250 7.732274
vt 0.000034 7.732274
vt 0.000002 7.845983
vt 0.000074 7.789140
vt 0.031250 7.845983
vt 0.000026 7.902809
vt 0.031250 7.789128
vt 0.031285 7.959693
vt 0.000023 8.016542
vt 0.031250 8.016548
vt 0.000034 8.073402
vt 0.031250 8.130259
vt 0.000032 8.130276
vt 0.031250 8.187113
vt 0.000036 8.187113
vt 0.000038 8.243942
vt 0.000005 8.300822
vt 0.031284 8.300822
vt -0.000023 8.357672
vt 0.031250 8.357678
vt 0.031250 8.243968
vt -0.000044 8.414534
vt 0.031250 8.414533
vt 0.000011 8.460204
vt 0.000003 7.959693
vt 0.000000 7.391143
vt 0.000000 5.571785
vt 0.000000 0.739120
vt -0.633259 0.173212
vt -0.601250 0.098672
vt -0.624898 0.073393
vt 0.031329 0.056889
vt 0.031246 0.113710
vt -0.000050 0.113710
vt 0.031212 0.170592
vt 0.031214 0.227419
vt 0.031218 0.284258
vt 0.031215 0.341129
vt 0.031226 0.397989
vt 0.031247 0.454838
vt -0.000051 0.454838
vt 0.031224 0.511722
vt 0.031262 0.568548
vt 0.031218 0.625393
vt 0.031249 0.682257
vt 0.031330 0.739119
vt 0.031294 0.795967
vt 0.031329 0.852851
vt 0.000000 0.909676
vt 0.031273 0.909677
vt 0.031213 0.966534
vt 0.031252 1.023386
vt 0.031214 1.250805
vt 0.031213 1.307673
vt 0.031217 1.364515
vt 0.031218 1.421348
vt 0.031217 1.478224
vt 0.000000 1.478224
vt 0.031225 1.535081
vt -0.000050 1.591934
vt 0.031224 1.648809
vt 0.000000 1.705643
vt 0.031263 1.705643
vt 0.031218 1.762477
vt 0.031216 1.819353
vt 0.031225 1.876211
vt -0.000034 1.933063
vt 0.000000 1.989917
vt 0.031212 1.989943
vt 0.031214 2.046772
vt 0.031218 2.103609
vt 0.031215 2.160482
vt 0.031225 2.217342
vt 0.031247 2.274191
vt -0.000051 2.274191
vt 0.031224 2.331075
vt 0.031262 2.387901
vt 0.031218 2.444743
vt 0.031250 2.501610
vt 0.031226 2.558472
vt -0.000039 2.501611
vt 0.031248 2.615320
vt -0.000035 2.615320
vt 0.031273 2.672204
vt 0.031261 2.729030
vt 0.031219 2.785880
vt 0.031250 2.842739
vt 0.031284 2.899602
vt -0.000039 2.842739
vt 0.031245 3.070158
vt 0.031213 3.127022
vt -0.000034 3.070158
vt 0.031328 3.013331
vt 0.000000 3.013303
vt 0.031216 3.183868
vt 0.031218 3.240701
vt 0.000000 3.240722
vt 0.031217 3.297577
vt 0.000000 3.297577
vt 0.031225 3.354433
vt -0.000034 3.411287
vt 0.031224 3.468159
vt 0.000000 3.524997
vt 0.031263 3.524997
vt 0.031254 3.581829
vt 0.031244 3.411287
vt 0.031329 3.695564
vt -0.000038 3.638706
vt 0.031245 3.752416
vt -0.000050 3.752415
vt 0.000000 3.809270
vt 0.031329 3.809294
vt 0.000000 3.866125
vt 0.031283 3.866125
vt 0.031254 3.922961
vt 0.031218 4.036685
vt 0.031246 4.093544
vt -0.000037 4.093544
vt 0.031212 4.150419
vt 0.031214 4.207254
vt 0.031218 4.264085
vt 0.031216 4.434673
vt 0.031224 4.491549
vt 0.031262 4.548383
vt 0.031219 4.605220
vt 0.031252 4.662092
vt 0.031250 4.718946
vt -0.000034 4.718946
vt 0.031250 4.775802
vt -0.000038 4.775802
vt 0.031329 4.832677
vt 0.000000 4.832656
vt 0.000000 4.889511
vt 0.031279 4.889512
vt 0.031218 4.946357
vt 0.031214 5.230640
vt 0.031213 5.287499
vt 0.031217 5.344349
vt 0.000000 5.344349
vt 0.031218 5.401174
vt 0.000000 5.401204
vt 0.031217 5.458059
vt 0.000000 5.458059
vt 0.031218 5.514906
vt 0.000000 5.514914
vt 0.031214 5.571769
vt 0.000000 5.571768
vt 0.031199 5.628636
vt 0.031175 5.685478
vt 0.031218 5.742304
vt 0.000000 5.685478
vt 0.031217 5.799188
vt 0.031218 5.856037
vt 0.000000 5.856042
vt 0.031215 5.912897
vt 0.000000 5.912897
vt 0.000000 5.969752
vt 0.031212 5.969770
vt 0.031215 6.026607
vt 0.031218 6.083436
vt 0.031218 6.197167
vt 0.031247 6.254025
vt -0.000037 6.254025
vt 0.031224 6.310902
vt 0.000000 6.310880
vt 0.000000 6.367735
vt 0.031261 6.367735
vt 0.031218 6.424571
vt 0.031250 6.481445
vt -0.000035 6.481445
vt 0.031250 6.538298
vt -0.000034 6.538300
vt 0.031285 6.595155
vt 0.031329 6.652031
vt 0.000000 6.652009
vt 0.000000 6.708864
vt 0.031280 6.708864
vt 0.031219 6.765707
vt 0.031250 6.822574
vt -0.000036 6.822574
vt 0.031291 6.879401
vt 0.031214 7.391122
vt 0.031199 7.447986
vt 0.031175 7.504831
vt 0.000000 7.504831
vt 0.031218 7.561656
vt 0.000000 7.561686
vt 0.031217 7.618540
vt 0.000000 7.618540
vt 0.031218 7.675390
vt 0.000000 7.675395
vt 0.031247 7.732250
vt 0.000000 7.732250
vt 0.031237 7.789121
vt 0.031297 7.845960
vt 0.031250 7.896853
vt -0.000089 7.902814
vt 0.000000 7.845959
vt 0.000000 7.959669
vt 0.030995 7.955756
vt 0.031306 8.016524
vt 0.031269 8.385068
vt 0.031250 8.460175
vt 0.000000 8.460175
vt 0.000000 8.414508
vt 0.000000 8.357653
vt 0.000000 8.300797
vt 0.031248 8.270975
vt 0.000000 8.243943
vt 0.000000 8.187088
vt 0.031228 8.187088
vt 0.000000 8.130234
vt 0.031217 8.130234
vt 0.000000 8.073379
vt 0.031249 8.073379
vt 0.000000 7.391121
vt 0.031218 7.334260
vt 0.000000 7.277412
vt 0.031218 7.277412
vt 0.000000 7.220557
vt 0.031218 7.220528
vt 0.000000 7.163702
vt 0.031216 7.163702
vt 0.000000 7.106847
vt 0.031218 7.106845
vt 0.000000 7.049993
vt 0.031215 7.049993
vt 0.000000 6.993138
vt 0.031218 6.993128
vt 0.000000 6.936283
vt 0.031253 6.936283
vt 0.000000 6.879428
vt 0.000000 6.765719
vt 0.000000 6.595155
vt 0.000000 6.424590
vt 0.000000 6.197171
vt 0.000000 6.140316
vt 0.031216 6.140316
vt 0.000000 6.083461
vt 0.031218 5.173776
vt 0.000000 5.116930
vt 0.031218 5.116930
vt 0.000000 5.060075
vt 0.031218 5.060048
vt 0.000000 5.003221
vt 0.031216 5.003222
vt 0.000000 4.605237
vt 0.000000 4.434673
vt 0.000000 4.377818
vt 0.031218 4.377815
vt 0.000000 4.320963
vt 0.031216 4.320963
vt 0.000000 4.264108
vt 0.000000 4.036689
vt 0.031252 3.979835
vt 0.031283 2.956449
vt 0.000000 2.956449
vt 0.000000 2.217336
vt 0.000000 2.160482
vt 0.000000 1.819353
vt 0.000000 1.250805
vt 0.000000 1.193950
vt 0.031218 1.193949
vt 0.031253 1.137096
vt 0.031291 1.080222
vt 0.000000 0.397983
vt 0.000000 0.341129
vt 0.000000 -0.000017
vt 0.013532 0.000012
vt 0.000057 0.056877
vt -0.000018 0.113710
vt 0.000005 0.170571
vt 0.031249 0.227420
vt 0.000007 0.284254
vt -0.000027 0.341130
vt -0.000068 0.397985
vt -0.000004 0.482862
vt 0.000003 0.568549
vt 0.000012 0.625383
vt 0.031288 0.682259
vt -0.000041 0.739117
vt 0.031285 0.795969
vt 0.000075 0.852847
vt 0.000002 0.909679
vt 0.000026 0.966514
vt 0.000003 1.023389
vt 0.031287 1.023389
vt 0.000032 1.080248
vt 0.000034 1.137099
vt 0.000032 1.193981
vt 0.000036 1.250809
vt 0.000038 1.307648
vt 0.000032 1.421380
vt 0.000036 1.364519
vt 0.000033 1.478229
vt 0.000032 1.535113
vt 0.000037 1.591939
vt 0.000039 1.648784
vt 0.000032 1.762511
vt 0.000036 1.705648
vt 0.000032 1.819358
vt 0.000032 1.876243
vt 0.000033 1.933068
vt 0.000075 1.989926
vt 0.000004 2.046778
vt -0.000079 2.103614
vt 0.000000 2.217341
vt -0.000034 2.160488
vt 0.031288 2.217343
vt -0.000001 2.274198
vt 0.000075 2.331065
vt 0.031249 2.387908
vt -0.000079 2.444741
vt -0.000041 2.558475
vt -0.000034 2.501618
vt 0.031285 2.615328
vt 0.000075 2.672203
vt 0.000002 2.729038
vt 0.000026 2.785871
vt 0.000003 2.842747
vt 0.031287 2.842748
vt 0.000032 2.899606
vt 0.000034 2.956458
vt 0.000032 3.013338
vt 0.000036 3.070168
vt 0.000038 3.127004
vt 0.000004 3.183877
vt 0.031287 3.183877
vt 0.000032 3.240737
vt 0.000033 3.297587
vt 0.000032 3.354471
vt 0.000037 3.411297
vt 0.000038 3.468140
vt 0.000032 3.581869
vt 0.000036 3.525007
vt 0.000033 3.638717
vt 0.000032 3.695601
vt 0.000038 3.752427
vt 0.000038 3.809277
vt 0.000032 3.923000
vt 0.000036 3.866137
vt 0.000032 3.979847
vt 0.000032 4.036729
vt 0.000034 4.093556
vt 0.000075 4.150420
vt 0.000004 4.207266
vt -0.000079 4.264092
vt -0.000080 4.377824
vt -0.000044 4.320976
vt 0.031250 4.320976
vt 0.031285 4.434686
vt 0.000074 4.491551
vt 0.000003 4.548396
vt 0.031249 4.548396
vt -0.000079 4.605222
vt 0.031285 4.662106
vt 0.000023 4.718956
vt 0.031250 4.775816
vt 0.000034 4.775816
vt 0.000032 4.832687
vt 0.000036 4.889526
vt 0.000038 4.946354
vt 0.031300 5.003236
vt 0.000023 5.060087
vt 0.000033 5.116946
vt 0.000006 5.344365
vt 0.000038 5.287488
vt 0.031300 5.344365
vt 0.000065 5.401218
vt 0.000032 5.173821
vt 0.000037 5.230656
vt 0.031221 5.458076
vt 0.000000 5.458076
vt 0.000032 5.514952
vt 0.000032 5.742351
vt 0.000037 5.685495
vt 0.031250 5.571785
vt 0.000038 5.571785
vt 0.000038 5.628625
vt 0.000032 5.799205
vt 0.000032 5.856080
vt 0.000038 5.912915
vt 0.000038 5.969765
vt 0.000005 6.026625
vt 0.031300 6.026626
vt -0.000079 6.083451
vt -0.000034 6.140336
vt 0.031250 6.140335
vt 0.031288 6.197190
vt 0.031285 6.254045
vt 0.000075 6.310907
vt 0.000003 6.367754
vt -0.000079 6.424581
vt -0.000080 6.538313
vt -0.000043 6.481464
vt 0.031250 6.481464
vt -0.000002 6.595174
vt 0.000004 6.822594
vt 0.000038 6.765711
vt 0.031284 6.822594
vt 0.000023 6.879444
vt 0.000074 6.652044
vt 0.000051 6.708884
vt 0.000033 6.936304
vt 0.000038 7.106843
vt 0.031284 7.163723
vt -0.000023 7.220576
vt 0.000032 6.993179
vt 0.000036 7.050014
vt 0.000024 7.277434
vt 0.000032 7.334311
vt 0.000037 7.391143
vt 0.000038 7.447981
vt 0.000006 7.504853
vt 0.031300 7.504854
vt 0.000025 7.561708
vt 0.000033 7.618563
vt 0.031250 7.618563
vt 0.000032 7.675439
vt 0.000038 7.732275
vt 0.000038 7.789119
vt 0.000005 7.845983
vt 0.031300 7.845983
vt -0.000079 7.902811
vt -0.000034 7.959693
vt 0.031250 7.959693
vt 0.031288 8.016547
vt 0.031285 8.073402
vt 0.000075 8.130261
vt 0.031249 8.187113
vt -0.000079 8.243938
vt 0.000004 8.187113
vt -0.000080 8.357663
vt -0.000043 8.300823
vt 0.031250 8.300822
vt -0.000050 8.414533
vt 0.000000 8.073402
vt 0.000000 8.016540
vt 0.000000 6.254045
vt 0.000000 6.197182
vt 0.000000 2.615328
vt -0.633259 0.173212
vt -0.611632 -0.047917
vt 0.031329 0.056880
vt 0.031244 0.113710
vt -0.000034 0.113710
vt 0.031213 0.170574
vt 0.031216 0.227419
vt 0.031218 0.284253
vt -0.000038 0.341129
vt 0.031225 0.397985
vt -0.000034 0.454838
vt 0.031213 0.511712
vt 0.031218 0.568548
vt 0.031244 0.454839
vt 0.031216 0.682257
vt 0.031225 0.739115
vt -0.000034 0.795967
vt 0.031199 0.852846
vt 0.031176 0.909676
vt 0.031245 0.795967
vt 0.031218 0.966512
vt 0.031215 1.023386
vt 0.031225 1.080246
vt -0.000034 1.137096
vt 0.031212 1.193979
vt 0.031213 1.250805
vt 0.031218 1.307646
vt 0.031246 1.137096
vt 0.031250 1.364515
vt 0.031330 1.421376
vt -0.000039 1.364515
vt 0.031248 1.478224
vt -0.000051 1.478224
vt 0.031329 1.535109
vt 0.000000 1.591934
vt 0.031280 1.591934
vt 0.031218 1.648782
vt 0.031250 1.705643
vt 0.031284 1.762506
vt -0.000039 1.705643
vt 0.031213 1.989924
vt -0.000034 1.933063
vt 0.031329 1.876236
vt 0.031216 2.046772
vt 0.031218 2.103606
vt 0.031218 2.160482
vt 0.031226 2.217336
vt -0.000050 2.274191
vt 0.031213 2.331062
vt 0.031217 2.387901
vt 0.031244 2.274192
vt 0.031218 2.444734
vt -0.000038 2.501611
vt 0.031225 2.558468
vt -0.000034 2.615320
vt 0.031199 2.672197
vt 0.031176 2.729030
vt 0.031245 2.615320
vt 0.031218 2.785864
vt 0.031216 2.842739
vt 0.031225 2.899598
vt -0.000034 2.956449
vt 0.031212 3.013330
vt 0.000000 3.070158
vt 0.031214 3.070158
vt 0.031218 3.126997
vt 0.031246 2.956449
vt 0.031215 3.183868
vt 0.031226 3.240728
vt 0.031260 3.297577
vt 0.031224 3.354461
vt 0.031262 3.411287
vt 0.031218 3.468132
vt 0.031330 3.581858
vt -0.000039 3.524997
vt 0.031249 3.638706
vt -0.000051 3.638706
vt 0.031329 3.695590
vt 0.000000 3.752415
vt 0.031274 3.752416
vt 0.031213 3.809273
vt -0.000035 3.866125
vt 0.031250 3.866125
vt 0.031291 3.922961
vt 0.031214 4.434673
vt 0.031213 4.491538
vt 0.031217 4.548382
vt 0.031218 4.605208
vt 0.031217 4.662092
vt 0.031218 4.718941
vt 0.000000 4.718946
vt -0.000037 4.775803
vt 0.031212 4.832673
vt 0.031214 4.889511
vt 0.031218 4.946340
vt 0.031245 4.775802
vt 0.031218 5.060071
vt 0.031247 5.116930
vt -0.000037 5.116930
vt 0.031224 5.173805
vt 0.031262 5.230640
vt 0.031219 5.287472
vt 0.031291 5.401201
vt 0.031249 5.458059
vt -0.000038 5.458059
vt 0.031329 5.514935
vt 0.031280 5.571768
vt 0.031218 5.628608
vt 0.031250 5.685478
vt 0.031330 5.742333
vt -0.000039 5.685478
vt 0.031250 5.799188
vt -0.000052 5.799189
vt 0.031329 5.856063
vt 0.031280 5.912897
vt 0.031219 5.969746
vt 0.031213 6.254026
vt 0.031213 6.310887
vt 0.031217 6.367735
vt 0.031218 6.424561
vt 0.031217 6.481445
vt 0.031218 6.538293
vt -0.000037 6.595155
vt 0.031212 6.652023
vt 0.031214 6.708864
vt 0.031218 6.765690
vt 0.031245 6.595155
vt 0.031218 6.879424
vt 0.031246 6.936284
vt -0.000037 6.936283
vt 0.031212 6.993157
vt 0.031214 7.049994
vt 0.031218 7.106823
vt 0.031250 7.163702
vt -0.000035 7.163702
vt 0.031250 7.220553
vt -0.000034 7.220558
vt 0.031284 7.277412
vt 0.031329 7.334288
vt 0.031281 7.391122
vt 0.031218 7.447958
vt 0.031291 7.561685
vt 0.031250 7.618540
vt -0.000038 7.618540
vt 0.031329 7.675416
vt 0.031296 7.732250
vt 0.031279 7.789095
vt 0.031307 7.845959
vt 0.031250 7.896842
vt -0.000084 7.902814
vt 0.030995 7.955755
vt 0.031269 8.385069
vt 0.031248 8.270976
vt 0.031228 8.187088
vt 0.031217 8.130233
vt 0.031249 8.073379
vt 0.031251 7.504831
vt 0.000000 6.822574
vt 0.031217 6.822574
vt 0.000000 6.254025
vt 0.031218 6.197163
vt 0.031218 6.140316
vt 0.031218 6.083433
vt 0.031216 6.026607
vt 0.031252 5.344349
vt 0.031216 5.003221
vt 0.031218 4.377811
vt 0.031218 4.320963
vt 0.031218 4.264079
vt 0.031216 4.207254
vt 0.031219 4.150397
vt 0.031215 4.093544
vt 0.031218 4.036679
vt 0.031253 3.979835
vt 0.031284 1.819353
vt 0.031218 0.625381
s 1
usemtl 202,209,238.001
f 2868/1/1 2931/2/2 2869/3/3
f 2797/4/4 2869/3/3 2737/5/5
f 2797/4/4 2737/5/5 2624/6/6
f 2624/6/6 2737/5/5 2628/7/7
f 2624/6/6 2628/7/7 2538/8/8
f 2624/6/6 2538/8/8 2535/9/9
f 2535/9/9 2538/8/8 2326/10/10
f 2535/9/9 2326/10/10 2454/11/11
f 2454/11/11 2326/10/10 2455/12/12
f 2455/12/12 2326/10/10 2412/13/13
f 2455/12/12 2412/13/13 2536/14/14
f 2536/14/14 2412/13/13 2540/15/15
f 2536/14/14 2540/15/15 2625/16/16
f 2625/16/16 2540/15/15 2630/17/17
f 2537/18/18 2626/19/19 2733/20/20
f 2866/21/21 2733/20/20 2870/22/22
f 2866/21/21 2870/22/22 2930/23/23
f 2930/23/23 2870/22/22 2932/24/24
f 2930/23/23 2932/24/24 2871/25/25
f 2930/23/23 2871/25/25 2865/26/26
f 2865/26/26 2871/25/25 2738/27/27
f 2865/26/26 2738/27/27 2732/28/28
f 2732/28/28 2738/27/27 2539/29/29
f 2732/28/28 2539/29/29 2595/30/30
f 2595/30/30 2539/29/29 2467/31/31
f 2467/31/31 2539/29/29 2413/32/32
f 2467/31/31 2413/32/32 2404/33/33
f 2404/33/33 2413/32/32 2405/34/34
f 489/35/35 483/6/36 613/36/37
f 613/36/37 483/6/36 674/4/38
f 613/36/37 674/4/38 744/37/39
f 744/37/39 674/4/38 788/38/40
f 744/37/39 788/38/40 742/39/41
f 742/39/41 788/38/40 789/40/42
f 742/39/41 789/40/42 675/41/43
f 742/39/41 675/41/43 610/42/44
f 610/42/44 675/41/43 484/43/45
f 610/42/44 484/43/45 487/44/46
f 487/45/46 484/16/45 416/46/47
f 416/46/47 484/16/45 415/14/48
f 416/46/47 415/14/48 315/47/49
f 192/48/50 315/47/49 314/49/51
f 605/50/52 485/51/53 463/52/54
f 333/31/55 463/52/54 273/53/56
f 333/31/55 273/53/56 267/33/57
f 267/33/57 273/53/56 193/54/58
f 267/33/57 193/54/58 274/55/59
f 267/33/57 274/55/59 334/56/60
f 334/56/60 274/55/59 418/57/61
f 334/56/60 418/57/61 474/58/62
f 474/59/62 418/60/61 606/61/63
f 606/61/63 418/60/61 611/62/64
f 606/61/63 611/62/64 734/21/65
f 734/21/65 611/62/64 798/23/66
f 798/23/66 611/62/64 799/63/67
f 2625/64/16 2621/65/68 2322/66/69
f 2625/64/16 2322/66/69 2536/67/70
f 2536/67/70 2322/66/69 2455/68/71
f 2455/68/71 2322/66/69 2271/69/72
f 2455/68/71 2271/69/72 2454/70/73
f 2454/70/73 2271/69/72 2535/71/74
f 2535/71/74 2271/69/72 2482/72/75
f 2535/71/74 2482/72/75 2624/73/76
f 2624/73/76 2482/72/75 2620/74/77
f 2624/73/76 2620/74/77 2797/75/4
f 2797/75/4 2620/74/77 3015/76/78
f 2797/75/4 3015/76/78 2869/77/3
f 2869/77/3 3015/76/78 3016/78/79
f 2869/77/3 3016/78/79 2868/79/1
f 2868/79/1 3016/78/79 2736/80/80
f 2736/80/80 3016/78/79 2621/81/68
f 2736/80/80 2621/81/68 2625/82/16
f 2483/83/81 2537/84/18 2623/65/82
f 2623/85/82 2537/86/18 2733/87/20
f 2623/85/82 2733/87/20 2866/88/21
f 2623/85/82 2866/88/21 3018/89/83
f 3018/89/83 2866/88/21 2930/90/84
f 3018/89/83 2930/90/84 3017/91/85
f 3017/91/85 2930/90/84 2865/92/86
f 3017/91/85 2865/92/86 2622/93/87
f 2622/93/87 2865/92/86 2732/94/88
f 2622/93/87 2732/94/88 2595/95/89
f 2622/93/87 2595/95/89 2323/96/90
f 2323/96/90 2595/95/89 2467/97/91
f 2323/96/90 2467/97/91 2404/98/33
f 2323/96/90 2404/98/33 2272/99/92
f 2272/99/92 2404/98/33 2410/100/93
f 2272/99/92 2410/100/93 2483/83/81
f 2483/83/81 2410/100/93 2537/84/18
f 719/101/94 355/102/95 484/82/96
f 484/64/96 355/103/95 415/67/48
f 415/67/48 355/103/95 189/104/97
f 415/67/48 189/104/97 315/68/49
f 315/68/49 189/104/97 152/105/98
f 315/68/49 152/105/98 314/70/51
f 314/70/51 152/105/98 414/71/99
f 414/71/99 152/105/98 354/106/100
f 414/71/99 354/106/100 483/73/36
f 483/73/36 354/106/100 718/107/101
f 483/73/36 718/107/101 674/75/102
f 674/75/102 718/107/101 788/77/103
f 788/77/103 718/107/101 885/108/104
f 788/77/103 885/108/104 789/79/105
f 789/79/105 885/108/104 675/80/106
f 675/80/106 885/108/104 719/101/94
f 675/80/106 719/101/94 484/82/96
f 353/102/107 474/86/108 606/87/109
f 353/102/107 606/87/109 717/109/110
f 717/109/110 606/87/109 734/88/111
f 717/109/110 734/88/111 798/90/66
f 717/109/110 798/90/66 884/110/112
f 884/110/112 798/90/66 733/92/113
f 884/110/112 733/92/113 716/111/114
f 716/111/114 733/92/113 605/94/52
f 716/111/114 605/94/52 352/112/115
f 352/112/115 605/94/52 463/95/54
f 352/112/115 463/95/54 333/97/55
f 352/112/115 333/97/55 188/113/116
f 188/113/116 333/97/55 267/98/117
f 188/113/116 267/98/117 151/114/118
f 151/114/118 267/98/117 334/100/119
f 151/114/118 334/100/119 353/115/107
f 353/115/107 334/100/119 474/84/108
f 2066/116/120 2039/117/121 2064/118/122
f 2064/119/122 2039/120/121 2041/121/123
f 2039/117/121 2066/116/120 2053/122/124
f 2053/122/124 2066/116/120 2090/123/125
f 2053/122/124 2090/123/125 2069/124/126
f 2069/124/126 2090/123/125 2120/125/127
f 2120/125/127 2090/123/125 2110/126/128
f 2120/125/127 2110/126/128 2138/127/129
f 2138/127/129 2110/126/128 2121/128/130
f 2121/128/130 2110/126/128 2091/129/131
f 2121/128/130 2091/129/131 2070/130/132
f 2070/130/132 2091/129/131 2041/121/123
f 2041/121/123 2091/129/131 2064/119/122
f 2095/131/133 2093/132/134 2062/133/135
f 2095/131/133 2062/133/135 2058/134/136
f 2058/134/136 2062/133/135 2034/135/137
f 2058/134/136 2034/135/137 2030/136/138
f 2058/134/136 2030/136/138 2055/137/139
f 2055/137/139 2030/136/138 2033/138/140
f 2055/137/139 2033/138/140 2061/139/141
f 2055/137/139 2061/139/141 2072/140/142
f 2072/140/142 2061/139/141 2116/141/143
f 2072/140/142 2116/141/143 2114/142/144
f 2114/142/144 2116/141/143 2135/143/145
f 2114/142/144 2135/143/145 2142/144/146
f 2114/142/144 2142/144/146 2112/145/147
f 2112/145/147 2142/144/146 2136/146/148
f 2112/145/147 2136/146/148 2093/147/134
f 2112/145/147 2093/147/134 2095/148/133
f 1133/149/149 1163/120/150 1145/150/151
f 1163/151/150 1133/152/149 1146/122/152
f 1146/122/152 1133/152/149 1099/153/153
f 1146/122/152 1099/153/153 1092/154/154
f 1092/154/154 1099/153/153 1066/155/155
f 1066/155/155 1099/153/153 1088/126/156
f 1066/155/155 1088/126/156 1064/127/157
f 1064/127/157 1088/126/156 1078/128/158
f 1078/128/158 1088/126/156 1098/156/159
f 1078/128/158 1098/156/159 1091/157/160
f 1091/157/160 1098/156/159 1145/150/151
f 1145/150/151 1098/156/159 1132/158/161
f 1145/150/151 1132/158/161 1133/149/149
f 1140/159/162 1086/160/163 1119/161/164
f 1119/132/164 1086/162/163 1082/163/165
f 1082/163/165 1086/162/163 1061/164/166
f 1082/163/165 1061/164/166 1057/165/167
f 1082/163/165 1057/165/167 1080/166/168
f 1080/166/168 1057/165/167 1060/167/169
f 1080/166/168 1060/167/169 1085/168/170
f 1080/166/168 1085/168/170 1097/169/171
f 1097/169/171 1085/168/170 1115/170/172
f 1097/169/171 1115/170/172 1138/171/173
f 1138/171/173 1115/170/172 1160/172/174
f 1138/171/173 1160/172/174 1171/173/146
f 1138/171/173 1171/173/146 1135/174/175
f 1135/174/175 1171/173/146 1161/175/176
f 1135/174/175 1161/175/176 1140/159/162
f 1135/174/175 1140/159/162 1119/161/164
f 1131/149/149 1162/120/150 1143/121/151
f 1162/117/150 1131/176/149 1144/122/177
f 1144/122/177 1131/176/149 1096/177/153
f 1144/122/177 1096/177/153 1090/178/154
f 1090/178/154 1096/177/153 1065/179/155
f 1065/179/155 1096/177/153 1087/126/156
f 1065/179/155 1087/126/156 1063/127/157
f 1063/127/157 1087/126/156 1077/128/158
f 1077/128/158 1087/126/156 1095/180/159
f 1077/128/158 1095/180/159 1089/157/160
f 1089/157/160 1095/180/159 1143/121/151
f 1143/121/151 1095/180/159 1130/158/161
f 1143/121/151 1130/158/161 1131/149/149
f 1118/131/178 1112/132/179 1084/133/180
f 1118/131/178 1084/133/180 1081/181/136
f 1081/181/136 1084/133/180 1059/182/137
f 1081/181/136 1059/182/137 1056/136/167
f 1081/181/136 1056/136/167 1079/183/139
f 1079/183/139 1056/136/167 1058/184/181
f 1079/183/139 1058/184/181 1083/185/141
f 1079/183/139 1083/185/141 1094/186/182
f 1094/186/182 1083/185/141 1139/141/183
f 1094/186/182 1139/141/183 1137/187/184
f 1137/187/184 1139/141/183 1158/188/145
f 1137/187/184 1158/188/145 1170/144/146
f 1137/187/184 1170/144/146 1134/189/147
f 1134/189/147 1170/144/146 1159/190/148
f 1134/189/147 1159/190/148 1112/191/179
f 1134/189/147 1112/191/179 1118/148/178
f 2065/116/185 2038/151/121 2063/118/122
f 2063/192/122 2038/120/121 2040/150/123
f 2038/151/121 2065/116/185 2052/122/186
f 2052/122/186 2065/116/185 2088/193/125
f 2052/122/186 2088/193/125 2067/154/126
f 2067/154/126 2088/193/125 2118/155/127
f 2118/155/127 2088/193/125 2109/126/128
f 2118/155/127 2109/126/128 2137/127/129
f 2137/127/129 2109/126/128 2119/128/130
f 2119/128/130 2109/126/128 2089/194/131
f 2119/128/130 2089/194/131 2068/130/132
f 2068/130/132 2089/194/131 2040/150/123
f 2040/150/123 2089/194/131 2063/192/122
f 2115/159/162 2060/160/163 2094/161/187
f 2094/132/187 2060/195/163 2057/196/165
f 2057/196/165 2060/195/163 2032/197/166
f 2057/196/165 2032/197/166 2029/165/167
f 2057/196/165 2029/165/167 2054/198/188
f 2054/198/188 2029/165/167 2031/199/169
f 2054/198/188 2031/199/169 2059/168/189
f 2054/198/188 2059/168/189 2071/200/190
f 2071/200/190 2059/168/189 2092/201/172
f 2071/200/190 2092/201/172 2113/202/173
f 2113/202/173 2092/201/172 2133/203/191
f 2113/202/173 2133/203/191 2141/173/146
f 2113/202/173 2141/173/146 2111/204/175
f 2111/204/175 2141/173/146 2134/205/192
f 2111/204/175 2134/205/192 2115/159/162
f 2111/204/175 2115/159/162 2094/161/187
f 88/206/193 42/207/194 67/208/195
f 67/209/195 42/210/194 47/211/196
f 47/211/196 42/210/194 18/212/197
f 47/211/196 18/212/197 21/213/198
f 21/213/198 18/212/197 17/214/199
f 21/213/198 17/214/199 19/215/200
f 19/215/200 17/214/199 24/216/201
f 24/216/201 17/214/199 41/217/202
f 24/216/201 41/217/202 59/218/203
f 59/218/203 41/217/202 79/219/204
f 79/219/204 41/217/202 87/220/205
f 79/219/204 87/220/205 92/221/206
f 92/221/206 87/220/205 107/222/207
f 107/222/207 87/220/205 112/223/208
f 107/222/207 112/223/208 101/224/209
f 101/224/209 112/223/208 84/225/210
f 84/225/210 112/223/208 88/206/193
f 84/225/210 88/206/193 67/208/195
f 47/226/211 48/227/211 67/228/212
f 67/228/212 48/227/211 68/229/212
f 67/230/212 68/231/212 84/232/213
f 84/232/213 68/231/212 85/233/213
f 84/232/213 85/233/213 101/234/214
f 101/234/214 85/233/213 102/235/214
f 101/234/214 102/235/214 107/236/215
f 107/236/215 102/235/214 108/237/215
f 107/236/215 108/237/215 92/238/216
f 92/238/216 108/237/215 93/239/217
f 92/238/216 93/239/217 79/240/218
f 79/240/218 93/239/217 80/241/218
f 79/240/218 80/241/218 59/242/219
f 59/242/219 80/241/218 60/243/219
f 59/242/219 60/243/219 24/244/220
f 24/244/220 60/243/219 25/245/221
f 24/244/220 25/245/221 19/246/222
f 19/246/222 25/245/221 20/247/222
f 19/246/222 20/247/222 21/248/223
f 21/248/223 20/247/222 22/249/223
f 21/248/223 22/249/223 47/226/211
f 47/226/211 22/249/223 48/227/211
f 3134/250/224 3133/251/225 3109/252/226
f 3134/250/224 3109/252/226 3112/253/227
f 3112/253/227 3109/252/226 3083/254/228
f 3112/253/227 3083/254/228 3097/255/229
f 3097/255/229 3083/254/228 3092/256/230
f 3092/256/230 3083/254/228 3086/257/231
f 3092/256/230 3086/257/231 3104/258/232
f 3104/258/232 3086/257/231 3116/259/233
f 3116/259/233 3086/257/231 3132/260/234
f 3116/259/233 3132/260/234 3144/261/235
f 3144/261/235 3132/260/234 3166/262/236
f 3166/262/236 3132/260/234 3173/263/237
f 3166/262/236 3173/263/237 3171/264/238
f 3171/264/238 3173/263/237 3167/265/239
f 3167/265/239 3173/263/237 3174/266/240
f 3167/265/239 3174/266/240 3154/267/241
f 3154/267/241 3174/266/240 3133/268/225
f 3154/267/241 3133/268/225 3134/207/224
f 3112/226/211 3113/227/211 3134/228/212
f 3134/228/212 3113/227/211 3135/229/212
f 3134/230/212 3135/231/212 3154/232/213
f 3154/232/213 3135/231/212 3155/233/213
f 3154/232/213 3155/233/213 3167/234/214
f 3167/234/214 3155/233/213 3168/235/214
f 3167/234/214 3168/235/214 3171/236/215
f 3171/236/215 3168/235/214 3172/237/242
f 3171/236/215 3172/237/242 3166/238/243
f 3166/238/243 3172/237/242 3145/269/244
f 3166/238/243 3145/269/244 3144/240/245
f 3144/240/245 3145/269/244 3116/242/246
f 3116/242/246 3145/269/244 3117/243/247
f 3116/242/246 3117/243/247 3104/244/220
f 3104/244/220 3117/243/247 3105/245/221
f 3104/244/220 3105/245/221 3092/246/222
f 3092/246/222 3105/245/221 3093/247/222
f 3092/246/222 3093/247/222 3097/248/223
f 3097/248/223 3093/247/222 3098/249/223
f 3097/248/223 3098/249/223 3112/226/211
f 3112/226/211 3098/249/223 3113/227/211
f 1497/270/248 1498/271/248 1478/272/249
f 1478/272/249 1498/271/248 1479/273/249
f 1478/274/249 1479/275/249 1499/276/250
f 1499/276/250 1479/275/249 1500/277/250
f 1499/276/250 1500/277/250 1528/278/251
f 1528/278/251 1500/277/250 1529/279/251
f 1528/278/251 1529/279/251 1550/280/252
f 1550/280/252 1529/279/251 1551/281/252
f 1550/280/252 1551/281/252 1587/282/253
f 1587/282/253 1551/281/252 1588/283/253
f 1587/282/253 1588/283/253 1615/284/254
f 1615/284/254 1588/283/253 1616/285/254
f 1615/284/254 1616/285/254 1668/286/255
f 1668/286/255 1616/285/254 1669/287/255
f 1668/286/255 1669/287/255 1694/288/256
f 1694/288/256 1669/287/255 1695/289/256
f 1694/288/256 1695/289/256 1714/290/257
f 1714/290/257 1695/289/256 1715/291/258
f 1714/290/257 1715/291/258 1712/292/259
f 1712/292/259 1715/291/258 1713/293/260
f 1712/292/259 1713/293/260 1692/294/261
f 1692/294/261 1713/293/260 1693/295/261
f 1692/294/261 1693/295/261 1666/296/262
f 1666/296/262 1693/295/261 1667/297/262
f 1666/296/262 1667/297/262 1613/298/263
f 1613/298/263 1667/297/262 1614/299/263
f 1613/298/263 1614/299/263 1585/300/264
f 1585/300/264 1614/299/263 1586/301/264
f 1585/300/264 1586/301/264 1548/302/265
f 1548/302/265 1586/301/264 1549/303/265
f 1548/302/265 1549/303/265 1526/304/266
f 1526/304/266 1549/303/265 1527/305/266
f 1526/304/266 1527/305/266 1497/270/248
f 1497/270/248 1527/305/266 1498/271/248
f 1576/306/267 1574/307/268 1503/308/269
f 1503/308/269 1574/307/268 1504/309/270
f 94/310/271 74/311/272 96/312/273
f 932/313/274 929/314/275 984/315/276
f 984/315/276 929/314/275 977/316/277
f 984/315/276 977/316/277 1020/317/278
f 1020/317/278 977/316/277 1008/318/279
f 1020/317/278 1008/318/279 1022/319/280
f 1004/320/281 1022/319/282 990/321/283
f 1004/320/281 990/321/283 969/322/284
f 969/322/284 990/321/283 962/323/285
f 969/322/284 962/323/285 891/324/286
f 891/324/286 962/323/285 883/325/287
f 891/324/286 883/325/287 602/326/288
f 602/326/288 883/325/287 600/327/289
f 602/326/288 600/327/289 338/328/290
f 338/328/290 600/327/289 340/329/291
f 338/328/290 340/329/291 127/330/292
f 127/330/292 340/329/291 129/331/293
f 127/330/292 129/331/293 95/332/294
f 3085/333/295 3080/334/296 3068/335/297
f 3068/335/297 3080/334/296 3063/336/298
f 3068/335/297 3063/336/298 2859/337/299
f 2859/337/299 3063/336/298 2855/338/300
f 2859/337/299 2855/338/300 2601/339/301
f 2601/339/301 2855/338/300 2603/340/302
f 2601/339/301 2603/340/302 2317/341/303
f 2317/341/303 2603/340/302 2319/342/304
f 2317/341/303 2319/342/304 2240/343/305
f 2240/343/305 2319/342/304 2242/344/306
f 2240/343/305 2242/344/306 2210/345/307
f 2210/345/307 2242/344/306 2212/346/308
f 2210/345/307 2212/346/308 2187/347/309
f 2191/348/310 2187/347/311 2193/349/312
f 2191/348/310 2193/349/312 2224/350/313
f 2224/350/313 2193/349/312 2226/351/314
f 2224/350/313 2226/351/314 2258/352/315
f 3147/353/316 3137/354/317 3143/355/318
f 98/356/319 99/357/320 134/358/321
f 134/358/321 99/357/320 129/359/293
f 134/358/321 129/359/293 350/360/322
f 350/360/322 129/359/293 340/361/291
f 350/360/322 340/361/291 598/362/323
f 598/362/323 340/361/291 600/363/289
f 598/362/323 600/363/289 881/364/324
f 881/364/324 600/363/289 883/365/287
f 881/364/324 883/365/287 960/366/325
f 960/366/325 883/365/287 962/367/285
f 960/366/325 962/367/285 988/368/326
f 988/368/326 962/367/285 990/369/283
f 988/368/326 990/369/283 1015/370/327
f 1015/370/327 990/369/283 1017/371/328
f 1015/370/327 1017/371/328 1006/372/329
f 1006/372/329 1017/371/328 1008/373/279
f 1006/372/329 1008/373/279 975/374/330
f 975/374/330 1008/373/279 977/375/277
f 975/374/330 977/375/277 927/376/331
f 927/376/331 977/375/277 929/377/275
f 97/378/332 96/379/273 72/380/333
f 72/380/333 96/379/273 74/381/272
f 72/380/333 74/381/272 61/382/334
f 61/382/334 74/381/272 46/383/335
f 61/382/334 46/383/335 26/384/336
f 3141/385/337 3157/386/338 3143/387/318
f 3141/385/337 3143/387/318 3120/388/339
f 3120/388/339 3143/387/318 3118/389/340
f 3120/388/339 3118/389/340 3077/390/341
f 3077/390/341 3118/389/340 3079/391/342
f 2262/392/343 2263/393/344 2229/394/345
f 2229/394/345 2263/393/344 2226/395/314
f 2229/394/345 2226/395/314 2208/396/346
f 2208/396/346 2226/395/314 2193/397/312
f 2208/396/346 2193/397/312 2196/398/347
f 2196/398/347 2193/397/312 2198/399/348
f 2196/398/347 2198/399/348 2220/400/349
f 2220/400/349 2198/399/348 2212/401/308
f 2220/400/349 2212/401/308 2246/402/350
f 2246/402/350 2212/401/308 2242/403/306
f 2246/402/350 2242/403/306 2325/404/351
f 2325/404/351 2242/403/306 2319/405/304
f 2325/404/351 2319/405/304 2605/406/352
f 2605/406/352 2319/405/304 2603/407/302
f 2605/406/352 2603/407/302 2853/408/353
f 2853/408/353 2603/407/302 2855/409/300
f 2853/408/353 2855/409/300 3061/410/354
f 3061/410/354 2855/409/300 3063/411/298
f 3061/410/354 3063/411/298 3078/412/355
f 3078/412/355 3063/411/298 3080/413/296
f 1607/414/356 1584/415/357 1579/416/358
f 1590/417/359 1591/418/360 1738/419/361
f 1590/417/359 1738/419/361 1851/420/362
f 1851/420/362 1738/419/361 1847/421/363
f 1851/420/362 1847/421/363 1913/422/364
f 1851/420/362 1913/422/364 1995/423/365
f 1995/423/365 1913/422/364 1990/424/366
f 1995/423/365 1990/424/366 2049/425/367
f 1995/423/365 2049/425/367 2131/426/368
f 2131/426/368 2049/425/367 2122/427/369
f 2131/426/368 2122/427/369 2199/428/370
f 2131/426/368 2199/428/370 2533/429/371
f 2533/429/371 2199/428/370 2457/430/372
f 2533/429/371 2457/430/372 2860/431/373
f 2533/429/371 2860/431/373 3076/432/374
f 3139/433/375 3114/434/376 3130/435/377
f 3139/433/375 3130/435/377 3140/436/378
f 3140/436/378 3130/435/377 3136/437/379
f 3140/436/378 3136/437/379 3131/438/380
f 3140/436/378 3131/438/380 3082/439/381
f 3082/439/381 3131/438/380 3108/440/382
f 3082/439/381 3108/440/382 3075/441/383
f 3082/439/381 3075/441/383 2534/442/384
f 2534/442/384 3075/441/383 2861/443/385
f 2534/442/384 2861/443/385 2458/444/386
f 2534/442/384 2458/444/386 2132/445/387
f 2132/445/387 2458/444/386 2200/446/388
f 2132/445/387 2200/446/388 2123/447/389
f 2132/445/387 2123/447/389 2056/448/390
f 2056/448/390 2123/447/389 2050/449/391
f 2056/448/390 2050/449/391 1917/450/392
f 1917/450/392 2050/449/391 1991/451/393
f 1917/450/392 1991/451/393 1914/452/394
f 1917/450/392 1914/452/394 1741/453/395
f 1741/453/395 1914/452/394 1848/454/396
f 1741/453/395 1848/454/396 1739/455/397
f 1741/453/395 1739/455/397 1468/456/398
f 1468/456/398 1739/455/397 1592/457/399
f 1468/456/398 1592/457/399 1471/458/400
f 1468/456/398 1471/458/400 1282/459/401
f 1282/459/401 1471/458/400 1368/460/402
f 1282/459/401 1368/460/402 1285/461/403
f 1282/459/401 1285/461/403 1142/462/404
f 1142/462/404 1285/461/403 1205/463/405
f 1142/462/404 1205/463/405 1149/464/406
f 1142/462/404 1149/464/406 982/465/407
f 982/465/407 1149/464/406 1068/466/408
f 982/465/407 1068/466/408 995/467/409
f 982/465/407 995/467/409 609/468/410
f 609/468/410 995/467/409 715/469/411
f 609/468/410 715/469/411 114/470/412
f 114/470/412 715/469/411 312/471/413
f 114/470/412 312/471/413 116/472/414
f 114/470/412 116/472/414 53/473/415
f 53/473/415 116/472/414 83/474/416
f 53/473/415 83/474/416 66/475/417
f 53/473/415 66/475/417 43/476/418
f 43/476/418 66/475/417 54/477/419
f 43/476/418 54/477/419 52/478/420
f 190/479/421 113/480/422 311/481/423
f 190/479/421 311/481/423 714/482/424
f 190/479/421 714/482/424 981/483/425
f 981/483/425 714/482/424 994/484/426
f 981/483/425 994/484/426 1067/485/427
f 981/483/425 1067/485/427 1141/486/428
f 1141/486/428 1067/485/427 1148/487/429
f 1141/486/428 1148/487/429 1199/488/430
f 1199/488/430 1148/487/429 1204/489/431
f 1199/488/430 1204/489/431 1284/490/432
f 1199/488/430 1284/490/432 1365/491/433
f 1365/491/433 1284/490/432 1367/492/434
f 1365/491/433 1367/492/434 1470/493/435
f 1365/491/433 1470/493/435 1590/494/359
f 1590/417/359 1470/495/435 1591/418/360
f 1469/496/436 1533/497/437 1593/498/438
f 1593/498/438 1533/497/437 1655/499/439
f 1593/498/438 1655/499/439 1740/500/440
f 1740/500/440 1655/499/439 1804/501/441
f 1740/500/440 1804/501/441 1849/502/442
f 1849/502/442 1804/501/441 1866/503/443
f 1849/502/442 1866/503/443 1916/504/444
f 1916/504/444 1866/503/443 1944/505/445
f 1916/504/444 1944/505/445 1994/506/446
f 1994/506/446 1944/505/445 2015/507/447
f 1994/506/446 2015/507/447 2051/508/448
f 2051/508/448 2015/507/447 2077/509/449
f 2051/508/448 2077/509/449 2130/510/450
f 2130/510/450 2077/509/449 2140/511/451
f 2130/510/450 2140/511/451 2213/512/452
f 2213/512/452 2140/511/451 2238/513/453
f 2213/512/452 2238/513/453 2480/514/454
f 2480/514/454 2238/513/453 2589/515/455
f 2480/514/454 2589/515/455 2867/516/456
f 2867/516/456 2589/515/455 2922/517/457
f 2867/516/456 2922/517/457 3074/518/458
f 3074/518/458 2922/517/457 3071/519/459
f 3074/518/458 3071/519/459 3107/520/460
f 3107/520/460 3071/519/459 3096/521/461
f 3107/520/460 3096/521/461 3122/522/462
f 3122/522/462 3096/521/461 3106/523/463
f 3122/522/462 3106/523/463 3129/524/464
f 3129/524/464 3106/523/463 3099/525/465
f 3129/524/464 3099/525/465 3115/526/466
f 3115/526/466 3099/525/465 3081/527/467
f 3115/526/466 3081/527/467 3087/528/468
f 3087/528/468 3081/527/467 3050/529/469
f 3087/528/468 3050/529/469 3051/530/470
f 3051/530/470 3050/529/469 2731/531/471
f 3051/530/470 2731/531/471 2728/532/472
f 2728/532/472 2731/531/471 2288/533/473
f 2728/532/472 2288/533/473 2260/534/474
f 2260/534/474 2288/533/473 2178/535/475
f 2260/534/474 2178/535/475 2156/536/476
f 2156/536/476 2178/535/475 2117/537/477
f 2156/536/476 2117/537/477 2096/538/478
f 2096/538/478 2117/537/477 2042/539/479
f 2096/538/478 2042/539/479 2022/540/480
f 2022/540/480 2042/539/479 1988/541/481
f 2022/540/480 1988/541/481 1951/542/482
f 1951/542/482 1988/541/481 1903/543/483
f 1951/542/482 1903/543/483 1874/544/484
f 1874/544/484 1903/543/483 1844/545/485
f 1874/544/484 1844/545/485 1806/546/486
f 1806/546/486 1844/545/485 1737/547/487
f 1806/546/486 1737/547/487 1671/548/488
f 1671/548/488 1737/547/487 1594/549/489
f 1671/548/488 1594/549/489 1532/550/490
f 1532/551/490 1594/552/489 1472/553/491
f 1532/551/490 1472/553/491 1409/554/492
f 1409/554/492 1472/553/491 1369/555/493
f 1409/554/492 1369/555/493 1330/556/494
f 1330/556/494 1369/555/493 1288/557/495
f 1330/556/494 1288/557/495 1248/558/496
f 1248/558/496 1288/557/495 1206/559/497
f 1248/558/496 1206/559/497 1178/560/498
f 1178/560/498 1206/559/497 1150/561/499
f 1178/560/498 1150/561/499 1110/562/500
f 1110/562/500 1150/561/499 1076/563/501
f 1110/562/500 1076/563/501 1050/564/502
f 1050/564/502 1076/563/501 1013/565/503
f 1050/564/502 1013/565/503 940/566/504
f 940/566/504 1013/565/503 787/567/505
f 940/566/504 787/567/505 479/568/506
f 479/568/506 787/567/505 356/569/507
f 479/568/506 356/569/507 145/570/508
f 145/570/508 356/569/507 122/571/509
f 145/570/508 122/571/509 111/572/510
f 111/572/510 122/571/509 100/573/511
f 111/572/510 100/573/511 82/574/512
f 82/574/512 100/573/511 81/575/513
f 82/574/512 81/575/513 70/576/514
f 70/576/514 81/575/513 76/577/515
f 70/576/514 76/577/515 69/578/516
f 69/578/516 76/577/515 86/579/517
f 69/578/516 86/579/517 89/580/518
f 89/580/518 86/579/517 115/581/519
f 89/580/518 115/581/519 117/582/520
f 117/582/520 115/581/519 154/583/521
f 117/582/520 154/583/521 332/584/522
f 332/584/522 154/583/521 588/585/523
f 332/584/522 588/585/523 721/586/524
f 721/586/524 588/585/523 943/587/525
f 721/586/524 943/587/525 1002/588/526
f 1002/588/526 943/587/525 1055/589/527
f 1002/588/526 1055/589/527 1069/590/528
f 1069/590/528 1055/589/527 1111/591/529
f 1069/590/528 1111/591/529 1147/592/530
f 1147/592/530 1111/591/529 1181/593/531
f 1147/592/530 1181/593/531 1203/594/532
f 1203/594/532 1181/593/531 1253/595/533
f 1203/594/532 1253/595/533 1283/596/534
f 1283/596/534 1253/595/533 1333/597/535
f 1283/596/534 1333/597/535 1366/598/536
f 1366/598/536 1333/597/535 1412/599/537
f 1366/598/536 1412/599/537 1469/496/436
f 1469/496/436 1412/599/537 1533/497/437
f 1385/600/538 1599/601/539 1606/602/540
f 1385/600/538 1606/602/540 1258/603/541
f 2256/604/542 2396/605/543 2230/606/544
f 1724/607/545 1782/608/546 1601/609/547
f 930/610/548 831/611/549 879/612/550
f 1724/607/545 1601/609/547 1388/613/551
f 1388/613/551 1601/609/547 1436/614/552
f 1724/607/545 1885/615/553 1920/616/554
f 1920/616/554 1885/615/553 2037/617/555
f 2037/617/555 1885/615/553 2108/618/556
f 2037/617/555 2108/618/556 2139/619/557
f 2139/619/557 2108/618/556 2230/606/544
f 2230/606/544 2108/618/556 2175/620/558
f 2230/606/544 2175/620/558 2256/604/542
f 2256/604/542 2175/620/558 2177/621/559
f 2177/621/559 2175/620/558 2002/622/560
f 2177/621/559 2002/622/560 2107/623/561
f 2107/623/561 2002/622/560 1997/624/562
f 1997/624/562 2002/622/560 1877/625/563
f 1997/624/562 1877/625/563 1940/626/564
f 1877/625/563 1606/602/540 1832/627/565
f 1385/600/538 1258/603/541 1247/628/566
f 1247/628/566 1258/603/541 1136/629/567
f 1136/629/567 1258/603/541 1062/630/568
f 1136/629/567 1062/630/568 1047/631/569
f 1047/631/569 1062/630/568 939/632/570
f 939/632/570 1062/630/568 970/633/571
f 939/632/570 970/633/571 879/612/550
f 879/612/550 970/633/571 930/610/548
f 930/610/548 970/633/571 986/634/572
f 930/610/548 986/634/572 1026/635/573
f 1026/635/573 986/634/572 1093/636/574
f 1093/636/574 986/634/572 1157/637/575
f 1093/636/574 1157/637/575 1197/638/576
f 1197/638/576 1157/637/575 1326/639/577
f 1326/639/577 1157/637/575 1388/640/551
f 1326/639/577 1388/640/551 1436/641/552
f 1035/642/578 1027/643/579 1042/644/580
f 1042/644/580 1027/643/579 1039/645/581
f 1042/646/580 1039/647/581 1036/648/582
f 1036/648/582 1039/647/581 1028/649/583
f 1036/648/582 1028/649/583 1011/650/584
f 1011/650/584 1028/649/583 999/651/585
f 1011/650/584 999/651/585 957/652/586
f 957/652/586 999/651/585 950/653/587
f 957/652/586 950/653/587 823/654/588
f 823/654/588 950/653/587 826/655/589
f 823/654/588 826/655/589 590/656/590
f 590/656/590 826/655/589 593/657/591
f 590/656/590 593/657/591 343/658/592
f 343/658/592 593/657/591 346/659/593
f 343/658/592 346/659/593 143/660/594
f 143/660/594 346/659/593 158/661/595
f 143/660/594 158/661/595 142/662/596
f 142/662/596 158/661/595 149/663/597
f 142/662/596 149/663/597 156/664/598
f 156/664/598 149/663/597 157/665/599
f 156/664/598 157/665/599 342/666/600
f 342/666/600 157/665/599 345/667/601
f 342/666/600 345/667/601 589/668/602
f 589/668/602 345/667/601 592/669/603
f 589/668/602 592/669/603 822/670/604
f 822/670/604 592/669/603 825/671/605
f 822/670/604 825/671/605 956/672/606
f 956/672/606 825/671/605 949/673/607
f 956/672/606 949/673/607 1010/674/608
f 1010/674/608 949/673/607 998/675/609
f 1010/674/608 998/675/609 1035/642/578
f 1035/642/578 998/675/609 1027/643/579
f 1028/676/583 1039/677/581 992/678/610
f 992/678/610 1039/677/581 1027/679/579
f 992/678/610 1027/679/579 978/680/611
f 978/680/611 1027/679/579 998/681/609
f 978/680/611 998/681/609 949/682/607
f 978/680/611 949/682/607 735/683/612
f 735/683/612 949/682/607 825/684/605
f 735/685/612 825/686/605 592/687/603
f 735/685/612 592/687/603 407/688/613
f 407/688/613 592/687/603 345/689/601
f 407/688/613 345/689/601 157/690/599
f 407/688/613 157/690/599 316/691/614
f 316/691/614 157/690/599 149/692/597
f 316/691/614 149/692/597 158/693/595
f 316/691/614 158/693/595 408/694/615
f 408/694/615 158/693/595 346/695/593
f 408/694/615 346/695/593 593/696/591
f 408/694/615 593/696/591 736/697/616
f 736/697/616 593/696/591 826/698/589
f 736/697/616 826/698/589 950/699/587
f 736/697/616 950/699/587 979/700/617
f 979/700/617 950/699/587 999/701/585
f 979/700/617 999/701/585 1028/676/583
f 979/700/617 1028/676/583 992/678/610
f 2615/642/618 2610/643/619 2398/644/620
f 2398/644/620 2610/643/619 2400/645/621
f 2398/646/620 2400/647/621 2249/648/622
f 2249/648/622 2400/647/621 2251/649/623
f 2249/648/622 2251/649/623 2201/650/624
f 2201/650/624 2251/649/623 2203/651/625
f 2201/650/624 2203/651/625 2170/652/626
f 2170/652/626 2203/651/625 2172/653/627
f 2170/652/626 2172/653/627 2161/654/628
f 2161/654/628 2172/653/627 2165/655/629
f 2161/654/628 2165/655/629 2164/656/630
f 2164/656/630 2165/655/629 2171/657/631
f 2164/656/630 2171/657/631 2179/658/632
f 2179/658/632 2171/657/631 2202/659/633
f 2179/658/632 2202/659/633 2248/660/634
f 2248/660/634 2202/659/633 2250/661/635
f 2248/660/634 2250/661/635 2397/662/636
f 2397/662/636 2250/661/635 2399/663/637
f 2397/662/636 2399/663/637 2616/664/638
f 2616/664/638 2399/663/637 2609/665/639
f 2616/664/638 2609/665/639 2856/666/640
f 2856/666/640 2609/665/639 2801/667/641
f 2856/666/640 2801/667/641 3040/668/642
f 3040/668/642 2801/667/641 3002/669/643
f 3040/668/642 3002/669/643 3048/670/644
f 3048/670/644 3002/669/643 3043/671/645
f 3048/670/644 3043/671/645 3041/672/646
f 3041/672/646 3043/671/645 3003/673/647
f 3041/672/646 3003/673/647 2851/674/648
f 2851/674/648 3003/673/647 2802/675/649
f 2851/674/648 2802/675/649 2615/642/618
f 2615/642/618 2802/675/649 2610/643/619
f 2251/696/623 2400/698/621 2282/702/650
f 2282/702/650 2400/698/621 2610/699/619
f 2282/702/650 2610/699/619 2608/703/651
f 2608/703/651 2610/699/619 2802/701/649
f 2608/703/651 2802/701/649 3003/676/647
f 2608/703/651 3003/676/647 2920/704/652
f 2920/704/652 3003/676/647 3043/677/645
f 2920/704/652 3043/677/645 3002/679/643
f 2920/704/652 3002/679/643 2730/705/653
f 2730/705/653 3002/679/643 2801/681/641
f 2730/705/653 2801/681/641 2609/682/639
f 2730/705/653 2609/682/639 2270/706/654
f 2270/706/654 2609/682/639 2399/684/637
f 2270/707/654 2399/686/637 2250/687/635
f 2270/707/654 2250/687/635 2206/708/655
f 2206/708/655 2250/687/635 2202/689/633
f 2206/708/655 2202/689/633 2171/690/631
f 2206/708/655 2171/690/631 2181/709/656
f 2181/709/656 2171/690/631 2165/692/629
f 2181/709/656 2165/692/629 2172/693/627
f 2181/709/656 2172/693/627 2221/710/657
f 2221/710/657 2172/693/627 2203/695/625
f 2221/710/657 2203/695/625 2251/696/623
f 2221/710/657 2251/696/623 2282/702/650
f 2169/642/658 2174/643/659 2160/644/660
f 2160/644/660 2174/643/659 2166/645/661
f 2160/646/660 2166/647/661 2168/648/662
f 2168/648/662 2166/647/661 2173/649/663
f 2168/648/662 2173/649/663 2184/650/664
f 2184/650/664 2173/649/663 2204/651/665
f 2184/650/664 2204/651/665 2233/652/666
f 2233/652/666 2204/651/665 2252/653/667
f 2233/652/666 2252/653/667 2289/654/668
f 2289/654/668 2252/653/667 2401/655/669
f 2289/654/668 2401/655/669 2593/656/670
f 2593/656/670 2401/655/669 2611/657/671
f 2593/656/670 2611/657/671 2790/658/672
f 2790/658/672 2611/657/671 2803/659/673
f 2790/658/672 2803/659/673 3042/660/674
f 3042/660/674 2803/659/673 3004/661/675
f 3042/660/674 3004/661/675 3049/662/676
f 3049/662/676 3004/661/675 3044/663/677
f 3049/662/676 3044/663/677 3014/664/678
f 3014/664/678 3044/663/677 3005/665/679
f 3014/664/678 3005/665/679 2791/666/680
f 2791/666/680 3005/665/679 2804/667/681
f 2791/666/680 2804/667/681 2594/668/682
f 2594/668/682 2804/667/681 2612/669/683
f 2594/668/682 2612/669/683 2290/670/684
f 2290/670/684 2612/669/683 2402/671/685
f 2290/670/684 2402/671/685 2234/672/686
f 2234/672/686 2402/671/685 2253/673/687
f 2234/672/686 2253/673/687 2185/674/688
f 2185/674/688 2253/673/687 2205/675/689
f 2185/674/688 2205/675/689 2169/642/658
f 2169/642/658 2205/675/689 2174/643/659
f 2173/690/663 2166/692/661 2180/711/690
f 2180/711/690 2166/692/661 2174/693/659
f 2180/711/690 2174/693/659 2189/712/691
f 2189/712/691 2174/693/659 2205/695/689
f 2189/712/691 2205/695/689 2253/696/687
f 2189/712/691 2253/696/687 2265/713/692
f 2265/713/692 2253/696/687 2402/698/685
f 2265/713/692 2402/698/685 2612/699/683
f 2265/713/692 2612/699/683 2619/714/693
f 2619/714/693 2612/699/683 2804/701/681
f 2619/714/693 2804/701/681 3005/676/679
f 2619/714/693 3005/676/679 2923/715/694
f 2923/715/694 3005/676/679 3044/677/677
f 2923/715/694 3044/677/677 3004/679/675
f 2923/715/694 3004/679/675 2618/716/695
f 2618/716/695 3004/679/675 2803/681/673
f 2618/716/695 2803/681/673 2611/682/671
f 2618/716/695 2611/682/671 2264/717/696
f 2264/717/696 2611/682/671 2401/684/669
f 2264/718/696 2401/686/669 2252/687/667
f 2264/718/696 2252/687/667 2188/719/697
f 2188/719/697 2252/687/667 2204/689/665
f 2188/719/697 2204/689/665 2173/690/663
f 2188/719/697 2173/690/663 2180/711/690
f 1044/720/698 1035/721/578 1049/722/699
f 1049/722/699 1035/721/578 1042/723/580
f 1049/724/699 1042/725/580 1045/726/700
f 1045/726/700 1042/725/580 1036/727/582
f 1045/726/700 1036/727/582 1025/728/701
f 1025/728/701 1036/727/582 1011/729/584
f 1025/728/701 1011/729/584 973/730/702
f 973/730/702 1011/729/584 957/731/586
f 973/730/702 957/731/586 913/732/703
f 913/732/703 957/731/586 823/733/588
f 913/732/703 823/733/588 604/734/704
f 604/734/704 823/733/588 590/735/590
f 604/734/704 590/735/590 410/736/705
f 410/736/705 590/735/590 343/737/592
f 410/736/705 343/737/592 187/738/706
f 187/738/706 343/737/592 191/739/707
f 187/738/706 191/739/707 132/740/708
f 132/740/708 191/739/707 143/741/594
f 132/740/708 143/741/594 131/742/709
f 131/742/709 143/741/594 142/743/596
f 131/742/709 142/743/596 186/744/710
f 186/744/710 142/743/596 156/745/598
f 186/744/710 156/745/598 409/746/711
f 409/746/711 156/745/598 342/747/600
f 409/746/711 342/747/600 603/748/712
f 603/748/712 342/747/600 589/749/602
f 603/748/712 589/749/602 912/750/713
f 912/750/713 589/749/602 822/751/604
f 912/750/713 822/751/604 972/752/714
f 972/752/714 822/751/604 956/753/606
f 972/752/714 956/753/606 1024/754/715
f 1024/754/715 956/753/606 1010/755/608
f 1024/754/715 1010/755/608 1044/720/698
f 1044/720/698 1010/755/608 1035/721/578
f 2617/720/716 2615/721/618 2403/722/717
f 2403/722/717 2615/721/618 2398/723/620
f 2403/724/717 2398/725/620 2247/726/718
f 2247/726/718 2398/725/620 2249/727/622
f 2247/726/718 2249/727/622 2194/728/719
f 2194/728/719 2249/727/622 2201/729/624
f 2194/728/719 2201/729/624 2167/730/720
f 2167/730/720 2201/729/624 2170/731/626
f 2167/730/720 2170/731/626 2158/732/721
f 2158/732/721 2170/731/626 2161/733/628
f 2158/732/721 2161/733/628 2159/734/722
f 2159/734/722 2161/733/628 2164/735/630
f 2159/734/722 2164/735/630 2176/736/723
f 2176/736/723 2164/735/630 2179/737/632
f 2176/736/723 2179/737/632 2222/738/724
f 2222/738/724 2179/737/632 2227/739/725
f 2222/738/724 2227/739/725 2268/740/726
f 2268/740/726 2227/739/725 2248/741/634
f 2268/740/726 2248/741/634 2581/742/727
f 2581/742/727 2248/741/634 2397/743/636
f 2581/742/727 2397/743/636 2735/744/728
f 2735/744/728 2397/743/636 2616/745/638
f 2735/744/728 2616/745/638 3012/746/729
f 3012/746/729 2616/745/638 2856/747/640
f 3012/746/729 2856/747/640 3056/748/730
f 3056/748/730 2856/747/640 3040/749/642
f 3056/748/730 3040/749/642 3066/750/731
f 3066/750/731 3040/749/642 3048/751/644
f 3066/750/731 3048/751/644 3047/752/732
f 3047/752/732 3048/751/644 3041/753/646
f 3047/752/732 3041/753/646 2862/754/733
f 2862/754/733 3041/753/646 2851/755/648
f 2862/754/733 2851/755/648 2617/720/716
f 2617/720/716 2851/755/648 2615/721/618
f 2163/720/734 2169/721/658 2157/722/735
f 2157/722/735 2169/721/658 2160/723/660
f 2157/724/735 2160/725/660 2162/726/736
f 2162/726/736 2160/725/660 2168/727/662
f 2162/726/736 2168/727/662 2182/728/737
f 2182/728/737 2168/727/662 2184/729/664
f 2182/728/737 2184/729/664 2231/730/738
f 2231/730/738 2184/729/664 2233/731/666
f 2231/730/738 2233/731/666 2286/732/739
f 2286/732/739 2233/731/666 2289/733/668
f 2286/732/739 2289/733/668 2596/734/740
f 2596/734/740 2289/733/668 2593/735/670
f 2596/734/740 2593/735/670 2799/736/741
f 2799/736/741 2593/735/670 2790/737/672
f 2799/736/741 2790/737/672 3038/738/742
f 3038/738/742 2790/737/672 3013/739/743
f 3038/738/742 3013/739/743 3064/740/744
f 3064/740/744 3013/739/743 3042/741/674
f 3064/740/744 3042/741/674 3065/742/745
f 3065/742/745 3042/741/674 3049/743/676
f 3065/742/745 3049/743/676 3039/744/746
f 3039/744/746 3049/743/676 3014/745/678
f 3039/744/746 3014/745/678 2800/746/747
f 2800/746/747 3014/745/678 2791/747/680
f 2800/746/747 2791/747/680 2597/748/748
f 2597/748/748 2791/747/680 2594/749/682
f 2597/748/748 2594/749/682 2287/750/749
f 2287/750/749 2594/749/682 2290/751/684
f 2287/750/749 2290/751/684 2232/752/750
f 2232/752/750 2290/751/684 2234/753/686
f 2232/752/750 2234/753/686 2183/754/751
f 2183/754/751 2234/753/686 2185/755/688
f 2183/754/751 2185/755/688 2163/720/734
f 2163/720/734 2185/755/688 2169/721/658
f 591/642/752 594/643/753 824/644/754
f 824/644/754 594/643/753 827/645/755
f 824/646/754 827/647/755 955/648/756
f 955/648/756 827/647/755 951/649/757
f 955/648/756 951/649/757 1009/650/758
f 1009/650/758 951/649/757 1000/651/759
f 1009/650/758 1000/651/759 1037/652/760
f 1037/652/760 1000/651/759 1029/653/761
f 1037/652/760 1029/653/761 1043/654/762
f 1043/654/762 1029/653/761 1040/655/763
f 1043/654/762 1040/655/763 1038/656/764
f 1038/656/764 1040/655/763 1030/657/765
f 1038/656/764 1030/657/765 1012/658/766
f 1012/658/766 1030/657/765 1001/659/767
f 1012/658/766 1001/659/767 933/660/768
f 933/660/768 1001/659/767 952/661/769
f 933/660/768 952/661/769 661/662/770
f 661/662/770 952/661/769 828/663/771
f 661/662/770 828/663/771 473/664/772
f 473/664/772 828/663/771 595/665/773
f 473/664/772 595/665/773 265/666/774
f 265/666/774 595/665/773 348/667/775
f 265/666/774 348/667/775 148/668/776
f 148/668/776 348/667/775 160/669/777
f 148/668/776 160/669/777 141/670/778
f 141/670/778 160/669/777 150/671/779
f 141/670/778 150/671/779 155/672/780
f 155/672/780 150/671/779 159/673/781
f 155/672/780 159/673/781 344/674/782
f 344/674/782 159/673/781 347/675/783
f 344/674/782 347/675/783 591/642/752
f 591/642/752 347/675/783 594/643/753
f 951/682/757 827/684/755 829/756/784
f 829/757/784 827/686/755 594/687/753
f 829/757/784 594/687/753 470/758/785
f 470/758/785 594/687/753 347/689/783
f 470/758/785 347/689/783 159/690/781
f 470/758/785 159/690/781 310/759/786
f 310/759/786 159/690/781 150/692/779
f 310/759/786 150/692/779 160/693/777
f 310/759/786 160/693/777 351/760/787
f 351/760/787 160/693/777 348/695/775
f 351/760/787 348/695/775 595/696/773
f 351/760/787 595/696/773 676/761/788
f 676/761/788 595/696/773 828/698/771
f 676/761/788 828/698/771 952/699/769
f 676/761/788 952/699/769 971/762/789
f 971/762/789 952/699/769 1001/701/767
f 971/762/789 1001/701/767 1030/676/765
f 971/762/789 1030/676/765 1023/763/790
f 1023/763/790 1030/676/765 1040/677/763
f 1023/763/790 1040/677/763 1029/679/761
f 1023/763/790 1029/679/761 944/764/791
f 944/764/791 1029/679/761 1000/681/759
f 944/764/791 1000/681/759 951/682/757
f 944/764/791 951/682/757 829/756/784
f 587/720/792 591/721/752 830/722/793
f 830/722/793 591/721/752 824/723/754
f 830/724/793 824/725/754 958/726/794
f 958/726/794 824/725/754 955/727/756
f 958/726/794 955/727/756 1018/728/795
f 1018/728/795 955/727/756 1009/729/758
f 1018/728/795 1009/729/758 1041/730/796
f 1041/730/796 1009/729/758 1037/731/760
f 1041/730/796 1037/731/760 1048/732/797
f 1048/732/797 1037/731/760 1043/733/762
f 1048/732/797 1043/733/762 1046/734/798
f 1046/734/798 1043/733/762 1038/735/764
f 1046/734/798 1038/735/764 1031/736/799
f 1031/736/799 1038/735/764 1012/737/766
f 1031/736/799 1012/737/766 985/738/800
f 985/738/800 1012/737/766 980/739/801
f 985/738/800 980/739/801 936/740/802
f 936/740/802 980/739/801 933/741/768
f 936/740/802 933/741/768 660/742/803
f 660/742/803 933/741/768 661/743/770
f 660/742/803 661/743/770 471/744/804
f 471/744/804 661/743/770 473/745/772
f 471/744/804 473/745/772 214/746/805
f 214/746/805 473/745/772 265/747/774
f 214/746/805 265/747/774 140/748/806
f 140/748/806 265/747/774 148/749/776
f 140/748/806 148/749/776 130/750/807
f 130/750/807 148/749/776 141/751/778
f 130/750/807 141/751/778 153/752/808
f 153/752/808 141/751/778 155/753/780
f 153/752/808 155/753/780 336/754/809
f 336/754/809 155/753/780 344/755/782
f 336/754/809 344/755/782 587/720/792
f 587/720/792 344/755/782 591/721/752
f 1571/765/810 1546/766/811 1600/767/812
f 1620/768/813 1600/769/814 1617/770/815
f 1620/768/813 1617/770/815 1642/771/816
f 1642/771/816 1617/770/815 1673/772/817
f 1673/772/817 1617/770/815 1644/773/818
f 1673/772/817 1644/773/818 1670/774/819
f 1670/774/819 1644/773/818 1641/775/820
f 1641/775/820 1644/773/818 1640/776/821
f 1641/775/820 1640/776/821 1608/777/822
f 1608/777/822 1640/776/821 1580/778/823
f 1608/777/822 1580/778/823 1578/779/824
f 1578/779/824 1580/778/823 1552/780/825
f 1552/780/825 1580/778/823 1553/781/826
f 1552/780/825 1553/781/826 1534/782/827
f 1534/782/827 1553/781/826 1541/783/828
f 1534/782/827 1541/783/828 1531/784/829
f 1531/784/829 1541/783/828 1545/785/830
f 1545/785/830 1541/783/828 1546/766/811
f 1545/785/830 1546/766/811 1571/765/810
f 1509/786/831 1507/787/831 1602/788/832
f 1602/788/832 1507/787/831 1595/789/832
f 1602/790/832 1595/791/832 1690/792/833
f 1690/792/833 1595/791/832 1688/793/833
f 1690/792/833 1688/793/833 1778/794/834
f 1778/794/834 1688/793/833 1776/795/834
f 1778/794/834 1776/795/834 1842/796/835
f 1842/796/835 1776/795/834 1840/797/835
f 1842/796/835 1840/797/835 1870/798/836
f 1870/798/836 1840/797/835 1868/799/836
f 1870/798/836 1868/799/836 1909/800/837
f 1909/800/837 1868/799/836 1907/801/837
f 1909/800/837 1907/801/837 1936/802/838
f 1936/802/838 1907/801/837 1934/803/838
f 1936/802/838 1934/803/838 1969/804/839
f 1969/804/839 1934/803/838 1967/805/839
f 1969/804/839 1967/805/839 1978/806/840
f 1978/806/840 1967/805/839 1976/807/840
f 1978/806/840 1976/807/840 1979/808/841
f 1979/808/841 1976/807/840 1977/809/841
f 1979/808/841 1977/809/841 1970/810/842
f 1970/810/842 1977/809/841 1968/811/842
f 1970/810/842 1968/811/842 1937/812/843
f 1937/812/843 1968/811/842 1935/813/843
f 1937/812/843 1935/813/843 1910/814/844
f 1910/814/844 1935/813/843 1908/815/844
f 1910/814/844 1908/815/844 1871/816/845
f 1871/816/845 1908/815/844 1869/817/845
f 1871/816/845 1869/817/845 1843/818/846
f 1843/818/846 1869/817/845 1841/819/846
f 1843/818/846 1841/819/846 1779/820/847
f 1779/820/847 1841/819/846 1777/821/847
f 1779/820/847 1777/821/847 1691/822/848
f 1691/822/848 1777/821/847 1689/823/848
f 1691/822/848 1689/823/848 1605/824/212
f 1605/824/212 1689/823/848 1598/73/212
f 1605/824/212 1598/73/212 1510/825/849
f 1510/825/849 1598/73/212 1508/826/849
f 1510/825/849 1508/826/849 1440/827/850
f 1440/827/850 1508/826/849 1438/828/850
f 1440/827/850 1438/828/850 1373/829/851
f 1373/829/851 1438/828/850 1371/830/851
f 1373/829/851 1371/830/851 1337/831/852
f 1337/831/852 1371/830/851 1335/832/852
f 1337/831/852 1335/832/852 1295/833/853
f 1295/833/853 1335/832/852 1293/834/853
f 1295/833/853 1293/834/853 1262/835/854
f 1262/835/854 1293/834/853 1260/836/854
f 1262/835/854 1260/836/854 1237/837/855
f 1237/837/855 1260/836/854 1235/838/855
f 1237/837/855 1235/838/855 1225/839/856
f 1225/839/856 1235/838/855 1223/840/856
f 1225/839/856 1223/840/856 1224/841/857
f 1224/841/857 1223/840/856 1222/842/857
f 1224/841/857 1222/842/857 1236/843/858
f 1236/843/858 1222/842/857 1234/844/858
f 1236/843/858 1234/844/858 1261/845/859
f 1261/845/859 1234/844/858 1259/846/859
f 1261/845/859 1259/846/859 1294/847/860
f 1294/847/860 1259/846/859 1292/848/860
f 1294/847/860 1292/848/860 1336/849/861
f 1336/849/861 1292/848/860 1334/850/861
f 1336/849/861 1334/850/861 1372/851/862
f 1372/851/862 1334/850/861 1370/852/862
f 1372/851/862 1370/852/862 1439/853/863
f 1439/853/863 1370/852/862 1437/854/863
f 1439/853/863 1437/854/863 1509/786/831
f 1509/786/831 1437/854/863 1507/787/831
f 1520/855/848 1522/856/848 1596/857/212
f 1596/857/212 1522/856/848 1603/858/212
f 1596/859/212 1603/860/212 1682/861/864
f 1682/861/864 1603/860/212 1684/862/864
f 1682/861/864 1684/862/864 1769/863/850
f 1769/863/850 1684/862/864 1771/864/850
f 1769/863/850 1771/864/850 1835/865/851
f 1835/865/851 1771/864/850 1837/866/851
f 1835/865/851 1837/866/851 1858/867/852
f 1858/867/852 1837/866/851 1860/868/852
f 1858/867/852 1860/868/852 1894/869/853
f 1894/869/853 1860/868/852 1896/870/853
f 1894/869/853 1896/870/853 1925/871/854
f 1925/871/854 1896/870/853 1927/872/854
f 1925/871/854 1927/872/854 1945/873/855
f 1945/873/855 1927/872/854 1947/874/855
f 1945/873/855 1947/874/855 1963/875/856
f 1963/875/856 1947/874/855 1965/876/856
f 1963/875/856 1965/876/856 1964/877/857
f 1964/877/857 1965/876/856 1966/878/857
f 1964/877/857 1966/878/857 1946/879/858
f 1946/879/858 1966/878/857 1948/880/858
f 1946/879/858 1948/880/858 1926/881/859
f 1926/881/859 1948/880/858 1928/882/859
f 1926/881/859 1928/882/859 1895/883/860
f 1895/883/860 1928/882/859 1897/884/860
f 1895/883/860 1897/884/860 1859/885/861
f 1859/885/861 1897/884/860 1861/886/861
f 1859/885/861 1861/886/861 1836/887/862
f 1836/887/862 1861/886/861 1838/888/862
f 1836/887/862 1838/888/862 1770/889/863
f 1770/889/863 1838/888/862 1772/890/863
f 1770/889/863 1772/890/863 1683/891/831
f 1683/891/831 1772/890/863 1685/892/831
f 1683/891/831 1685/892/831 1597/73/832
f 1597/73/832 1685/892/831 1604/893/832
f 1597/73/832 1604/893/832 1521/894/865
f 1521/894/865 1604/893/832 1523/895/865
f 1521/894/865 1523/895/865 1452/896/834
f 1452/896/834 1523/895/865 1454/897/834
f 1452/896/834 1454/897/834 1375/898/835
f 1375/898/835 1454/897/834 1377/899/835
f 1375/898/835 1377/899/835 1345/900/836
f 1345/900/836 1377/899/835 1347/901/836
f 1345/900/836 1347/901/836 1307/902/837
f 1307/902/837 1347/901/836 1309/903/837
f 1307/902/837 1309/903/837 1275/904/838
f 1275/904/838 1309/903/837 1277/905/838
f 1275/904/838 1277/905/838 1255/906/839
f 1255/906/839 1277/905/838 1257/907/839
f 1255/906/839 1257/907/839 1241/908/840
f 1241/908/840 1257/907/839 1243/909/840
f 1241/908/840 1243/909/840 1240/910/841
f 1240/910/841 1243/909/840 1242/911/841
f 1240/910/841 1242/911/841 1254/912/842
f 1254/912/842 1242/911/841 1256/913/842
f 1254/912/842 1256/913/842 1274/914/843
f 1274/914/843 1256/913/842 1276/915/843
f 1274/914/843 1276/915/843 1306/916/844
f 1306/916/844 1276/915/843 1308/917/844
f 1306/916/844 1308/917/844 1344/918/845
f 1344/918/845 1308/917/844 1346/919/845
f 1344/918/845 1346/919/845 1374/920/846
f 1374/920/846 1346/919/845 1376/921/846
f 1374/920/846 1376/921/846 1451/922/847
f 1451/922/847 1376/921/846 1453/923/847
f 1451/922/847 1453/923/847 1520/855/848
f 1520/855/848 1453/923/847 1522/856/848
f 1385/924/538 1472/925/491 1599/926/539
f 1599/926/539 1472/925/491 1594/927/489
f 1599/928/539 1594/929/489 1737/930/487
f 1472/925/491 1385/924/538 1369/931/493
f 1369/931/493 1385/924/538 1288/932/495
f 1288/932/495 1385/924/538 1247/933/566
f 1288/932/495 1247/933/566 1206/934/497
f 1206/934/497 1247/933/566 1150/935/499
f 1150/935/499 1247/933/566 1136/936/567
f 1150/935/499 1136/936/567 1076/937/501
f 1076/937/501 1136/936/567 1013/938/503
f 1013/938/503 1136/936/567 1047/939/569
f 1013/938/503 1047/939/569 787/940/505
f 787/940/505 1047/939/569 356/941/507
f 356/941/507 1047/939/569 939/942/570
f 356/941/507 939/942/570 122/943/509
f 122/943/509 939/942/570 100/944/511
f 100/944/511 939/942/570 879/945/550
f 100/944/511 879/945/550 81/946/513
f 81/946/513 879/945/550 831/947/549
f 81/946/513 831/947/549 76/948/515
f 76/948/515 831/947/549 86/949/517
f 86/949/517 831/947/549 930/950/548
f 86/949/517 930/950/548 115/951/519
f 115/951/519 930/950/548 154/952/521
f 154/952/521 930/950/548 1026/953/573
f 154/952/521 1026/953/573 588/954/523
f 588/954/523 1026/953/573 943/955/525
f 943/955/525 1026/953/573 1093/956/574
f 943/955/525 1093/956/574 1055/957/527
f 1055/957/527 1093/956/574 1111/958/529
f 1111/958/529 1093/956/574 1197/959/576
f 1111/958/529 1197/959/576 1181/960/531
f 1181/960/531 1197/959/576 1253/961/533
f 1253/961/533 1197/959/576 1326/962/577
f 1253/961/533 1326/962/577 1333/963/535
f 1333/963/535 1326/962/577 1436/964/552
f 1333/963/535 1436/964/552 1412/965/537
f 1412/965/537 1436/964/552 1533/966/437
f 1533/966/437 1436/964/552 1601/967/547
f 1533/966/437 1601/967/547 1655/968/439
f 1655/968/439 1601/967/547 1804/969/441
f 1804/969/441 1601/967/547 1782/970/546
f 1804/969/441 1782/970/546 1866/971/443
f 1866/971/443 1782/970/546 1724/972/545
f 1866/971/443 1724/972/545 1944/973/445
f 1944/973/445 1724/972/545 1920/974/554
f 1944/973/445 1920/974/554 2015/975/447
f 2015/975/447 1920/974/554 2077/976/449
f 2077/976/449 1920/974/554 2037/977/555
f 2077/976/449 2037/977/555 2140/978/451
f 2140/978/451 2037/977/555 2238/979/453
f 2238/979/453 2037/977/555 2139/980/557
f 2238/979/453 2139/980/557 2589/981/455
f 2589/981/455 2139/980/557 2922/982/457
f 2922/982/457 2139/980/557 2230/983/544
f 2922/982/457 2230/983/544 3071/984/459
f 3071/984/459 2230/983/544 3096/985/461
f 3096/985/461 2230/983/544 2396/986/543
f 3096/985/461 2396/986/543 3106/987/463
f 3106/987/463 2396/986/543 3099/988/465
f 3099/988/465 2396/986/543 2256/989/542
f 3099/988/465 2256/989/542 3081/990/467
f 3081/990/467 2256/989/542 2177/991/559
f 3081/990/467 2177/991/559 3050/992/469
f 3050/992/469 2177/991/559 2731/993/471
f 2731/993/471 2177/991/559 2107/994/561
f 2731/993/471 2107/994/561 2288/995/473
f 2288/995/473 2107/994/561 2178/996/475
f 2178/996/475 2107/994/561 1997/997/562
f 2178/996/475 1997/997/562 2117/998/477
f 2117/998/477 1997/997/562 2042/999/479
f 2042/999/479 1997/997/562 1940/1000/564
f 2042/999/479 1940/1000/564 1988/1001/481
f 1988/1001/481 1940/1000/564 1877/1002/563
f 1988/1001/481 1877/1002/563 1903/1003/483
f 1903/1003/483 1877/1002/563 1832/1004/565
f 1903/1003/483 1832/1004/565 1844/1005/485
f 1844/1005/485 1832/1004/565 1606/1006/540
f 1844/1005/485 1606/1006/540 1737/930/487
f 1737/930/487 1606/1006/540 1599/928/539
f 1740/1007/440 1738/1008/361 1593/1009/438
f 1593/1009/438 1738/1008/361 1591/1010/360
f 1593/1011/438 1591/1012/360 1470/1013/435
f 1738/1008/361 1740/1007/440 1847/1014/363
f 1847/1014/363 1740/1007/440 1849/1015/442
f 1847/1014/363 1849/1015/442 1913/1016/364
f 1913/1016/364 1849/1015/442 1916/1017/444
f 1913/1016/364 1916/1017/444 1990/1018/366
f 1990/1018/366 1916/1017/444 1994/1019/446
f 1990/1018/366 1994/1019/446 2049/1020/367
f 2049/1020/367 1994/1019/446 2051/1021/448
f 2049/1020/367 2051/1021/448 2122/1022/369
f 2122/1022/369 2051/1021/448 2130/1023/450
f 2122/1022/369 2130/1023/450 2199/1024/370
f 2199/1024/370 2130/1023/450 2213/1025/452
f 2199/1024/370 2213/1025/452 2457/1026/372
f 2457/1026/372 2213/1025/452 2480/1027/454
f 2457/1026/372 2480/1027/454 2860/1028/373
f 2860/1028/373 2480/1027/454 2867/1029/456
f 2860/1028/373 2867/1029/456 3074/1030/458
f 3130/1031/377 3107/1032/460 3122/1033/462
f 3130/1031/377 3122/1033/462 3136/1034/379
f 3136/1034/379 3122/1033/462 3129/1035/464
f 3136/1034/379 3129/1035/464 3131/1036/380
f 3131/1036/380 3129/1035/464 3115/1037/466
f 3131/1036/380 3115/1037/466 3108/1038/382
f 3108/1038/382 3115/1037/466 3087/1039/468
f 3108/1038/382 3087/1039/468 3075/1040/383
f 3075/1040/383 3087/1039/468 3051/1041/470
f 3075/1040/383 3051/1041/470 2861/1042/385
f 2861/1042/385 3051/1041/470 2728/1043/472
f 2861/1042/385 2728/1043/472 2458/1044/386
f 2458/1044/386 2728/1043/472 2260/1045/474
f 2458/1044/386 2260/1045/474 2200/1046/388
f 2200/1046/388 2260/1045/474 2156/1047/476
f 2200/1046/388 2156/1047/476 2123/1048/389
f 2123/1048/389 2156/1047/476 2096/1049/478
f 2123/1048/389 2096/1049/478 2050/1050/391
f 2050/1050/391 2096/1049/478 2022/1051/480
f 2050/1050/391 2022/1051/480 1991/1052/393
f 1991/1052/393 2022/1051/480 1951/1053/482
f 1991/1052/393 1951/1053/482 1914/1054/394
f 1914/1054/394 1951/1053/482 1874/1055/484
f 1914/1054/394 1874/1055/484 1848/1056/396
f 1848/1056/396 1874/1055/484 1806/1057/486
f 1848/1056/396 1806/1057/486 1739/1058/397
f 1739/1058/397 1806/1057/486 1671/1059/488
f 1739/1058/397 1671/1059/488 1592/1060/399
f 1592/1060/399 1671/1059/488 1532/1061/490
f 1592/1060/399 1532/1061/490 1471/1062/400
f 1471/1062/400 1532/1061/490 1409/1063/492
f 1471/1062/400 1409/1063/492 1368/1064/402
f 1368/1064/402 1409/1063/492 1330/1065/494
f 1368/1064/402 1330/1065/494 1285/1066/403
f 1285/1066/403 1330/1065/494 1248/1067/496
f 1285/1066/403 1248/1067/496 1205/1068/405
f 1205/1068/405 1248/1067/496 1178/1069/498
f 1205/1068/405 1178/1069/498 1149/1070/406
f 1149/1070/406 1178/1069/498 1110/1071/500
f 1149/1070/406 1110/1071/500 1068/1072/408
f 1068/1072/408 1110/1071/500 1050/1073/502
f 1068/1072/408 1050/1073/502 995/1074/409
f 995/1074/409 1050/1073/502 940/1075/504
f 995/1074/409 940/1075/504 715/1076/411
f 715/1076/411 940/1075/504 479/1077/506
f 715/1076/411 479/1077/506 312/1078/413
f 312/1078/413 479/1077/506 145/1079/508
f 312/1078/413 145/1079/508 116/1080/414
f 116/1080/414 145/1079/508 111/1081/510
f 116/1080/414 111/1081/510 83/1082/416
f 83/1082/416 111/1081/510 82/1083/512
f 83/1082/416 82/1083/512 66/1084/417
f 66/1084/417 82/1083/512 70/1085/514
f 66/1084/417 70/1085/514 54/1086/419
f 54/1086/419 70/1085/514 69/1087/516
f 117/1088/520 332/1089/522 311/1090/423
f 311/1090/423 332/1089/522 721/1091/524
f 311/1090/423 721/1091/524 714/1092/424
f 714/1092/424 721/1091/524 1002/1093/526
f 714/1092/424 1002/1093/526 994/1094/426
f 994/1094/426 1002/1093/526 1069/1095/528
f 994/1094/426 1069/1095/528 1067/1096/427
f 1067/1096/427 1069/1095/528 1147/1097/530
f 1067/1096/427 1147/1097/530 1148/1098/429
f 1148/1098/429 1147/1097/530 1203/1099/532
f 1148/1098/429 1203/1099/532 1204/1100/431
f 1204/1100/431 1203/1099/532 1283/1101/534
f 1204/1100/431 1283/1101/534 1284/1102/432
f 1284/1102/432 1283/1101/534 1366/1103/536
f 1284/1102/432 1366/1103/536 1367/1104/434
f 1367/1104/434 1366/1103/536 1469/1105/436
f 1367/1104/434 1469/1105/436 1470/1013/435
f 1470/1013/435 1469/1105/436 1593/1011/438
f 117/1088/520 311/1090/423 113/1106/422
f 117/1088/520 113/1106/422 89/1107/518
f 89/1107/518 113/1106/422 71/1108/866
f 89/1107/518 71/1108/866 69/1087/516
f 69/1087/516 71/1108/866 52/1109/420
f 69/1087/516 52/1109/420 54/1086/419
f 3107/1032/460 3130/1031/377 3114/1110/376
f 3107/1032/460 3114/1110/376 3074/1030/458
f 3074/1030/458 3114/1110/376 3076/1111/374
f 3074/1030/458 3076/1111/374 2860/1028/373
f 1483/1112/867 1505/1113/868 1464/1114/869
f 1483/1112/867 1464/1114/869 1444/1115/870
f 1444/1115/870 1464/1114/869 1430/1116/871
f 1444/1115/870 1430/1116/871 1423/1117/872
f 1423/1117/872 1430/1116/871 1415/1118/873
f 1423/1117/872 1415/1118/873 1422/1119/874
f 1422/1119/874 1415/1118/873 1421/1120/875
f 1422/1119/874 1421/1120/875 1442/1121/876
f 1415/1118/873 1416/1122/877 1420/1123/878
f 1415/1118/873 1420/1123/878 1421/1120/875
f 1416/1122/877 1415/1118/873 1417/1124/879
f 1417/1124/879 1415/1118/873 1424/1125/880
f 1424/1125/880 1415/1118/873 1425/1126/881
f 1425/1126/881 1415/1118/873 1426/1127/882
f 1425/1126/881 1426/1127/882 1447/1128/883
f 1426/1127/882 1415/1118/873 1427/1129/884
f 1427/1129/884 1415/1118/873 1431/1130/885
f 1427/1129/884 1431/1130/885 1448/1131/886
f 1448/1131/886 1431/1130/885 1465/1132/887
f 1448/1131/886 1465/1132/887 1487/1133/888
f 1487/1133/888 1465/1132/887 1506/1134/889
f 1425/1126/881 1447/1128/883 1446/1135/890
f 1446/1135/890 1447/1128/883 1486/1136/891
f 1446/1135/890 1486/1136/891 1485/1137/892
f 1485/1137/892 1486/1136/891 1540/1138/893
f 1417/1124/879 1424/1125/880 1435/1139/894
f 1435/1139/894 1424/1125/880 1445/1140/895
f 1435/1139/894 1445/1140/895 1463/1141/896
f 1463/1141/896 1445/1140/895 1477/1142/897
f 1477/1142/897 1445/1140/895 1484/1143/898
f 1477/1142/897 1484/1143/898 1539/1144/899
f 1416/1122/877 1434/1145/900 1420/1123/878
f 1420/1123/878 1434/1145/900 1441/1146/901
f 1441/1146/901 1434/1145/900 1462/1147/902
f 1441/1146/901 1462/1147/902 1476/1148/903
f 1441/1146/901 1476/1148/903 1480/1149/904
f 1480/1149/904 1476/1148/903 1537/1150/905
f 1422/1119/874 1442/1121/876 1443/1151/906
f 1443/1151/906 1442/1121/876 1481/1152/907
f 1443/1151/906 1481/1152/907 1482/1153/908
f 1482/1153/908 1481/1152/907 1538/1154/909
f 2039/1155/910 2045/1156/911 2046/1157/912
f 2039/1155/910 2046/1157/912 2041/1158/913
f 2041/1158/913 2046/1157/912 2085/1159/914
f 2041/1158/913 2085/1159/914 2070/1160/915
f 2070/1160/915 2085/1159/914 2104/1161/916
f 2070/1160/915 2104/1161/916 2121/1162/917
f 2121/1162/917 2104/1161/916 2127/1163/918
f 2121/1162/917 2127/1163/918 2138/1164/919
f 2138/1164/919 2127/1163/918 2126/1165/920
f 2138/1164/919 2126/1165/920 2120/1166/921
f 2120/1166/921 2126/1165/920 2101/1167/922
f 2120/1166/921 2101/1167/922 2069/1168/923
f 2069/1168/923 2101/1167/922 2082/1169/924
f 2069/1168/923 2082/1169/924 2053/1170/925
f 2053/1170/925 2082/1169/924 2045/1156/911
f 2053/1170/925 2045/1156/911 2039/1155/910
f 2082/1169/924 2083/1171/926 2045/1156/911
f 2046/1157/912 2084/1172/927 2085/1159/914
f 2104/1161/916 2103/1173/928 2127/1163/918
f 2126/1165/920 2102/1174/929 2101/1167/922
f 1162/1175/930 1152/1156/931 1151/1157/932
f 1162/1175/930 1151/1157/932 1143/1158/933
f 1143/1158/933 1151/1157/932 1120/1159/934
f 1143/1158/933 1120/1159/934 1089/1176/935
f 1089/1176/935 1120/1159/934 1100/1161/936
f 1089/1176/935 1100/1161/936 1077/1162/937
f 1077/1162/937 1100/1161/936 1070/1163/938
f 1077/1162/937 1070/1163/938 1063/1164/939
f 1063/1164/939 1070/1163/938 1071/1165/940
f 1063/1164/939 1071/1165/940 1065/1177/941
f 1065/1177/941 1071/1165/940 1103/1167/942
f 1065/1177/941 1103/1167/942 1090/1178/943
f 1090/1178/943 1103/1167/942 1123/1169/944
f 1090/1178/943 1123/1169/944 1144/1170/945
f 1144/1170/945 1123/1169/944 1152/1156/931
f 1144/1170/945 1152/1156/931 1162/1175/930
f 1123/1169/944 1122/1171/928 1152/1156/931
f 1151/1157/932 1121/1172/929 1120/1159/934
f 1100/1161/936 1101/1173/926 1070/1163/938
f 1071/1165/940 1102/1174/927 1103/1167/942
f 1482/1179/908 1538/1180/909 1556/1181/946
f 1556/1181/946 1538/1180/909 1622/1182/947
f 1556/1181/946 1622/1182/947 1623/1183/948
f 1623/1183/948 1622/1182/947 1658/1184/949
f 1622/1182/947 1538/1180/909 1621/1185/950
f 1621/1185/950 1538/1180/909 1537/1186/905
f 1621/1185/950 1537/1186/905 1657/1187/951
f 1657/1187/951 1537/1186/905 1476/1188/903
f 1556/1181/946 1623/1183/948 1557/1189/952
f 1557/1189/952 1623/1183/948 1624/1190/953
f 1557/1189/952 1624/1190/953 1505/1191/868
f 1505/1191/868 1624/1190/953 1660/1192/954
f 1660/1192/954 1624/1190/953 1659/1193/955
f 1557/1189/952 1505/1191/868 1483/1194/867
f 1794/1127/956 1801/1195/957 1795/1129/958
f 1795/1129/958 1801/1195/957 1763/1196/959
f 1795/1129/958 1763/1196/959 1749/1197/960
f 1801/1195/957 1794/1127/956 1793/1126/961
f 1793/1126/961 1794/1127/956 1748/1198/962
f 1793/1126/961 1748/1198/962 1747/1199/963
f 1747/1199/963 1748/1198/962 1717/1136/964
f 1747/1199/963 1717/1136/964 1658/1200/949
f 1658/1200/949 1717/1136/964 1623/1138/948
f 1793/1126/961 1792/1125/965 1801/1195/957
f 1801/1195/957 1792/1125/965 1802/1124/966
f 1801/1195/957 1802/1124/966 1803/1122/967
f 1801/1195/957 1803/1122/967 1796/1123/968
f 1801/1195/957 1796/1123/968 1797/1120/969
f 1802/1124/966 1792/1125/965 1783/1139/970
f 1783/1139/970 1792/1125/965 1746/1201/971
f 1783/1139/970 1746/1201/971 1757/1141/972
f 1757/1141/972 1746/1201/971 1657/1202/951
f 1657/1202/951 1746/1201/971 1716/1143/973
f 1657/1202/951 1716/1143/973 1621/1144/950
f 1803/1122/967 1784/1145/974 1796/1123/968
f 1796/1123/968 1784/1145/974 1750/1203/975
f 1750/1203/975 1784/1145/974 1758/1147/976
f 1750/1203/975 1758/1147/976 1661/1204/977
f 1750/1203/975 1661/1204/977 1718/1149/978
f 1718/1149/978 1661/1204/977 1633/1150/979
f 1801/1195/957 1797/1120/969 1798/1119/980
f 1798/1119/980 1797/1120/969 1751/1205/981
f 1798/1119/980 1751/1205/981 1752/1206/982
f 1752/1206/982 1751/1205/981 1719/1152/983
f 1752/1206/982 1719/1152/983 1662/1207/984
f 1662/1207/984 1719/1152/983 1634/1154/985
f 1798/1119/980 1799/1117/986 1801/1195/957
f 1801/1195/957 1799/1117/986 1764/1208/987
f 1764/1208/987 1799/1117/986 1753/1209/988
f 1764/1208/987 1753/1209/988 1723/1210/989
f 1723/1210/989 1753/1209/988 1663/1211/990
f 1723/1210/989 1663/1211/990 1575/1212/991
f 1749/1197/960 1763/1196/959 1722/1213/992
f 1749/1197/960 1722/1213/992 1659/1214/955
f 1659/1214/955 1722/1213/992 1660/1215/954
f 1393/1216/993 1399/1217/994 1391/1218/995
f 1391/1218/995 1399/1217/994 1397/1219/996
f 1391/1218/995 1397/1219/996 1395/1220/997
f 1393/1216/993 1401/1221/998 1399/1217/994
f 1401/1221/998 1393/1216/993 1419/1222/999
f 1819/1223/1000 1826/1224/1001 1830/1225/1002
f 1819/1223/1000 1830/1225/1002 1825/1226/1003
f 1825/1226/1003 1830/1225/1002 1823/1227/1004
f 1823/1227/1004 1830/1225/1002 2147/1228/1005
f 2147/1228/1005 1830/1225/1002 2149/1229/1006
f 1397/1219/996 1814/1230/212 1825/1226/1003
f 1825/1226/1003 1814/1230/212 1819/1223/1000
f 1395/1220/997 1033/1231/1007 1391/1218/995
f 1391/1218/995 1033/1231/1007 964/1232/1008
f 1397/1219/996 1399/1217/994 1403/1233/212
f 1403/1233/212 1814/1230/212 1397/1219/996
f 1032/1234/1009 1391/1235/1010 964/1236/1008
f 964/1236/1008 966/1237/1011 937/1238/1012
f 928/1239/1013 888/1240/1014 931/1241/1015
f 928/1239/1013 931/1241/1015 976/1242/1016
f 1016/1243/1017 1007/1244/1018 1021/1245/1019
f 1016/1243/1017 1021/1245/1019 989/1246/1020
f 74/1247/272 64/1248/1021 46/1249/1022
f 46/1249/1022 64/1248/1021 44/1250/1023
f 46/1249/1022 44/1250/1023 30/1251/1024
f 30/1251/1024 39/1252/1025 31/1253/1026
f 31/1253/1026 39/1252/1025 57/1254/1027
f 57/1254/1027 39/1252/1025 62/1255/1028
f 57/1254/1027 62/1255/1028 105/1256/1029
f 137/1257/1030 120/1258/1031 144/1259/1032
f 137/1257/1030 144/1259/1032 138/1260/1033
f 106/1261/1034 63/1262/1035 58/1263/1036
f 58/1263/1036 63/1262/1035 32/1264/1037
f 32/1264/1037 34/1265/1038 33/1266/1039
f 51/1267/1040 65/1268/1041 75/1269/1042
f 75/1269/1042 95/1270/294 99/1271/320
f 99/1271/320 95/1270/294 129/1272/293
f 1017/1273/328 990/1274/283 1022/1275/280
f 1017/1273/328 1022/1275/280 1008/1276/279
f 965/1277/1043 938/1278/1044 967/1279/1045
f 965/1277/1043 967/1279/1045 1034/1280/1046
f 965/1277/1043 1034/1280/1046 2151/1281/1047
f 2151/1281/1047 1034/1280/1046 2150/1282/1048
f 2150/1282/1048 2214/1283/1049 2267/1284/1050
f 2263/1285/344 2274/1286/1051 2258/1287/315
f 2263/1285/344 2258/1287/315 2226/1288/314
f 2198/1289/348 2193/1290/312 2187/1291/309
f 2198/1289/348 2187/1291/309 2212/1292/308
f 3160/1293/1052 3153/1294/1053 3163/1295/1026
f 3163/1295/1026 3153/1294/1053 3128/1296/1054
f 3128/1296/1054 3153/1294/1053 3124/1297/1055
f 3128/1296/1054 3124/1297/1055 3091/1298/1056
f 3059/1299/1057 3070/1300/1058 3053/1301/1059
f 3059/1299/1057 3053/1301/1059 3052/1302/1060
f 3090/1303/1061 3123/1304/1062 3127/1305/1063
f 3127/1305/1063 3123/1304/1062 3152/1306/1064
f 3165/1307/1065 3152/1306/1064 3157/1308/338
f 3143/1309/318 3137/1310/317 3118/1311/340
f 3079/1312/342 3118/1311/340 3084/1313/1066
f 3079/1312/342 3084/1313/1066 3062/1314/1067
f 2197/1315/1068 2211/1316/1069 2186/1317/1070
f 2197/1315/1068 2186/1317/1070 2192/1318/1071
f 1474/1319/1072 1053/1320/1073 1665/1321/1074
f 1665/1321/1074 1053/1320/1073 2152/1322/1075
f 1665/1321/1074 2152/1322/1075 1762/1323/1076
f 1762/1323/1076 2152/1322/1075 1800/1324/1077
f 1800/1324/1077 2152/1322/1075 1818/1325/1078
f 1818/1325/1078 2152/1322/1075 2143/1326/1079
f 1818/1325/1078 2143/1326/1079 1828/1327/1080
f 1053/1320/1073 1474/1319/1072 1455/1328/1081
f 1053/1320/1073 1455/1328/1081 1418/1329/1082
f 1418/1329/1082 1392/1330/1083 1053/1320/1073
f 1053/1320/1073 1392/1330/1083 1051/1331/1084
f 1051/1331/1084 1392/1330/1083 1389/1332/1085
f 1829/1333/1026 1828/1334/1026 2144/1335/1026
f 2144/1335/1026 1828/1334/1026 2143/1336/1079
f 2144/1335/1026 2143/1336/1079 2598/1337/1086
f 2144/1335/1026 2598/1337/1086 2269/1338/1087
f 2269/1338/1087 2598/1337/1086 3045/1339/1088
f 2269/1338/1087 3045/1339/1088 2320/1340/1089
f 2320/1340/1089 3045/1339/1088 2620/1341/1090
f 2320/1340/1089 2620/1341/1090 2261/1342/1091
f 2261/1342/1091 2620/1341/1090 2482/1343/1092
f 2261/1342/1091 2482/1343/1092 2271/1344/1093
f 2261/1342/1091 2271/1344/1093 2228/1345/1094
f 2228/1345/1094 2271/1344/1093 2207/1346/1095
f 2207/1346/1095 2271/1344/1093 2195/1347/1096
f 2195/1347/1096 2271/1344/1093 2322/1348/1097
f 2195/1347/1096 2322/1348/1097 2219/1349/1098
f 2219/1349/1098 2322/1348/1097 2245/1350/1099
f 2245/1350/1099 2322/1348/1097 2324/1351/1100
f 2324/1351/1100 2322/1348/1097 2604/1352/1101
f 2604/1352/1101 2322/1348/1097 2621/1353/1102
f 2604/1352/1101 2621/1353/1102 2852/1354/1103
f 2852/1354/1103 2621/1353/1102 3060/1355/1104
f 3060/1355/1104 2621/1353/1102 3077/1356/1105
f 3077/1356/1105 2621/1353/1102 3016/1357/1106
f 3077/1356/1105 3016/1357/1106 3120/1358/1107
f 3120/1358/1107 3016/1357/1106 3169/1359/1108
f 3120/1358/1107 3169/1359/1108 3141/1360/1026
f 3141/1360/1026 3169/1359/1108 3180/1361/1109
f 3141/1360/1026 3180/1361/1109 3187/1362/1110
f 3141/1360/1026 3187/1362/1110 3164/1363/1026
f 3164/1363/1026 3187/1362/1110 3161/1364/1111
f 3161/1364/1111 3187/1362/1110 3173/1365/1112
f 2620/1341/1090 3045/1339/1088 3100/1366/1113
f 2620/1341/1090 3100/1366/1113 3015/1367/1114
f 3015/1367/1114 3100/1366/1113 3169/1359/1108
f 3187/1362/1110 3188/1368/1026 3173/1365/1112
f 3173/1365/1112 3188/1368/1026 3162/1369/1115
f 3173/1365/1112 3162/1369/1115 3174/1370/1116
f 3174/1370/1116 3162/1369/1115 3133/1371/1117
f 3133/1371/1117 3162/1369/1115 3126/1372/1118
f 3133/1371/1117 3126/1372/1118 3109/1373/1119
f 3109/1373/1119 3126/1372/1118 3095/1374/1026
f 3109/1373/1119 3095/1374/1026 3073/1375/1120
f 3186/1376/1121 3156/1377/1026 3188/1368/1026
f 3188/1368/1026 3156/1377/1026 3162/1369/1115
f 3181/1378/1122 3156/1377/1026 3186/1376/1121
f 3156/1377/1026 3181/1378/1122 3142/1379/1123
f 3142/1379/1123 3181/1378/1122 3170/1380/1124
f 3142/1379/1123 3170/1380/1124 3121/1381/1125
f 3121/1381/1125 3170/1380/1124 3017/1382/1126
f 3121/1381/1125 3017/1382/1126 3078/1383/1127
f 3078/1383/1127 3017/1382/1126 2622/1384/1128
f 3078/1383/1127 2622/1384/1128 3061/1385/1129
f 3061/1385/1129 2622/1384/1128 2853/1386/1130
f 2853/1386/1130 2622/1384/1128 2605/1387/1131
f 2605/1387/1131 2622/1384/1128 2323/1388/1132
f 2605/1387/1131 2323/1388/1132 2325/1389/1133
f 2325/1389/1133 2323/1388/1132 2246/1390/1134
f 2246/1390/1134 2323/1388/1132 2220/1391/1135
f 2220/1391/1135 2323/1388/1132 2196/1392/1136
f 2196/1392/1136 2323/1388/1132 2272/1393/1137
f 2196/1392/1136 2272/1393/1137 2208/1394/1138
f 2208/1394/1138 2272/1393/1137 2229/1395/1139
f 2229/1395/1139 2272/1393/1137 2262/1396/1140
f 2262/1396/1140 2272/1393/1137 2483/1397/1141
f 2262/1396/1140 2483/1397/1141 2623/1398/1142
f 2262/1396/1140 2623/1398/1142 2321/1399/1143
f 2321/1399/1143 2623/1398/1142 3046/1400/1144
f 2321/1399/1143 3046/1400/1144 2243/1401/1026
f 2243/1401/1026 3046/1400/1144 2599/1402/1145
f 2243/1401/1026 2599/1402/1145 2244/1403/1146
f 2243/1401/1026 2244/1403/1146 2145/1404/1026
f 2145/1404/1026 2244/1403/1146 2146/1405/1147
f 2145/1404/1026 2146/1405/1147 963/1406/1026
f 963/1406/1026 2146/1405/1147 1052/1407/1026
f 963/1406/1026 1052/1407/1026 946/1408/1148
f 963/1406/1026 946/1408/1148 481/1409/1149
f 963/1406/1026 481/1409/1149 935/1410/1150
f 935/1410/1150 481/1409/1149 124/1411/1151
f 935/1410/1150 124/1411/1151 887/1412/1152
f 887/1412/1152 124/1411/1151 355/1413/1153
f 887/1412/1152 355/1413/1153 927/1414/1154
f 927/1414/1154 355/1413/1153 719/1415/1155
f 927/1414/1154 719/1415/1155 885/1416/1156
f 927/1414/1154 885/1416/1156 975/1417/1157
f 975/1417/1157 885/1416/1156 1006/1418/1158
f 1006/1418/1158 885/1416/1156 1015/1419/1159
f 1015/1419/1159 885/1416/1156 718/1420/1160
f 1015/1419/1159 718/1420/1160 988/1421/1161
f 988/1421/1161 718/1420/1160 960/1422/1162
f 960/1422/1162 718/1420/1160 881/1423/1163
f 881/1423/1163 718/1420/1160 598/1424/1164
f 598/1424/1164 718/1420/1160 354/1425/1165
f 598/1424/1164 354/1425/1165 350/1426/1166
f 350/1426/1166 354/1425/1165 134/1427/1167
f 134/1427/1167 354/1425/1165 98/1428/1168
f 98/1428/1168 354/1425/1165 152/1429/1169
f 98/1428/1168 152/1429/1169 73/1430/1170
f 73/1430/1170 152/1429/1169 14/1431/1171
f 73/1430/1170 14/1431/1171 45/1432/1026
f 45/1432/1026 14/1431/1171 8/1433/1172
f 45/1432/1026 8/1433/1172 2/1434/1173
f 45/1432/1026 2/1434/1173 29/1435/1026
f 29/1435/1026 2/1434/1173 28/1436/1174
f 28/1436/1174 2/1434/1173 17/1437/1175
f 28/1436/1174 17/1437/1175 18/1438/1176
f 3017/1382/1126 3170/1380/1124 3018/1439/1177
f 3018/1439/1177 3170/1380/1124 3101/1440/1178
f 3018/1439/1177 3101/1440/1178 2623/1398/1142
f 2623/1398/1142 3101/1440/1178 3046/1400/1144
f 355/1413/1153 124/1411/1151 50/1441/1179
f 355/1413/1153 50/1441/1179 189/1442/1180
f 189/1442/1180 50/1441/1179 14/1431/1171
f 2/1434/1173 1/1443/1181 17/1437/1175
f 17/1437/1175 1/1443/1181 27/1444/1182
f 17/1437/1175 27/1444/1182 41/1445/1183
f 41/1445/1183 27/1444/1182 55/1446/1184
f 41/1445/1183 55/1446/1184 87/1447/1185
f 87/1447/1185 55/1446/1184 103/1448/1186
f 87/1447/1185 103/1448/1186 118/1449/1187
f 1/1443/1181 26/1450/1026 27/1444/1182
f 7/1451/1188 26/1450/1026 1/1443/1181
f 26/1450/1026 7/1451/1188 61/1452/1189
f 61/1452/1189 7/1451/1188 13/1453/1190
f 61/1452/1189 13/1453/1190 72/1454/1191
f 72/1454/1191 13/1453/1190 151/1455/1175
f 72/1454/1191 151/1455/1175 97/1456/1192
f 97/1456/1192 151/1455/1175 353/1457/1193
f 97/1456/1192 353/1457/1193 133/1458/1194
f 133/1458/1194 353/1457/1193 349/1459/1195
f 349/1459/1195 353/1457/1193 597/1460/1196
f 597/1460/1196 353/1457/1193 717/1461/1197
f 597/1460/1196 717/1461/1197 880/1462/1198
f 880/1462/1198 717/1461/1197 959/1463/1199
f 959/1463/1199 717/1461/1197 987/1464/1200
f 987/1464/1200 717/1461/1197 1014/1465/1201
f 1014/1465/1201 717/1461/1197 884/1466/1202
f 1014/1465/1201 884/1466/1202 1005/1467/1203
f 1005/1467/1203 884/1466/1202 974/1468/1204
f 974/1468/1204 884/1466/1202 926/1469/1205
f 926/1469/1205 884/1466/1202 716/1470/1206
f 926/1469/1205 716/1470/1206 352/1471/1207
f 926/1469/1205 352/1471/1207 886/1472/1208
f 886/1472/1208 352/1471/1207 123/1473/1209
f 886/1472/1208 123/1473/1209 934/1474/1026
f 934/1474/1026 123/1473/1209 480/1475/1210
f 934/1474/1026 480/1475/1210 945/1476/1211
f 934/1474/1026 945/1476/1211 996/1477/1026
f 996/1477/1026 945/1476/1211 1051/1478/1084
f 996/1477/1026 1051/1478/1084 1390/1479/1026
f 1390/1479/1026 1051/1478/1084 1389/1480/1026
f 151/1455/1175 13/1453/1190 188/1481/1212
f 188/1481/1212 13/1453/1190 49/1482/1213
f 188/1481/1212 49/1482/1213 352/1471/1207
f 352/1471/1207 49/1482/1213 123/1473/1209
f 87/1447/1185 118/1449/1187 135/1483/1214
f 87/1447/1185 135/1483/1214 112/1484/1215
f 112/1484/1215 135/1483/1214 136/1485/1216
f 112/1484/1215 136/1485/1216 119/1486/1217
f 112/1484/1215 119/1486/1217 88/1487/1218
f 88/1487/1218 119/1486/1217 104/1488/1026
f 88/1487/1218 104/1488/1026 56/1489/1219
f 88/1487/1218 56/1489/1219 42/1490/1220
f 42/1490/1220 56/1489/1219 28/1436/1174
f 42/1490/1220 28/1436/1174 18/1438/1176
f 3109/1373/1119 3073/1375/1120 3083/1491/1221
f 3083/1491/1221 3073/1375/1120 3058/1492/1222
f 3083/1491/1221 3058/1492/1222 3057/1493/1223
f 3083/1491/1221 3057/1493/1223 3086/1494/1224
f 3086/1494/1224 3057/1493/1223 3072/1495/1225
f 3086/1494/1224 3072/1495/1225 3094/1496/1226
f 3086/1494/1224 3094/1496/1226 3125/1497/1227
f 3086/1494/1224 3125/1497/1227 3132/1498/1228
f 3132/1498/1228 3125/1497/1227 3161/1364/1111
f 3132/1498/1228 3161/1364/1111 3173/1365/1112
f 3016/1357/1106 3015/1367/1114 3169/1359/1108
f 152/1429/1169 189/1442/1180 14/1431/1171
f 1388/1499/551 1547/1500/1229 1573/1501/1230
f 1388/1499/551 1573/1501/1230 1646/1502/1231
f 1646/1502/1231 1573/1501/1230 1619/1503/1232
f 1619/1503/1232 1573/1501/1230 1577/1504/1233
f 1619/1503/1232 1577/1504/1233 1602/1505/1234
f 1602/1505/1234 1577/1504/1233 1555/1506/1235
f 1602/1505/1234 1555/1506/1235 1509/1507/1236
f 1509/1507/1236 1555/1506/1235 1525/1508/1237
f 1509/1507/1236 1525/1508/1237 1429/1509/1238
f 1547/1500/1229 1388/1499/551 1404/1510/1239
f 1404/1510/1239 1388/1499/551 1387/1511/1240
f 1387/1511/1240 1388/1499/551 1157/1512/575
f 1387/1511/1240 1157/1512/575 1332/1513/1241
f 1332/1513/1241 1157/1512/575 1278/1514/1242
f 1278/1514/1242 1157/1512/575 1271/1515/1241
f 1271/1515/1241 1157/1512/575 1198/1516/1236
f 1198/1516/1236 1157/1512/575 1187/1517/1243
f 1187/1517/1243 1157/1512/575 986/1518/572
f 1187/1517/1243 986/1518/572 1165/1519/1243
f 1165/1519/1243 986/1518/572 1232/1520/1244
f 1232/1520/1244 986/1518/572 1236/1521/1236
f 1236/1521/1236 986/1518/572 1224/1522/1245
f 1224/1522/1245 986/1518/572 970/1523/571
f 1224/1522/1245 970/1523/571 1225/1524/1245
f 1225/1524/1245 970/1523/571 1237/1525/1245
f 1237/1525/1245 970/1523/571 1262/1526/1245
f 1262/1526/1245 970/1523/571 1062/1527/568
f 1262/1526/1245 1062/1527/568 1295/1528/1236
f 1295/1528/1236 1062/1527/568 1337/1529/1236
f 1337/1529/1236 1062/1527/568 1373/1530/1236
f 1373/1530/1236 1062/1527/568 1258/1531/541
f 1258/1531/541 1488/1532/1246 1440/1533/1243
f 1440/1533/1243 1488/1532/1246 1502/1534/1247
f 1440/1533/1243 1502/1534/1247 1510/1535/1248
f 1510/1535/1248 1502/1534/1247 1605/1536/1249
f 1605/1536/1249 1502/1534/1247 1687/1537/1250
f 1605/1536/1249 1687/1537/1250 1691/1538/1251
f 1691/1538/1251 1687/1537/1250 1779/1539/1252
f 1779/1539/1252 1687/1537/1250 1703/1540/1253
f 1779/1539/1252 1703/1540/1253 1877/1541/563
f 1877/1541/563 1703/1540/1253 1606/1542/540
f 1606/1542/540 1703/1540/1253 1607/1543/1254
f 1488/1532/1246 1258/1531/541 1579/1544/1255
f 1579/1544/1255 1258/1531/541 1606/1542/540
f 1579/1544/1255 1606/1542/540 1607/1543/1254
f 1779/1539/1252 1877/1541/563 1843/1545/1256
f 1843/1545/1256 1877/1541/563 2002/1546/560
f 1843/1545/1256 2002/1546/560 1871/1547/1236
f 1871/1547/1236 2002/1546/560 1910/1548/1236
f 1910/1548/1236 2002/1546/560 1937/1549/1257
f 1937/1549/1257 2002/1546/560 2175/1550/558
f 1937/1549/1257 2175/1550/558 1970/1551/1257
f 1970/1551/1257 2175/1550/558 1979/1552/1257
f 1979/1552/1257 2175/1550/558 1978/1553/1257
f 1978/1553/1257 2175/1550/558 2108/1554/556
f 1978/1553/1257 2108/1554/556 1969/1555/1258
f 1969/1555/1258 2108/1554/556 1973/1556/1259
f 1973/1556/1259 2108/1554/556 1996/1557/1260
f 1973/1556/1259 1996/1557/1260 1975/1558/1261
f 1975/1558/1261 1996/1557/1260 1981/1559/1262
f 1996/1557/1260 2108/1554/556 2014/1560/1263
f 2014/1560/1263 2108/1554/556 2024/1561/1257
f 2024/1561/1257 2108/1554/556 2013/1562/1264
f 2013/1562/1264 2108/1554/556 1885/1563/553
f 2013/1562/1264 1885/1563/553 1985/1564/1264
f 1985/1564/1264 1885/1563/553 1893/1565/1264
f 1893/1565/1264 1885/1563/553 1887/1566/1241
f 1887/1566/1241 1885/1563/553 1781/1567/1265
f 1781/1567/1265 1885/1563/553 1724/1568/545
f 1781/1567/1265 1724/1568/545 1734/1569/1266
f 1734/1569/1266 1724/1568/545 1646/1502/1231
f 1646/1502/1231 1724/1568/545 1388/1499/551
f 1602/1505/1234 1690/1570/1236 1619/1503/1232
f 1619/1503/1232 1690/1570/1236 1697/1571/1236
f 1697/1571/1236 1690/1570/1236 1778/1572/1267
f 1697/1571/1236 1778/1572/1267 1755/1573/1236
f 1755/1573/1236 1778/1572/1267 1808/1574/1268
f 1755/1573/1236 1808/1574/1268 1786/1575/1236
f 1786/1575/1236 1808/1574/1268 1887/1566/1241
f 1786/1575/1236 1887/1566/1241 1791/1576/1236
f 1791/1576/1236 1887/1566/1241 1781/1567/1265
f 1808/1574/1268 1778/1572/1267 1831/1577/1269
f 1831/1577/1269 1778/1572/1267 1842/1578/1270
f 1831/1577/1269 1842/1578/1270 1867/1579/1271
f 1867/1579/1271 1842/1578/1270 1889/1580/1272
f 1889/1580/1272 1842/1578/1270 1870/1581/1273
f 1889/1580/1272 1870/1581/1273 1899/1582/1274
f 1899/1582/1274 1870/1581/1273 1906/1583/1275
f 1906/1583/1275 1870/1581/1273 1909/1584/1276
f 1906/1583/1275 1909/1584/1276 1953/1585/1277
f 1953/1585/1277 1909/1584/1276 1973/1556/1259
f 1973/1556/1259 1909/1584/1276 1936/1586/1278
f 1973/1556/1259 1936/1586/1278 1969/1555/1258
f 1440/1533/1243 1373/1530/1236 1258/1531/541
f 1236/1521/1236 1261/1587/1236 1232/1520/1244
f 1232/1520/1244 1261/1587/1236 1294/1588/1279
f 1232/1520/1244 1294/1588/1279 1246/1589/1280
f 1246/1589/1280 1294/1588/1279 1287/1590/1281
f 1246/1589/1280 1287/1590/1281 1239/1591/1282
f 1294/1588/1279 1336/1592/1236 1287/1590/1281
f 1287/1590/1281 1336/1592/1236 1280/1593/1236
f 1280/1593/1236 1336/1592/1236 1322/1594/1283
f 1280/1593/1236 1322/1594/1283 1271/1515/1241
f 1280/1593/1236 1271/1515/1241 1233/1595/1236
f 1233/1595/1236 1271/1515/1241 1228/1596/1236
f 1228/1596/1236 1271/1515/1241 1198/1516/1236
f 1336/1592/1236 1372/1597/1284 1322/1594/1283
f 1322/1594/1283 1372/1597/1284 1340/1598/1285
f 1340/1598/1285 1372/1597/1284 1429/1509/1238
f 1340/1598/1285 1429/1509/1238 1342/1599/1286
f 1342/1599/1286 1429/1509/1238 1357/1600/1236
f 1357/1600/1236 1429/1509/1238 1355/1601/1236
f 1355/1601/1236 1429/1509/1238 1387/1511/1240
f 1355/1601/1236 1387/1511/1240 1332/1513/1241
f 1372/1597/1284 1439/1602/1236 1429/1509/1238
f 1429/1509/1238 1439/1602/1236 1509/1507/1236
f 1280/1593/1236 1233/1595/1236 1245/1603/1287
f 1245/1603/1287 1233/1595/1236 1230/1604/1288
f 1246/1589/1280 1239/1591/1282 1208/1605/1289
f 1246/1589/1280 1208/1605/1289 1200/1606/1290
f 1340/1598/1285 1342/1599/1286 1316/1607/1291
f 1450/1608/1292 1519/1609/1293 1404/1510/1239
f 1404/1510/1239 1519/1609/1293 1547/1500/1229
f 1547/1500/1229 1519/1609/1293 1555/1506/1235
f 1555/1506/1235 1519/1609/1293 1525/1508/1237
f 1893/1565/1264 1889/1580/1272 1985/1564/1264
f 1985/1564/1264 1889/1580/1272 1899/1582/1274
f 1867/1579/1271 1873/1610/1294 1831/1577/1269
f 1831/1577/1269 1873/1610/1294 1850/1611/1295
f 1953/1585/1277 1972/1612/1296 1906/1583/1275
f 1906/1583/1275 1972/1612/1296 1950/1613/1297
f 1906/1583/1275 1950/1613/1297 1943/1614/1298
f 1684/1615/1299 1603/1616/1300 1600/1617/814
f 1600/1617/814 1603/1616/1300 1522/1618/1301
f 1600/1617/814 1522/1618/1301 1571/1619/1302
f 1571/1619/1302 1522/1618/1301 1453/1620/1236
f 1571/1619/1302 1453/1620/1236 1376/1621/1236
f 1376/1621/1236 1346/1622/1236 1571/1619/1302
f 1571/1619/1302 1346/1622/1236 1545/1623/1236
f 1545/1623/1236 1346/1622/1236 1308/1624/1236
f 1545/1623/1236 1308/1624/1236 1276/1625/1236
f 1276/1625/1236 1256/1626/1236 1545/1623/1236
f 1545/1623/1236 1256/1626/1236 1531/1627/1236
f 1531/1627/1236 1256/1626/1236 1242/1628/1236
f 1531/1627/1236 1242/1628/1236 1243/1629/1236
f 1531/1627/1236 1243/1629/1236 1534/1630/1236
f 1534/1630/1236 1243/1629/1236 1257/1631/1236
f 1534/1630/1236 1257/1631/1236 1277/1632/1236
f 1277/1632/1236 1309/1633/1236 1534/1630/1236
f 1534/1630/1236 1309/1633/1236 1552/1634/1236
f 1552/1634/1236 1309/1633/1236 1347/1635/1236
f 1552/1634/1236 1347/1635/1236 1377/1636/1236
f 1552/1634/1236 1377/1636/1236 1578/1637/1236
f 1578/1637/1236 1377/1636/1236 1454/1638/1236
f 1578/1637/1236 1454/1638/1236 1523/1639/1236
f 1523/1639/1236 1604/1640/1236 1578/1637/1236
f 1578/1637/1236 1604/1640/1236 1608/1641/1236
f 1608/1641/1236 1604/1640/1236 1685/1642/1236
f 1608/1641/1236 1685/1642/1236 1772/1643/1236
f 1772/1643/1236 1838/1644/1236 1608/1641/1236
f 1608/1641/1236 1838/1644/1236 1641/1645/1236
f 1641/1645/1236 1838/1644/1236 1861/1646/1236
f 1641/1645/1236 1861/1646/1236 1897/1647/1236
f 1641/1645/1236 1897/1647/1236 1670/1648/1236
f 1670/1648/1236 1897/1647/1236 1928/1649/1236
f 1670/1648/1236 1928/1649/1236 1948/1650/1236
f 1948/1650/1236 1966/1651/1236 1670/1648/1236
f 1670/1648/1236 1966/1651/1236 1673/1652/1236
f 1673/1652/1236 1966/1651/1236 1965/1653/1236
f 1673/1652/1236 1965/1653/1236 1947/1654/1236
f 1673/1652/1236 1947/1654/1236 1642/1655/1236
f 1642/1655/1236 1947/1654/1236 1927/1656/1236
f 1642/1655/1236 1927/1656/1236 1896/1657/1236
f 1896/1657/1236 1860/1658/1236 1642/1655/1236
f 1642/1655/1236 1860/1658/1236 1620/1659/813
f 1620/1659/813 1860/1658/1236 1837/1660/1236
f 1620/1659/813 1837/1660/1236 1771/1661/1236
f 1771/1661/1236 1684/1615/1299 1620/1659/813
f 1620/1659/813 1684/1615/1299 1600/1617/814
f 921/1662/1303 915/1663/1304 922/1664/1305
f 2281/1662/1306 2235/1665/1307 2217/1664/1308
f 2284/1662/1309 2276/1663/1310 2283/1664/1311
f 2189/1666/1312 2218/1667/1313 2180/1668/1314
f 2188/1669/697 2180/1668/690 2284/1670/1315
f 2188/1669/697 2284/1670/1315 2283/1671/1316
f 2218/1667/1313 2189/1666/1312 2285/1672/1317
f 2285/1672/1317 2189/1666/1312 2278/1673/1318
f 2278/1673/1318 2189/1666/1312 2265/1674/1319
f 2278/1673/1318 2265/1674/1319 2479/1675/1320
f 2479/1675/1320 2265/1674/1319 2619/1676/1321
f 2479/1675/1320 2619/1676/1321 2478/1677/1322
f 2478/1677/1322 2619/1676/1321 2592/1678/1323
f 2592/1678/1323 2619/1676/1321 2923/1679/1324
f 2592/1678/1323 2923/1679/1324 2789/1680/1325
f 2789/1680/1325 2923/1679/1324 2618/1681/1326
f 2789/1680/1325 2618/1681/1326 2477/1682/1327
f 2477/1682/1327 2618/1681/1326 2473/1683/1328
f 2473/1683/1328 2618/1681/1326 2264/1684/1329
f 2473/1683/1328 2264/1684/1329 2283/1671/1316
f 2283/1671/1316 2264/1684/1329 2188/1669/697
f 2608/1666/1330 2476/1667/1331 2282/1685/1332
f 2221/1669/657 2282/1685/650 2281/1670/1333
f 2221/1669/657 2281/1670/1333 2217/1671/1334
f 2476/1667/1331 2608/1666/1330 2475/1672/1335
f 2475/1672/1335 2608/1666/1330 2591/1673/1336
f 2591/1673/1336 2608/1666/1330 2920/1674/1337
f 2591/1673/1336 2920/1674/1337 2788/1675/1338
f 2788/1675/1338 2920/1674/1337 2730/1676/1339
f 2788/1675/1338 2730/1676/1339 2474/1677/1340
f 2474/1677/1340 2730/1676/1339 2472/1678/1341
f 2472/1678/1341 2730/1676/1339 2270/1679/1342
f 2472/1678/1341 2270/1679/1342 2279/1680/1343
f 2279/1680/1343 2270/1679/1342 2206/1681/1344
f 2279/1680/1343 2206/1681/1344 2280/1682/1345
f 2280/1682/1345 2206/1681/1344 2216/1683/1346
f 2216/1683/1346 2206/1681/1344 2181/1686/1347
f 2216/1683/1346 2181/1686/1347 2217/1671/1334
f 2217/1671/1334 2181/1686/1347 2221/1669/657
f 978/1666/1348 991/1667/1349 992/1685/1350
f 979/1669/617 992/1685/610 921/1670/1351
f 979/1669/617 921/1670/1351 922/1671/1352
f 991/1667/1349 978/1666/1348 920/1672/1353
f 920/1672/1353 978/1666/1348 918/1673/1354
f 918/1673/1354 978/1666/1348 735/1687/1355
f 918/1673/1354 735/1687/1355 726/1675/1356
f 726/1675/1356 735/1687/1355 407/1676/1357
f 726/1675/1356 407/1676/1357 727/1677/1358
f 727/1677/1358 407/1676/1357 459/1678/1359
f 459/1678/1359 407/1676/1357 316/1679/1360
f 459/1678/1359 316/1679/1360 460/1680/1361
f 460/1680/1361 316/1679/1360 408/1688/1362
f 460/1680/1361 408/1688/1362 728/1682/1363
f 728/1682/1363 408/1688/1362 724/1683/1364
f 724/1683/1364 408/1688/1362 736/1686/1365
f 724/1683/1364 736/1686/1365 922/1671/1352
f 922/1671/1352 736/1686/1365 979/1669/617
f 942/1689/1366 993/1690/1367 916/1691/1368
f 916/1691/1368 917/1692/1369 942/1689/1366
f 924/1693/1370 942/1694/1366 917/1695/1371
f 470/1666/1372 729/1667/1373 829/1668/1374
f 944/1669/791 829/1668/784 923/1670/1375
f 944/1669/791 923/1670/1375 993/1671/1367
f 729/1667/1373 470/1666/1372 730/1672/1376
f 730/1672/1376 470/1666/1372 461/1673/1377
f 461/1673/1377 470/1666/1372 310/1687/1378
f 461/1673/1377 310/1687/1378 462/1675/1379
f 462/1675/1379 310/1687/1378 351/1676/1380
f 462/1675/1379 351/1676/1380 731/1677/1381
f 731/1677/1381 351/1676/1380 725/1678/1382
f 725/1678/1382 351/1676/1380 676/1679/1383
f 725/1678/1382 676/1679/1383 925/1680/1384
f 925/1680/1384 676/1679/1383 971/1688/1385
f 925/1680/1384 971/1688/1385 924/1682/1370
f 924/1682/1370 971/1688/1385 942/1683/1366
f 942/1683/1366 971/1688/1385 1023/1684/1386
f 942/1683/1366 1023/1684/1386 993/1671/1367
f 993/1671/1367 1023/1684/1386 944/1669/791
f 2146/1326/1147 1211/1696/1387 1052/1331/1388
f 1052/1331/1388 1211/1696/1387 1188/1697/1387
f 2153/1698/1389 2035/1699/1390 2146/1326/1147
f 2146/1326/1147 2035/1699/1390 2006/1700/1387
f 1054/1701/1391 1962/1702/1392 2153/1698/1389
f 2153/1698/1389 1962/1702/1392 2008/1703/1393
f 1052/1331/1388 1167/1704/1394 1054/1701/1391
f 1054/1701/1391 1167/1704/1394 1180/1705/1395
f 2146/1326/1147 1956/1706/1387 1211/1696/1387
f 1188/1697/1387 1168/1707/1387 1052/1331/1388
f 1052/1331/1388 1168/1707/1387 1167/1704/1394
f 1054/1701/1391 1180/1705/1395 1213/1708/1396
f 1213/1708/1396 1962/1702/1392 1054/1701/1391
f 2008/1703/1393 2021/1709/1397 2153/1698/1389
f 2153/1698/1389 2021/1709/1397 2035/1699/1390
f 2146/1326/1147 2006/1700/1387 1956/1706/1387
f 3184/1710/1398 3188/1711/1399 3185/1712/1400
f 3185/1712/1400 3188/1711/1399 3187/1713/1110
f 2/1711/1173 4/1714/1401 1/1713/1181
f 1/1713/1181 4/1714/1401 3/1715/1402
f 2146/1716/1147 2244/1717/1146 2153/1718/1389
f 2153/1718/1389 2244/1717/1146 2255/1719/1403
f 3183/1720/1404 3177/1721/1405 3186/1722/1121
f 3183/1720/1404 3186/1722/1121 3184/1723/1398
f 3101/1724/1178 3170/1725/1124 3111/1726/1406
f 3101/1724/1178 3111/1726/1406 3046/1727/1144
f 3186/1722/1121 3188/1728/1399 3184/1723/1398
f 2614/1729/1407 2255/1719/1403 2244/1717/1146
f 3055/1730/1408 2614/1729/1407 2599/1731/1145
f 2599/1731/1145 2614/1729/1407 2244/1717/1146
f 3111/1726/1406 3055/1730/1408 3046/1727/1144
f 3046/1727/1144 3055/1730/1408 2599/1731/1145
f 3177/1721/1405 3159/1732/1409 3170/1725/1124
f 3170/1725/1124 3159/1732/1409 3111/1726/1406
f 3186/1722/1121 3177/1721/1405 3181/1733/1122
f 3181/1733/1122 3177/1721/1405 3170/1725/1124
f 3185/1734/1400 3187/1735/1110 3182/1736/1410
f 3054/1737/1411 3110/1738/1412 3045/1739/1088
f 3054/1737/1411 3045/1739/1088 2613/1740/1413
f 2152/1741/1075 2254/1742/1414 2143/1743/1079
f 3100/1744/1113 3045/1739/1088 3110/1738/1412
f 3100/1744/1113 3110/1738/1412 3169/1745/1108
f 3176/1746/1415 3182/1736/1410 3187/1735/1110
f 3158/1747/1416 3176/1746/1415 3180/1748/1109
f 3180/1748/1109 3176/1746/1415 3187/1735/1110
f 3110/1738/1412 3158/1747/1416 3169/1745/1108
f 3169/1745/1108 3158/1747/1416 3180/1748/1109
f 2254/1742/1414 2613/1740/1413 2598/1749/1086
f 2598/1749/1086 2613/1740/1413 3045/1739/1088
f 2143/1743/1079 2254/1742/1414 2598/1749/1086
f 4/1750/1401 2/1751/1173 6/1752/1417
f 139/1753/1418 78/1754/1419 124/1755/1151
f 139/1753/1418 124/1755/1151 586/1756/1420
f 1054/1757/1391 948/1758/1421 946/1759/1148
f 50/1760/1179 124/1755/1151 78/1754/1419
f 50/1760/1179 78/1754/1419 14/1761/1171
f 946/1759/1148 1052/1716/1388 1054/1757/1391
f 12/1762/1422 6/1752/1417 2/1751/1173
f 23/1763/1423 12/1762/1422 8/1764/1172
f 8/1764/1172 12/1762/1422 2/1751/1173
f 78/1754/1419 23/1763/1423 14/1761/1171
f 14/1761/1171 23/1763/1423 8/1764/1172
f 948/1758/1421 586/1756/1420 481/1765/1149
f 481/1765/1149 586/1756/1420 124/1755/1151
f 946/1759/1148 948/1758/1421 481/1765/1149
f 1051/73/1084 945/1766/1211 1053/1767/1073
f 1053/1767/1073 945/1766/1211 947/1768/1424
f 40/1769/1425 77/1770/1426 13/1771/1190
f 40/1769/1425 13/1771/1190 11/1772/1427
f 3/1773/1402 5/1774/1428 1/1775/1181
f 49/1776/1213 13/1771/1190 77/1770/1426
f 49/1776/1213 77/1770/1426 123/1777/1209
f 585/1778/1429 947/1768/1424 945/1766/1211
f 125/1779/1430 585/1778/1429 480/1780/1210
f 480/1780/1210 585/1778/1429 945/1766/1211
f 77/1770/1426 125/1779/1430 123/1777/1209
f 123/1777/1209 125/1779/1430 480/1780/1210
f 5/1774/1428 11/1772/1427 7/1781/1188
f 7/1781/1188 11/1772/1427 13/1771/1190
f 1/1775/1181 5/1774/1428 7/1781/1188
f 9/1782/1431 43/1783/418 10/1784/1432
f 10/1784/1432 43/1783/418 52/1785/420
f 10/1784/1432 52/1785/420 71/1786/866
f 9/1782/1431 153/1787/1433 336/1788/1434
f 9/1782/1431 336/1788/1434 609/1789/410
f 609/1789/410 336/1788/1434 587/1790/1435
f 609/1789/410 587/1790/1435 830/1791/1436
f 153/1787/1433 9/1782/1431 130/1792/1437
f 130/1792/1437 9/1782/1431 16/1793/1438
f 130/1792/1437 16/1793/1438 140/1794/1439
f 140/1794/1439 16/1793/1438 214/1795/1440
f 214/1795/1440 16/1793/1438 91/1796/1441
f 214/1795/1440 91/1796/1441 471/1797/1442
f 471/1797/1442 91/1796/1441 147/1798/1443
f 471/1797/1442 147/1798/1443 660/1799/1444
f 660/1799/1444 147/1798/1443 936/1800/1445
f 936/1800/1445 147/1798/1443 954/1801/1446
f 936/1800/1445 954/1801/1446 985/1802/1447
f 985/1802/1447 954/1801/1446 1031/1803/1448
f 1031/1803/1448 954/1801/1446 1142/1804/404
f 1031/1803/1448 1142/1804/404 1046/1805/1449
f 1046/1805/1449 1142/1804/404 1048/1806/1450
f 1048/1806/1450 1142/1804/404 982/1807/407
f 1048/1806/1450 982/1807/407 1041/1808/1451
f 1041/1808/1451 982/1807/407 1018/1809/1452
f 1018/1809/1452 982/1807/407 958/1810/1453
f 958/1810/1453 982/1807/407 830/1791/1436
f 830/1791/1436 982/1807/407 609/1789/410
f 2154/1811/1454 1468/1812/398 954/1801/1446
f 954/1801/1446 1468/1812/398 1282/1813/401
f 2154/1811/1454 2232/1814/1455 2183/1815/1456
f 2154/1811/1454 2183/1815/1456 2056/1816/390
f 2056/1816/390 2183/1815/1456 2163/1817/1457
f 2056/1816/390 2163/1817/1457 2157/1818/1458
f 2232/1814/1455 2154/1811/1454 2287/1819/1459
f 2287/1819/1459 2154/1811/1454 2607/1820/1460
f 2287/1819/1459 2607/1820/1460 2597/1821/1461
f 2597/1821/1461 2607/1820/1460 2800/1822/1462
f 2800/1822/1462 2607/1820/1460 3103/1823/1463
f 2800/1822/1462 3103/1823/1463 3039/1824/1464
f 3039/1824/1464 3103/1823/1463 3065/1825/1465
f 3065/1825/1465 3103/1823/1463 3175/1826/1466
f 3065/1825/1465 3175/1826/1466 3064/1827/1467
f 3064/1827/1467 3175/1826/1466 3179/1828/1468
f 3064/1827/1467 3179/1828/1468 3038/1829/1469
f 3038/1829/1469 3179/1828/1468 2799/1830/1470
f 2799/1830/1470 3179/1828/1468 2534/1831/384
f 2799/1830/1470 2534/1831/384 2596/1832/1471
f 2596/1832/1471 2534/1831/384 2286/1833/1472
f 2286/1833/1472 2534/1831/384 2132/1834/387
f 2286/1833/1472 2132/1834/387 2231/1835/1473
f 2231/1835/1473 2132/1834/387 2182/1836/1474
f 2182/1836/1474 2132/1834/387 2162/1837/1475
f 2162/1837/1475 2132/1834/387 2157/1818/1458
f 2157/1818/1458 2132/1834/387 2056/1816/390
f 3178/1838/1476 3140/1839/378 3179/1828/1468
f 3179/1828/1468 3140/1839/378 3082/1840/381
f 3178/1838/1476 3047/1841/1477 2862/1842/1478
f 3178/1838/1476 2862/1842/1478 2533/1843/371
f 2533/1843/371 2862/1842/1478 2617/1844/1479
f 2533/1843/371 2617/1844/1479 2403/1845/1480
f 3047/1841/1477 3178/1838/1476 3066/1846/1481
f 3066/1846/1481 3178/1838/1476 3146/1847/1482
f 3066/1846/1481 3146/1847/1482 3056/1848/1483
f 3056/1848/1483 3146/1847/1482 3012/1849/1484
f 3012/1849/1484 3146/1847/1482 3102/1850/1485
f 3012/1849/1484 3102/1850/1485 2735/1851/1486
f 2735/1851/1486 3102/1850/1485 2606/1852/1487
f 2735/1851/1486 2606/1852/1487 2581/1853/1488
f 2581/1853/1488 2606/1852/1487 2268/1854/1489
f 2268/1854/1489 2606/1852/1487 2155/1855/1490
f 2268/1854/1489 2155/1855/1490 2222/1856/1491
f 2222/1856/1491 2155/1855/1490 2176/1857/1492
f 2176/1857/1492 2155/1855/1490 1995/1858/365
f 2176/1857/1492 1995/1858/365 2159/1859/1493
f 2159/1859/1493 1995/1858/365 2158/1860/1494
f 2158/1860/1494 1995/1858/365 2131/1861/368
f 2158/1860/1494 2131/1861/368 2167/1862/1495
f 2167/1862/1495 2131/1861/368 2194/1863/1496
f 2194/1863/1496 2131/1861/368 2247/1864/1497
f 2247/1864/1497 2131/1861/368 2403/1845/1480
f 2403/1845/1480 2131/1861/368 2533/1843/371
f 953/1865/1498 1590/1866/359 2155/1855/1490
f 2155/1855/1490 1590/1866/359 1851/1867/362
f 953/1865/1498 972/1868/1499 1024/1869/1500
f 953/1865/1498 1024/1869/1500 1141/1870/428
f 1141/1870/428 1024/1869/1500 1044/1871/1501
f 1141/1870/428 1044/1871/1501 1049/1872/1502
f 972/1868/1499 953/1865/1498 912/1873/1503
f 912/1873/1503 953/1865/1498 146/1874/1504
f 912/1873/1503 146/1874/1504 603/1875/1505
f 603/1875/1505 146/1874/1504 409/1876/1506
f 409/1876/1506 146/1874/1504 90/1877/1507
f 409/1876/1506 90/1877/1507 186/1878/1508
f 186/1878/1508 90/1877/1507 15/1879/1509
f 186/1878/1508 15/1879/1509 131/1880/1510
f 131/1880/1510 15/1879/1509 132/1881/1511
f 132/1881/1511 15/1879/1509 10/1784/1432
f 132/1881/1511 10/1784/1432 187/1882/1512
f 187/1882/1512 10/1784/1432 410/1883/1513
f 410/1883/1513 10/1784/1432 190/1884/421
f 410/1883/1513 190/1884/421 604/1885/1514
f 604/1885/1514 190/1884/421 913/1886/1515
f 913/1886/1515 190/1884/421 981/1887/425
f 913/1886/1515 981/1887/425 973/1888/1516
f 973/1888/1516 981/1887/425 1025/1889/1517
f 1025/1889/1517 981/1887/425 1045/1890/1518
f 1045/1890/1518 981/1887/425 1049/1872/1502
f 1049/1872/1502 981/1887/425 1141/1870/428
f 2155/1855/1490 1851/1867/362 1995/1858/365
f 3178/1838/1476 2533/1843/371 3076/1891/374
f 3178/1838/1476 3076/1891/374 3114/1892/376
f 3114/1892/376 3139/1893/375 3178/1838/1476
f 3178/1838/1476 3139/1893/375 3140/1839/378
f 3179/1828/1468 3082/1840/381 2534/1831/384
f 2056/1816/390 1917/1894/392 2154/1811/1454
f 2154/1811/1454 1917/1894/392 1741/1895/395
f 2154/1811/1454 1741/1895/395 1468/1812/398
f 954/1801/1446 1282/1813/401 1142/1804/404
f 609/1789/410 114/1896/412 9/1782/1431
f 9/1782/1431 114/1896/412 53/1897/415
f 9/1782/1431 53/1897/415 43/1783/418
f 71/1786/866 113/1898/422 10/1784/1432
f 10/1784/1432 113/1898/422 190/1884/421
f 1141/1870/428 1199/1899/430 953/1865/1498
f 953/1865/1498 1199/1899/430 1365/1900/433
f 953/1865/1498 1365/1900/433 1590/1866/359
f 1507/1507/1236 1520/1618/1236 1595/1505/1236
f 1595/1505/1236 1520/1618/1236 1596/1616/1236
f 1595/1505/1236 1596/1616/1236 1682/1615/1236
f 1520/1618/1236 1507/1507/1236 1451/1620/1236
f 1451/1620/1236 1507/1507/1236 1437/1602/1236
f 1451/1620/1236 1437/1602/1236 1374/1621/1236
f 1374/1621/1236 1437/1602/1236 1370/1597/1236
f 1374/1621/1236 1370/1597/1236 1344/1622/1236
f 1344/1622/1236 1370/1597/1236 1334/1592/1236
f 1344/1622/1236 1334/1592/1236 1306/1624/1236
f 1306/1624/1236 1334/1592/1236 1292/1588/1236
f 1306/1624/1236 1292/1588/1236 1274/1625/1236
f 1274/1625/1236 1292/1588/1236 1259/1587/1236
f 1274/1625/1236 1259/1587/1236 1254/1626/1236
f 1254/1626/1236 1259/1587/1236 1234/1521/1236
f 1254/1626/1236 1234/1521/1236 1240/1628/1236
f 1240/1628/1236 1234/1521/1236 1222/1522/1236
f 1240/1628/1236 1222/1522/1236 1223/1524/1236
f 1240/1628/1236 1223/1524/1236 1241/1629/1236
f 1241/1629/1236 1223/1524/1236 1235/1525/1236
f 1241/1629/1236 1235/1525/1236 1255/1631/1236
f 1255/1631/1236 1235/1525/1236 1260/1526/1236
f 1255/1631/1236 1260/1526/1236 1275/1632/1236
f 1275/1632/1236 1260/1526/1236 1293/1528/1236
f 1275/1632/1236 1293/1528/1236 1307/1633/1236
f 1307/1633/1236 1293/1528/1236 1335/1529/1236
f 1307/1633/1236 1335/1529/1236 1345/1635/1236
f 1345/1635/1236 1335/1529/1236 1371/1530/1236
f 1345/1635/1236 1371/1530/1236 1375/1636/1236
f 1375/1636/1236 1371/1530/1236 1438/1533/1236
f 1375/1636/1236 1438/1533/1236 1452/1638/1236
f 1452/1638/1236 1438/1533/1236 1508/1535/1236
f 1452/1638/1236 1508/1535/1236 1521/1639/1236
f 1521/1639/1236 1508/1535/1236 1598/1536/1236
f 1521/1639/1236 1598/1536/1236 1597/1640/1236
f 1597/1640/1236 1598/1536/1236 1683/1642/1236
f 1683/1642/1236 1598/1536/1236 1689/1538/1236
f 1683/1642/1236 1689/1538/1236 1770/1643/1236
f 1770/1643/1236 1689/1538/1236 1777/1539/1236
f 1770/1643/1236 1777/1539/1236 1836/1644/1236
f 1836/1644/1236 1777/1539/1236 1841/1545/1236
f 1836/1644/1236 1841/1545/1236 1859/1646/1236
f 1859/1646/1236 1841/1545/1236 1869/1547/1236
f 1859/1646/1236 1869/1547/1236 1895/1647/1236
f 1895/1647/1236 1869/1547/1236 1908/1548/1236
f 1895/1647/1236 1908/1548/1236 1926/1649/1236
f 1926/1649/1236 1908/1548/1236 1935/1549/1236
f 1926/1649/1236 1935/1549/1236 1946/1650/1236
f 1946/1650/1236 1935/1549/1236 1968/1551/1236
f 1946/1650/1236 1968/1551/1236 1964/1651/1236
f 1964/1651/1236 1968/1551/1236 1977/1552/1236
f 1964/1651/1236 1977/1552/1236 1976/1553/1236
f 1964/1651/1236 1976/1553/1236 1963/1653/1236
f 1963/1653/1236 1976/1553/1236 1967/1555/1236
f 1963/1653/1236 1967/1555/1236 1945/1654/1236
f 1945/1654/1236 1967/1555/1236 1934/1586/1236
f 1945/1654/1236 1934/1586/1236 1925/1656/1236
f 1925/1656/1236 1934/1586/1236 1907/1584/1236
f 1925/1656/1236 1907/1584/1236 1894/1657/1236
f 1894/1657/1236 1907/1584/1236 1868/1581/1236
f 1894/1657/1236 1868/1581/1236 1858/1658/1236
f 1858/1658/1236 1868/1581/1236 1840/1578/1236
f 1858/1658/1236 1840/1578/1236 1835/1660/1236
f 1835/1660/1236 1840/1578/1236 1776/1572/1236
f 1835/1660/1236 1776/1572/1236 1769/1661/1236
f 1769/1661/1236 1776/1572/1236 1688/1570/1236
f 1769/1661/1236 1688/1570/1236 1682/1615/1236
f 1682/1615/1236 1688/1570/1236 1595/1505/1236
f 1600/1901/812 1546/1902/811 1617/1903/1519
f 1617/1903/1519 1546/1902/811 1541/1904/1520
f 1617/1903/1519 1541/1904/1520 1644/1905/1520
f 1644/1905/1520 1541/1904/1520 1553/1906/1521
f 1644/1905/1520 1553/1906/1521 1640/1907/821
f 1640/1907/821 1553/1906/1521 1580/1908/823
f 1229/73/1522 1230/1909/1288 1238/1910/1523
f 1238/1910/1523 1230/1909/1288 1233/1911/1524
f 1238/1910/1523 1233/1911/1524 1227/1912/1525
f 1227/1912/1525 1233/1911/1524 1228/1913/1526
f 1227/1912/1525 1228/1913/1526 1198/1914/1527
f 1227/1912/1525 1198/1914/1527 1209/1915/1528
f 1209/1915/1528 1198/1914/1527 1186/1916/1529
f 1186/1916/1529 1198/1914/1527 1187/1917/1530
f 1186/1916/1529 1187/1917/1530 1165/1918/1531
f 1186/1916/1529 1165/1918/1531 1164/1919/1532
f 1245/1920/1287 1230/1921/1288 1244/73/1533
f 1244/73/1533 1230/1921/1288 1229/1922/1522
f 1279/1923/1534 1280/1924/1535 1245/1925/1287
f 1279/1923/1534 1245/1925/1287 1244/1926/1533
f 1287/1920/1536 1280/1927/1535 1286/73/1537
f 1286/73/1537 1280/1927/1535 1279/1928/1534
f 1207/73/1538 1208/1929/1289 1226/1930/1539
f 1226/1930/1539 1208/1929/1289 1239/1931/1540
f 1226/1930/1539 1239/1931/1540 1287/1932/1541
f 1226/1930/1539 1287/1932/1541 1286/1933/1542
f 1200/1934/1290 1208/1935/1289 1207/1936/1538
f 1232/1920/1536 1246/1937/1280 1231/73/1543
f 1165/1920/1544 1232/1938/1544 1164/73/1544
f 1164/73/1544 1232/1938/1544 1231/1939/1544
f 1238/1940/1236 1220/1941/1236 1229/1942/1236
f 1229/1942/1236 1220/1941/1236 1214/1943/1545
f 1220/1941/1236 1238/1940/1236 1227/1944/1236
f 1220/1941/1236 1227/1944/1236 1201/1945/1236
f 1201/1945/1236 1227/1944/1236 1209/1946/1236
f 1201/1945/1236 1209/1946/1236 1186/1947/1236
f 1201/1945/1236 1186/1947/1236 1190/1948/1236
f 1164/1949/1546 1172/1950/1547 1186/1947/1236
f 1186/1947/1236 1172/1950/1547 1190/1948/1236
f 1231/1951/1543 1200/1952/1290 1164/1949/1546
f 1164/1949/1546 1200/1952/1290 1196/1953/1548
f 1164/1949/1546 1196/1953/1548 1172/1950/1547
f 1231/1951/1543 1246/1954/1280 1200/1952/1290
f 1200/1952/1290 1207/1955/1549 1196/1953/1548
f 1196/1953/1548 1207/1955/1549 1214/1943/1545
f 1207/1955/1549 1226/1956/1236 1214/1943/1545
f 1214/1943/1545 1226/1956/1236 1229/1942/1236
f 1229/1942/1236 1226/1956/1236 1244/1957/1236
f 1244/1957/1236 1226/1956/1236 1279/1958/1534
f 1279/1958/1534 1226/1956/1236 1286/1959/1537
f 1220/1960/1550 1221/1961/1551 1215/1962/1552
f 1220/1960/1550 1215/1962/1552 1214/1963/1545
f 1215/1962/1552 1196/1964/1548 1214/1963/1545
f 1196/1965/1553 1173/1966/1554 1172/1967/1555
f 1173/1968/1556 1191/1969/1557 1172/1970/1558
f 1172/1970/1558 1191/1969/1557 1190/1971/1559
f 1190/1971/1559 1191/1969/1557 1202/1972/1560
f 1190/1971/1559 1202/1972/1560 1201/1973/1561
f 1201/1973/1561 1202/1972/1560 1221/1920/1551
f 1201/1973/1561 1221/1920/1551 1220/73/1550
f 1303/1974/1562 1278/1975/1563 1270/1976/1564
f 1270/1976/1564 1278/1975/1563 1271/1977/1565
f 1316/1934/1291 1342/1978/1286 1341/1979/1566
f 1341/1979/1566 1342/1978/1286 1357/1980/1567
f 1341/1979/1566 1357/1980/1567 1356/1981/1568
f 1356/1981/1568 1357/1980/1567 1355/1982/1569
f 1356/1981/1568 1355/1982/1569 1354/1983/1570
f 1354/1983/1570 1355/1982/1569 1332/1984/1571
f 1354/1983/1570 1332/1984/1571 1331/1985/1572
f 1331/1985/1572 1332/1984/1571 1278/1986/1563
f 1331/1985/1572 1278/1986/1563 1303/1987/1562
f 1322/1920/1573 1340/1988/1285 1321/73/1574
f 1271/1920/1565 1322/1938/1575 1270/73/1564
f 1270/73/1564 1322/1938/1575 1321/1939/1575
f 1303/1989/1236 1300/1990/1576 1331/1991/1236
f 1331/1991/1236 1300/1990/1576 1338/1992/1236
f 1331/1991/1236 1338/1992/1236 1354/1993/1236
f 1354/1993/1236 1338/1992/1236 1348/1994/1236
f 1354/1993/1236 1348/1994/1236 1356/1995/1236
f 1356/1995/1236 1348/1994/1236 1341/1996/1577
f 1341/1996/1577 1348/1994/1236 1328/1997/1578
f 1341/1996/1577 1328/1997/1578 1316/1998/1291
f 1316/1998/1291 1328/1997/1578 1310/1999/1579
f 1316/1998/1291 1310/1999/1579 1321/2000/1574
f 1321/2000/1574 1310/1999/1579 1270/2001/1580
f 1270/2001/1580 1310/1999/1579 1281/2002/1581
f 1270/2001/1580 1281/2002/1581 1300/1990/1576
f 1270/2001/1580 1300/1990/1576 1303/1989/1236
f 1321/2000/1574 1340/2003/1285 1316/1998/1291
f 1301/2004/1582 1339/2005/1583 1300/2006/1584
f 1300/2006/1584 1339/2005/1583 1338/2007/1585
f 1338/2007/1585 1339/2005/1583 1349/2008/1586
f 1338/2007/1585 1349/2008/1586 1348/2009/1587
f 1348/2009/1587 1349/2008/1586 1329/2010/1588
f 1348/2009/1587 1329/2010/1588 1328/2011/1589
f 1329/2010/1588 1311/2012/1590 1328/2011/1589
f 1328/2011/1589 1311/2012/1590 1310/2013/1591
f 1311/1920/1592 1281/2014/1581 1310/73/1579
f 1281/2015/1593 1301/2016/1582 1300/2017/1584
f 1404/2018/1239 1387/2019/1240 1386/2020/1594
f 1525/1920/1595 1519/2021/1293 1524/73/1596
f 1429/1920/1597 1525/2022/1597 1428/73/1597
f 1428/73/1597 1525/2022/1597 1524/2023/1597
f 1387/1920/1598 1429/1938/1598 1386/73/1598
f 1386/73/1598 1429/1938/1598 1428/1939/1598
f 1404/1510/1239 1386/1511/1599 1450/1608/1292
f 1450/1608/1292 1386/1511/1599 1428/1509/1600
f 1450/1608/1292 1428/1509/1600 1524/1508/1596
f 1524/1508/1596 1519/1609/1293 1450/1608/1292
f 1573/1920/1601 1547/1988/1602 1572/73/1603
f 1577/2024/1233 1573/1938/1230 1572/1939/1604
f 1555/1920/1605 1577/2025/1606 1554/73/1607
f 1547/2018/1229 1555/1938/1235 1554/1939/1608
f 1547/1500/1602 1554/1506/1607 1572/1501/1603
f 1572/1501/1603 1554/1506/1607 1577/1504/1606
f 1619/1920/1609 1697/2026/1610 1618/73/1611
f 1618/73/1611 1697/2026/1610 1696/2027/1612
f 1696/2027/1612 1697/2026/1610 1755/2028/1613
f 1696/2027/1612 1755/2028/1613 1754/2029/1614
f 1754/2029/1614 1755/2028/1613 1786/2030/1615
f 1754/2029/1614 1786/2030/1615 1785/2031/1616
f 1785/2031/1616 1786/2030/1615 1791/2032/1617
f 1785/2031/1616 1791/2032/1617 1790/2033/1618
f 1790/2033/1618 1791/2032/1617 1781/2034/1619
f 1790/2033/1618 1781/2034/1619 1780/2035/1620
f 1780/2035/1620 1781/2034/1619 1734/2036/1621
f 1780/2035/1620 1734/2036/1621 1733/2037/1622
f 1733/2037/1622 1734/2036/1621 1646/2038/1623
f 1733/2037/1622 1646/2038/1623 1645/2039/1624
f 1646/1920/1625 1619/1938/1625 1645/73/1625
f 1645/73/1625 1619/1938/1625 1618/1939/1625
f 1645/2040/1626 1618/2041/1627 1643/2042/1628
f 1643/2042/1628 1618/2041/1627 1696/2043/1629
f 1643/2042/1628 1696/2043/1629 1698/2044/1630
f 1698/2044/1630 1696/2043/1629 1754/2045/1236
f 1698/2044/1630 1754/2045/1236 1760/2046/1236
f 1760/2046/1236 1754/2045/1236 1785/2047/1236
f 1760/2046/1236 1785/2047/1236 1773/2048/1236
f 1773/2048/1236 1785/2047/1236 1790/2049/1236
f 1773/2048/1236 1790/2049/1236 1765/2050/1236
f 1765/2050/1236 1790/2049/1236 1780/2051/1236
f 1765/2050/1236 1780/2051/1236 1733/2052/1236
f 1765/2050/1236 1733/2052/1236 1727/2053/1236
f 1645/2040/1626 1680/2054/1631 1733/2052/1236
f 1733/2052/1236 1680/2054/1631 1727/2053/1236
f 1680/2054/1631 1645/2040/1626 1643/2042/1628
f 1698/2055/1630 1735/2056/1632 1699/2057/1633
f 1699/2057/1633 1643/2058/1628 1698/2055/1630
f 1643/1934/1634 1681/2059/1635 1680/2060/1636
f 1681/2061/1637 1728/2062/1638 1680/2063/1639
f 1680/2063/1639 1728/2062/1638 1727/2064/1640
f 1727/2064/1640 1728/2062/1638 1766/2065/1641
f 1727/2064/1640 1766/2065/1641 1765/2066/1642
f 1765/2066/1642 1766/2065/1641 1774/2067/1643
f 1765/2066/1642 1774/2067/1643 1773/2068/1644
f 1773/2068/1644 1774/2067/1643 1761/2069/1645
f 1773/2068/1644 1761/2069/1645 1760/2070/1646
f 1760/2070/1646 1761/2069/1645 1735/1920/1632
f 1760/2070/1646 1735/1920/1632 1698/73/1630
f 1893/1920/1647 1887/2071/1648 1892/73/1648
f 1892/73/1648 1887/2071/1648 1886/2072/1648
f 1889/1920/1649 1893/2073/1649 1888/73/1649
f 1888/73/1649 1893/2073/1649 1892/2074/1649
f 1867/2024/1271 1889/2075/1272 1888/2076/1650
f 1873/1920/1651 1867/2077/1652 1872/73/1653
f 1850/2078/1295 1873/2079/1294 1872/2080/1654
f 1808/1920/1654 1831/2081/1269 1807/73/1655
f 1887/1920/1656 1808/2082/1656 1886/73/1656
f 1886/73/1656 1808/2082/1656 1807/2083/1656
f 1886/1566/1657 1854/2084/1658 1892/1565/1236
f 1807/1574/1655 1853/2085/1659 1886/1566/1657
f 1886/1566/1657 1853/2085/1659 1854/2084/1658
f 1831/1577/1269 1850/1611/1295 1807/1574/1655
f 1807/1574/1655 1850/1611/1295 1853/2085/1659
f 1850/1611/1295 1872/1610/1653 1853/2085/1659
f 1853/2085/1659 1872/1610/1653 1875/2086/1660
f 1875/2086/1660 1872/1610/1653 1888/1580/1661
f 1875/2086/1660 1888/1580/1661 1892/1565/1236
f 1875/2086/1660 1892/1565/1236 1854/2084/1658
f 1872/1610/1653 1867/1579/1652 1888/1580/1661
f 1854/2087/1662 1855/2088/1663 1875/2089/1660
f 1875/2089/1660 1855/2088/1663 1876/1920/1664
f 1876/1920/1664 1853/2090/1659 1875/2089/1660
f 1853/2091/1665 1855/2092/1663 1854/2093/1662
f 1980/73/1666 1981/2094/1262 1989/2095/1667
f 1989/2095/1667 1981/2094/1262 1996/2096/1668
f 1989/2095/1667 1996/2096/1668 2011/2097/1669
f 2011/2097/1669 1996/2096/1668 2014/1913/1670
f 2011/2097/1669 2014/1913/1670 2024/2098/1671
f 2011/2097/1669 2024/2098/1671 2023/1915/1672
f 2023/1915/1672 2024/2098/1671 2012/2099/1673
f 2012/2099/1673 2024/2098/1671 2013/2100/1674
f 2012/2099/1673 2013/2100/1674 1985/1918/1675
f 2012/2099/1673 1985/1918/1675 1984/1919/1676
f 1975/1920/1261 1981/1921/1262 1974/73/1677
f 1974/73/1677 1981/1921/1262 1980/1922/1666
f 1973/2101/1259 1975/2102/1261 1974/2103/1677
f 1953/1920/1678 1973/2104/1679 1952/73/1680
f 1949/73/1681 1950/2105/1297 1971/2106/1682
f 1971/2106/1682 1950/2105/1297 1972/2107/1296
f 1971/2106/1682 1972/2107/1296 1953/1932/1683
f 1971/2106/1682 1953/1932/1683 1952/1933/1684
f 1943/1934/1298 1950/2108/1297 1949/2109/1681
f 1899/1920/1685 1906/2110/1275 1898/73/1686
f 1985/1920/1687 1899/1938/1688 1984/73/1688
f 1984/73/1688 1899/1938/1688 1898/1939/1688
f 1989/2111/1236 1992/2112/1236 1980/2113/1236
f 1980/2113/1236 1992/2112/1236 1982/2114/1689
f 1992/2112/1236 1989/2111/1236 2011/2115/1236
f 1992/2112/1236 2011/2115/1236 2009/2116/1236
f 2009/2116/1236 2011/2115/1236 2023/2117/1236
f 2009/2116/1236 2023/2117/1236 2012/2118/1236
f 2009/2116/1236 2012/2118/1236 2003/2119/1236
f 1984/2120/1690 1986/2121/1691 2012/2118/1236
f 2012/2118/1236 1986/2121/1691 2003/2119/1236
f 1898/2122/1686 1943/2123/1298 1984/2120/1690
f 1984/2120/1690 1943/2123/1298 1954/2124/1692
f 1984/2120/1690 1954/2124/1692 1986/2121/1691
f 1898/2122/1686 1906/2125/1275 1943/2123/1298
f 1943/2123/1298 1949/2126/1693 1954/2124/1692
f 1954/2124/1692 1949/2126/1693 1982/2114/1689
f 1949/2126/1693 1971/2127/1236 1982/2114/1689
f 1982/2114/1689 1971/2127/1236 1980/2113/1236
f 1980/2113/1236 1971/2127/1236 1974/2128/1694
f 1974/2128/1694 1971/2127/1236 1952/2129/1680
f 1974/2128/1694 1952/2129/1680 1973/2130/1679
f 1992/1960/1695 1993/2131/1696 1983/2132/1697
f 1992/1960/1695 1983/2132/1697 1982/2133/1689
f 1983/2132/1697 1954/1964/1692 1982/2133/1689
f 1954/1965/1698 1987/1966/1699 1986/1967/1700
f 1987/1968/1701 2004/2134/1702 1986/1970/1703
f 1986/1970/1703 2004/2134/1702 2003/2135/1704
f 2003/2135/1704 2004/2134/1702 2010/2136/1705
f 2003/2135/1704 2010/2136/1705 2009/1973/1706
f 2009/1973/1706 2010/2136/1705 1993/1920/1696
f 2009/1973/1706 1993/1920/1696 1992/73/1695
f 1196/2137/1553 1215/2138/1707 1173/2139/1554
f 1173/2139/1554 1215/2138/1707 1191/2140/1236
f 1191/2140/1236 1215/2138/1707 1221/2141/1551
f 1191/2140/1236 1221/2141/1551 1202/2142/1560
f 1281/2143/1593 1311/2144/1708 1301/2145/1582
f 1301/2145/1582 1311/2144/1708 1329/2146/1236
f 1301/2145/1582 1329/2146/1236 1349/2147/1236
f 1349/2147/1236 1339/2148/1583 1301/2145/1582
f 1643/2149/1634 1699/2150/1709 1681/2151/1635
f 1681/2151/1635 1699/2150/1709 1728/2152/1236
f 1728/2152/1236 1699/2150/1709 1735/2153/1632
f 1728/2152/1236 1735/2153/1632 1761/2154/1645
f 1761/2154/1645 1774/2155/1643 1728/2152/1236
f 1728/2152/1236 1774/2155/1643 1766/2156/1641
f 1853/2085/1665 1876/2157/1664 1855/2158/1663
f 1954/2159/1698 1983/2160/1710 1987/2161/1699
f 1987/2161/1699 1983/2160/1710 2004/2162/1702
f 2004/2162/1702 1983/2160/1710 1993/2163/1236
f 2004/2162/1702 1993/2163/1236 2010/2164/1705
f 1584/2165/357 1607/2166/356 1686/2167/1711
f 1686/2167/1711 1607/2166/356 1703/2168/1712
f 1488/2169/1713 1579/2170/358 1501/2171/1714
f 1501/2171/1714 1579/2170/358 1584/2172/357
f 1502/2173/1715 1501/2174/1714 1687/2175/1716
f 1687/2175/1716 1501/2174/1714 1686/2176/1711
f 1584/2177/357 1686/2178/1711 1501/2179/1714
f 1956/2180/1717 1955/2181/1718 1211/2182/1719
f 1211/2182/1719 1955/2181/1718 1210/2183/1720
f 1212/2184/1721 1213/2185/1722 1180/2186/1723
f 1212/2184/1721 1180/2186/1723 1189/2187/1724
f 1189/2187/1724 1180/2186/1723 1169/2188/1725
f 1169/2188/1725 1180/2186/1723 1167/2189/1726
f 1169/2188/1725 1167/2189/1726 1166/2190/1727
f 1166/2190/1727 1167/2189/1726 1168/2191/1728
f 1166/2190/1727 1168/2191/1728 1179/2192/1729
f 1179/2192/1729 1168/2191/1728 1188/2193/1730
f 1179/2192/1729 1188/2193/1730 1211/2194/1719
f 1179/2192/1729 1211/2194/1719 1210/2195/1720
f 1213/2196/1722 1212/2183/1721 1962/2197/1731
f 1962/2197/1731 1212/2183/1721 1961/2181/1732
f 1959/2198/1733 1960/2199/1734 2001/2200/1735
f 1959/2198/1733 2001/2200/1735 2000/2201/1736
f 2000/2201/1736 2001/2200/1735 2019/2202/1737
f 2000/2201/1736 2019/2202/1737 2018/2203/1737
f 2018/2203/1737 2019/2202/1737 2028/2204/1738
f 2018/2203/1737 2028/2204/1738 2027/2205/1738
f 2027/2205/1738 2028/2204/1738 2026/2206/1739
f 2027/2205/1738 2026/2206/1739 2025/2207/1739
f 2025/2207/1739 2026/2206/1739 2017/2208/1740
f 2025/2207/1739 2017/2208/1740 2016/2209/1740
f 2016/2209/1740 2017/2208/1740 1999/2210/1741
f 2016/2209/1740 1999/2210/1741 1998/2211/1742
f 1998/2211/1742 1999/2210/1741 1958/2212/1743
f 1998/2211/1742 1958/2212/1743 1957/2213/1744
f 1960/2180/1734 1959/2181/1733 1219/2182/1745
f 1219/2182/1745 1959/2181/1733 1218/2183/1746
f 1216/2214/1747 1217/2215/1748 1193/2200/1749
f 1216/2214/1747 1193/2200/1749 1192/2201/1750
f 1192/2201/1750 1193/2200/1749 1183/2202/1751
f 1192/2201/1750 1183/2202/1751 1182/2203/1751
f 1182/2203/1751 1183/2202/1751 1175/2204/1752
f 1182/2203/1751 1175/2204/1752 1174/2205/1752
f 1174/2205/1752 1175/2204/1752 1177/2206/1753
f 1174/2205/1752 1177/2206/1753 1176/2207/1753
f 1176/2207/1753 1177/2206/1753 1185/2208/1754
f 1176/2207/1753 1185/2208/1754 1184/2209/1754
f 1184/2209/1754 1185/2208/1754 1195/2210/1755
f 1184/2209/1754 1195/2210/1755 1194/2211/1756
f 1194/2211/1756 1195/2210/1755 1219/2216/1745
f 1194/2211/1756 1219/2216/1745 1218/2217/1746
f 1217/2196/1748 1216/2183/1747 1958/2197/1743
f 1958/2197/1743 1216/2183/1747 1957/2181/1744
f 1955/2218/1718 1956/2219/1717 2006/2220/1757
f 1955/2218/1718 2006/2220/1757 2005/2187/1758
f 2005/2187/1758 2006/2220/1757 2020/2221/1759
f 2020/2221/1759 2006/2220/1757 2035/2222/1760
f 2020/2221/1759 2035/2222/1760 2036/2223/1761
f 2036/2223/1761 2035/2222/1760 2021/2191/1762
f 2036/2223/1761 2021/2191/1762 2007/2224/1763
f 2007/2224/1763 2021/2191/1762 2008/2193/1764
f 2007/2224/1763 2008/2193/1764 1962/2225/1731
f 2007/2224/1763 1962/2225/1731 1961/2226/1732
f 1955/2227/1387 1957/2228/1387 1210/2229/1387
f 1210/2229/1387 1957/2228/1387 1216/2230/1387
f 1210/2229/1387 1216/2230/1387 1179/2231/1387
f 1179/2231/1387 1216/2230/1387 1192/2232/1387
f 1179/2231/1387 1192/2232/1387 1182/2233/1387
f 1179/2231/1387 1182/2233/1387 1166/2234/1387
f 1166/2234/1387 1182/2233/1387 1174/2235/1387
f 1166/2234/1387 1174/2235/1387 1176/2236/1387
f 1166/2234/1387 1176/2236/1387 1169/2237/1387
f 1169/2237/1387 1176/2236/1387 1184/2238/1387
f 1169/2237/1387 1184/2238/1387 1194/2239/1387
f 1169/2237/1387 1194/2239/1387 1189/2240/1387
f 1189/2240/1387 1194/2239/1387 1218/2241/1387
f 1189/2240/1387 1218/2241/1387 1212/2242/1387
f 1212/2242/1387 1218/2241/1387 1959/2243/1387
f 1212/2242/1387 1959/2243/1387 1961/2244/1387
f 1961/2244/1387 1959/2243/1387 2007/2245/1387
f 2007/2245/1387 1959/2243/1387 2000/2246/1387
f 2007/2245/1387 2000/2246/1387 2018/2247/1387
f 2007/2245/1387 2018/2247/1387 2036/2248/1387
f 2036/2248/1387 2018/2247/1387 2027/2249/1387
f 2036/2248/1387 2027/2249/1387 2025/2250/1387
f 2036/2248/1387 2025/2250/1387 2020/2251/1387
f 2020/2251/1387 2025/2250/1387 2016/2252/1387
f 2020/2251/1387 2016/2252/1387 1998/2253/1387
f 2020/2251/1387 1998/2253/1387 2005/2254/1387
f 2005/2254/1387 1998/2253/1387 1957/2228/1387
f 2005/2254/1387 1957/2228/1387 1955/2227/1387
f 1958/2255/1765 1942/2256/1766 1932/2257/1767
f 1958/2255/1765 1932/2257/1767 1878/2258/1768
f 1878/2258/1768 1932/2257/1767 1915/2259/1769
f 1958/2255/1765 1999/2260/1770 1942/2256/1766
f 1942/2256/1766 1999/2260/1770 2017/2261/1771
f 1942/2256/1766 2017/2261/1771 1923/2262/1772
f 1923/2262/1772 2017/2261/1771 2026/2263/1387
f 1923/2262/1772 2026/2263/1387 1919/2264/1773
f 1919/2264/1773 2026/2263/1387 1933/2265/1387
f 1933/2265/1387 2026/2263/1387 2028/2266/1387
f 1933/2265/1387 2028/2266/1387 1939/2267/1387
f 1939/2267/1387 2028/2266/1387 2019/2268/1387
f 1939/2267/1387 2019/2268/1387 2001/2269/1387
f 1939/2267/1387 2001/2269/1387 1905/2270/1387
f 1905/2270/1387 2001/2269/1387 1960/2271/1387
f 1219/2272/1774 1583/2273/1775 1960/2271/1387
f 1960/2271/1387 1583/2273/1775 1612/2274/1776
f 1960/2271/1387 1612/2274/1776 1702/2275/1387
f 1219/2272/1774 1297/2276/1387 1353/2277/1387
f 1219/2272/1774 1353/2277/1387 1364/2278/1387
f 1297/2276/1387 1219/2272/1774 1252/2279/1387
f 1252/2279/1387 1219/2272/1774 1195/2280/1387
f 1252/2279/1387 1195/2280/1387 1185/2281/1387
f 1185/2281/1387 1177/2282/1387 1252/2279/1387
f 1252/2279/1387 1177/2282/1387 1175/2283/1387
f 1252/2279/1387 1175/2283/1387 1250/2284/1777
f 1250/2284/1777 1175/2283/1387 1183/2285/1387
f 1250/2284/1777 1183/2285/1387 1193/2286/1387
f 1193/2286/1387 1217/2287/1778 1250/2284/1777
f 1250/2284/1777 1217/2287/1778 1263/2288/1779
f 1263/2288/1779 1217/2287/1778 1320/2289/1780
f 1320/2289/1780 1217/2287/1778 1343/2290/1781
f 1343/2290/1781 1217/2287/1778 1351/2291/1782
f 1343/2290/1781 1351/2291/1782 1314/2292/1783
f 1314/2292/1783 1351/2291/1782 1323/2293/1387
f 1314/2292/1783 1323/2293/1387 1305/2294/1784
f 1958/2255/1765 1581/2295/1785 1217/2287/1778
f 1217/2287/1778 1581/2295/1785 1569/2296/1786
f 1217/2287/1778 1569/2296/1786 1543/2297/1787
f 1543/2297/1787 1569/2296/1786 1544/2298/1788
f 1544/2298/1788 1569/2296/1786 1570/2299/1789
f 1544/2298/1788 1570/2299/1789 1467/2300/1790
f 1467/2300/1790 1570/2299/1789 1219/2272/1774
f 1467/2300/1790 1219/2272/1774 1460/2301/1791
f 1460/2301/1791 1219/2272/1774 1364/2278/1387
f 1263/2288/1779 1302/2302/1792 1265/2303/1793
f 1265/2303/1793 1302/2302/1792 1273/2304/1794
f 1353/2277/1387 1297/2276/1387 1325/2305/1387
f 1325/2305/1387 1323/2293/1387 1353/2277/1387
f 1353/2277/1387 1323/2293/1387 1351/2291/1782
f 1320/2289/1780 1302/2302/1792 1263/2288/1779
f 1543/2297/1787 1458/2306/1795 1217/2287/1778
f 1217/2287/1778 1458/2306/1795 1358/2307/1796
f 1217/2287/1778 1358/2307/1796 1351/2291/1782
f 1460/2301/1791 1433/2308/1387 1458/2306/1795
f 1458/2306/1795 1433/2308/1387 1414/2309/1387
f 1467/2300/1790 1466/2310/1797 1544/2298/1788
f 1612/2274/1776 1581/2295/1785 1610/2311/1798
f 1610/2311/1798 1581/2295/1785 1958/2255/1765
f 1610/2311/1798 1958/2255/1765 1679/2312/1387
f 1679/2312/1387 1958/2255/1765 1768/2313/1799
f 1679/2312/1387 1768/2313/1799 1730/2314/1387
f 1730/2314/1387 1768/2313/1799 1745/2315/1387
f 1745/2315/1387 1768/2313/1799 1821/2316/1387
f 1745/2315/1387 1821/2316/1387 1743/2317/1387
f 1743/2317/1387 1821/2316/1387 1702/2275/1387
f 1702/2275/1387 1821/2316/1387 1960/2271/1387
f 1878/2258/1768 1915/2259/1769 1880/2318/1800
f 1880/2318/1800 1915/2259/1769 1891/2319/1794
f 1878/2258/1768 1863/2320/1801 1958/2255/1765
f 1958/2255/1765 1863/2320/1801 1857/2321/1802
f 1958/2255/1765 1857/2321/1802 1852/2322/1803
f 1863/2320/1801 1865/2323/1387 1857/2321/1802
f 1857/2321/1802 1865/2323/1387 1834/2324/1387
f 1834/2324/1387 1865/2323/1387 1960/2271/1387
f 1834/2324/1387 1960/2271/1387 1821/2316/1387
f 1865/2323/1387 1905/2270/1387 1960/2271/1387
f 1768/2313/1799 1958/2255/1765 1787/2325/1804
f 1787/2325/1804 1958/2255/1765 1852/2322/1803
f 1787/2325/1804 1852/2322/1803 1846/2326/1805
f 1846/2326/1805 1805/2327/1806 1787/2325/1804
f 1570/2299/1789 1583/2273/1775 1219/2272/1774
f 1583/2273/1775 1581/2295/1785 1612/2274/1776
f 1359/2328/1807 1358/2307/1796 1382/2329/1808
f 1382/2329/1808 1358/2307/1796 1458/2306/1795
f 1382/2329/1808 1458/2306/1795 1414/2309/1387
f 1364/2278/1387 1411/2330/1387 1460/2301/1791
f 1460/2301/1791 1411/2330/1387 1433/2308/1387
f 1267/2331/1809 1269/2332/1810 1266/2333/249
f 1266/2333/249 1269/2332/1810 1268/2334/1811
f 1267/2335/1812 1266/2336/1813 1290/2337/1814
f 1290/2337/1814 1266/2336/1813 1289/2338/1815
f 1318/73/1816 1312/2339/1817 1289/2340/1815
f 1289/2340/1815 1312/2339/1817 1290/2341/1814
f 1263/2342/1779 1265/2343/1793 1264/2344/249
f 1250/2345/1777 1263/2346/1779 1249/2347/1818
f 1250/2348/1819 1249/2349/1819 1252/2350/1819
f 1252/2350/1819 1249/2349/1819 1251/2351/1819
f 1304/73/1820 1305/2352/1784 1317/2353/1821
f 1317/2353/1821 1305/2352/1784 1323/2354/1822
f 1317/2353/1821 1323/2354/1822 1327/2355/1823
f 1327/2355/1823 1323/2354/1822 1325/2356/1824
f 1327/2355/1823 1325/2356/1824 1324/2357/1825
f 1324/2357/1825 1325/2356/1824 1297/2358/1826
f 1324/2357/1825 1297/2358/1826 1296/2359/1827
f 1296/2359/1827 1297/2358/1826 1252/2360/1828
f 1296/2359/1827 1252/2360/1828 1251/2361/1829
f 1314/1920/1783 1305/2362/1784 1313/73/1830
f 1313/73/1830 1305/2362/1784 1304/2363/1820
f 1343/2364/1781 1314/2365/1783 1313/2366/1830
f 1320/2367/1780 1343/2368/1781 1319/2369/1831
f 1272/73/1832 1273/2370/1794 1291/2371/1833
f 1291/2371/1833 1273/2370/1794 1302/2372/1834
f 1291/2371/1833 1302/2372/1834 1319/2373/1831
f 1319/2373/1831 1302/2372/1834 1320/2374/1780
f 1265/1920/1793 1273/2375/1794 1264/73/1835
f 1264/73/1835 1273/2375/1794 1272/2376/1832
f 1268/73/1811 1269/1920/1810 1299/2377/1836
f 1268/73/1811 1299/2377/1836 1298/2378/1837
f 1298/2378/1837 1299/2377/1836 1315/2379/1838
f 1298/2378/1837 1315/2379/1838 1318/2380/1816
f 1318/2380/1816 1315/2379/1838 1312/2381/1817
f 1263/2382/1839 1264/2383/1840 1249/2384/1841
f 1249/2384/1841 1264/2383/1840 1251/2385/1387
f 1251/2385/1387 1264/2383/1840 1266/2386/1387
f 1251/2385/1387 1266/2386/1387 1268/2387/1387
f 1264/2383/1840 1272/2388/1387 1266/2386/1387
f 1266/2386/1387 1272/2388/1387 1289/2389/1387
f 1272/2388/1387 1291/2390/1387 1289/2389/1387
f 1289/2389/1387 1291/2390/1387 1304/2391/1387
f 1289/2389/1387 1304/2391/1387 1317/2392/1387
f 1289/2389/1387 1317/2392/1387 1318/2393/1387
f 1318/2393/1387 1317/2392/1387 1327/2394/1387
f 1318/2393/1387 1327/2394/1387 1324/2395/1387
f 1304/2391/1387 1291/2390/1387 1313/2396/1842
f 1313/2396/1842 1291/2390/1387 1319/2397/1843
f 1313/2396/1842 1319/2397/1843 1343/2398/1844
f 1318/2393/1387 1324/2395/1387 1298/2399/1387
f 1298/2399/1387 1324/2395/1387 1296/2400/1387
f 1298/2399/1387 1296/2400/1387 1268/2387/1387
f 1268/2387/1387 1296/2400/1387 1251/2385/1387
f 1361/2401/1845 1363/2402/1846 1360/2403/249
f 1360/2403/249 1363/2402/1846 1362/2404/1847
f 1361/2405/1848 1360/2406/1849 1384/2407/1850
f 1384/2407/1850 1360/2406/1849 1383/2408/1851
f 1379/2409/1852 1380/2410/1853 1407/2411/1854
f 1379/2409/1852 1407/2411/1854 1406/2412/1855
f 1406/2412/1855 1407/2411/1854 1384/2413/1850
f 1406/2412/1855 1384/2413/1850 1383/2414/1851
f 1351/2415/1782 1358/2416/1796 1350/2417/1818
f 1351/2348/1819 1350/2349/1819 1353/2350/1856
f 1353/2350/1856 1350/2349/1819 1352/2351/1857
f 1378/2418/1858 1364/2419/1859 1352/2420/1857
f 1352/2420/1857 1364/2419/1859 1353/2421/1856
f 1359/2422/1807 1382/2423/1808 1381/2424/1860
f 1381/2424/1860 1382/2423/1808 1414/2425/1861
f 1381/2424/1860 1414/2425/1861 1413/2426/1862
f 1413/2426/1862 1414/2425/1861 1433/2427/1863
f 1413/2426/1862 1433/2427/1863 1432/2428/1864
f 1432/2428/1864 1433/2427/1863 1411/2429/1865
f 1432/2428/1864 1411/2429/1865 1410/2430/1866
f 1410/2430/1866 1411/2429/1865 1364/2431/1859
f 1410/2430/1866 1364/2431/1859 1378/2432/1858
f 1362/2433/1847 1363/2434/1846 1380/2435/1853
f 1362/2433/1847 1380/2435/1853 1379/2436/1852
f 1358/2437/1796 1359/2438/1807 1350/2439/1867
f 1350/2439/1867 1359/2438/1807 1360/2440/1868
f 1350/2439/1867 1360/2440/1868 1352/2441/1387
f 1352/2441/1387 1360/2440/1868 1362/2442/1387
f 1352/2441/1387 1362/2442/1387 1378/2443/1387
f 1378/2443/1387 1362/2442/1387 1379/2444/1387
f 1359/2438/1807 1381/2445/1869 1360/2440/1868
f 1360/2440/1868 1381/2445/1869 1383/2446/1387
f 1383/2446/1387 1381/2445/1869 1413/2447/1387
f 1383/2446/1387 1413/2447/1387 1406/2448/1387
f 1406/2448/1387 1413/2447/1387 1432/2449/1387
f 1406/2448/1387 1432/2449/1387 1410/2450/1387
f 1406/2448/1387 1410/2450/1387 1379/2444/1387
f 1379/2444/1387 1410/2450/1387 1378/2443/1387
f 1543/2451/1818 1542/2452/1818 1458/2453/1818
f 1458/2453/1818 1542/2452/1818 1457/2454/1818
f 1458/2348/1819 1457/2349/1819 1460/2350/1819
f 1460/2350/1819 1457/2349/1819 1459/2351/1819
f 1460/2455/1870 1459/2454/1871 1467/2456/1790
f 1543/2457/249 1544/2458/1788 1542/2459/1872
f 1459/2460/1871 1457/2461/1873 1466/2462/1797
f 1466/2462/1797 1457/2461/1873 1542/2463/1872
f 1466/2462/1797 1542/2463/1872 1544/2464/1788
f 1466/2462/1797 1467/2465/1790 1459/2460/1871
f 1569/2466/1786 1581/2467/1785 1568/2468/1818
f 1569/2348/1819 1568/2349/1874 1570/2469/1875
f 1583/2470/1775 1570/2471/1789 1582/2472/1870
f 1581/2473/1785 1583/2474/1775 1582/2475/249
f 1581/2476/1876 1582/2477/1877 1568/2478/1874
f 1568/2478/1874 1582/2477/1877 1570/2479/1875
f 1638/2480/249 1639/2481/1878 1637/2482/1879
f 1638/2483/1880 1637/2484/1881 1677/2485/1882
f 1677/2485/1882 1637/2484/1881 1676/2486/1883
f 1720/73/1884 1700/2487/1885 1676/2488/1883
f 1676/2488/1883 1700/2487/1885 1677/2489/1882
f 1610/2348/1819 1609/2349/1819 1612/2350/1819
f 1612/2350/1819 1609/2349/1819 1611/2351/1819
f 1610/1920/1886 1679/2490/1887 1609/73/1888
f 1609/73/1888 1679/2490/1887 1678/2491/1889
f 1678/2491/1889 1679/2490/1887 1730/2492/1890
f 1678/2491/1889 1730/2492/1890 1729/2493/1891
f 1729/2493/1891 1730/2492/1890 1745/2494/1892
f 1729/2493/1891 1745/2494/1892 1744/2495/1893
f 1744/2495/1893 1745/2494/1892 1743/2496/1894
f 1744/2495/1893 1743/2496/1894 1742/2497/1895
f 1742/2497/1895 1743/2496/1894 1702/2498/1896
f 1742/2497/1895 1702/2498/1896 1701/2499/1897
f 1701/2499/1897 1702/2498/1896 1612/2500/1898
f 1701/2499/1897 1612/2500/1898 1611/2501/1899
f 1639/2502/1900 1675/2503/1901 1674/2504/1902
f 1674/2504/1902 1675/2503/1901 1726/2505/1903
f 1674/2504/1902 1726/2505/1903 1725/2506/1904
f 1725/2506/1904 1726/2505/1903 1732/2507/1905
f 1725/2506/1904 1732/2507/1905 1736/2508/1906
f 1736/2508/1906 1732/2507/1905 1720/2509/1884
f 1720/2509/1884 1732/2507/1905 1700/2510/1885
f 1609/2511/1907 1639/2512/1878 1611/2513/1908
f 1611/2513/1908 1639/2512/1878 1674/2514/1909
f 1611/2513/1908 1674/2514/1909 1701/2515/1387
f 1701/2515/1387 1674/2514/1909 1725/2516/1387
f 1701/2515/1387 1725/2516/1387 1742/2517/1387
f 1742/2517/1387 1725/2516/1387 1736/2518/1387
f 1742/2517/1387 1736/2518/1387 1744/2519/1387
f 1744/2519/1387 1736/2518/1387 1720/2520/1387
f 1744/2519/1387 1720/2520/1387 1729/2521/1387
f 1729/2521/1387 1720/2520/1387 1676/2522/1387
f 1729/2521/1387 1676/2522/1387 1678/2523/1387
f 1639/2512/1878 1609/2511/1907 1637/2524/1879
f 1637/2524/1879 1609/2511/1907 1678/2523/1387
f 1637/2524/1879 1678/2523/1387 1676/2522/1387
f 1810/2525/1910 1809/2526/1911 1839/2527/1912
f 1817/2528/1913 1827/2529/1914 1839/2530/1915
f 1768/2531/1799 1787/2532/1804 1767/2533/1818
f 1768/2534/1916 1767/2535/1916 1821/2536/1916
f 1821/2536/1916 1767/2535/1916 1820/2537/1916
f 1821/2538/1870 1820/2539/1870 1834/2540/1870
f 1834/2540/1870 1820/2539/1870 1833/2541/1870
f 1857/2542/1917 1834/2543/1917 1856/2544/1917
f 1856/2544/1917 1834/2543/1917 1833/2545/1917
f 1857/2546/1818 1856/2547/1918 1852/2548/1919
f 1846/2549/1805 1852/2550/1803 1845/2551/1920
f 1846/2552/1818 1845/2553/1921 1805/2554/1806
f 1809/73/1911 1810/2555/1910 1817/2556/1913
f 1817/2556/1913 1810/2555/1910 1827/2557/1914
f 1787/2558/1804 1805/2559/1806 1767/2560/1922
f 1767/2560/1922 1805/2559/1806 1809/2561/1911
f 1767/2560/1922 1809/2561/1911 1820/2562/1387
f 1820/2562/1387 1809/2561/1911 1817/2563/1923
f 1809/2561/1911 1805/2559/1806 1839/2564/1912
f 1839/2564/1912 1805/2559/1806 1845/2565/1921
f 1839/2564/1912 1845/2565/1921 1856/2566/1918
f 1856/2566/1918 1845/2565/1921 1852/2567/1919
f 1856/2566/1918 1833/2568/1924 1839/2564/1912
f 1839/2564/1912 1833/2568/1924 1817/2563/1923
f 1817/2563/1923 1833/2568/1924 1820/2562/1387
f 1882/2331/1809 1884/2332/1810 1881/2333/249
f 1881/2333/249 1884/2332/1810 1883/2334/1811
f 1882/2569/1812 1881/2570/1813 1901/2571/1814
f 1901/2571/1814 1881/2570/1813 1900/2572/1815
f 1930/73/1816 1921/2573/1925 1900/2574/1815
f 1900/2574/1815 1921/2573/1925 1901/2341/1814
f 1878/2575/1768 1880/2343/1800 1879/2344/249
f 1863/2576/1801 1878/2577/1768 1862/2578/1818
f 1863/2348/1819 1862/2349/1819 1865/2350/1819
f 1865/2350/1819 1862/2349/1819 1864/2351/1819
f 1918/73/1926 1919/2579/1773 1929/2580/1927
f 1929/2580/1927 1919/2579/1773 1933/2581/1928
f 1929/2580/1927 1933/2581/1928 1941/2582/1929
f 1941/2582/1929 1933/2581/1928 1939/2583/1824
f 1941/2582/1929 1939/2583/1824 1938/2357/1930
f 1938/2357/1930 1939/2583/1824 1905/2584/1826
f 1938/2357/1930 1905/2584/1826 1904/2585/1827
f 1904/2585/1827 1905/2584/1826 1865/2360/1931
f 1904/2585/1827 1865/2360/1931 1864/2361/1829
f 1922/2586/1932 1923/2587/1772 1919/2588/1773
f 1922/2586/1932 1919/2588/1773 1918/2589/1926
f 1922/2590/1932 1942/2591/1933 1923/2592/1772
f 1932/2593/1767 1942/2594/1766 1931/2595/1934
f 1890/73/1832 1891/2596/1794 1902/2597/1833
f 1902/2597/1833 1891/2596/1794 1915/2598/1935
f 1902/2597/1833 1915/2598/1935 1931/2599/1934
f 1931/2599/1934 1915/2598/1935 1932/2374/1767
f 1880/1920/1800 1891/2600/1794 1879/73/1835
f 1879/73/1835 1891/2600/1794 1890/2601/1832
f 1883/2602/1811 1884/2603/1810 1912/2604/1936
f 1883/2602/1811 1912/2604/1936 1911/2605/1837
f 1911/2605/1837 1912/2604/1936 1924/2606/1937
f 1911/2605/1837 1924/2606/1937 1930/2607/1816
f 1930/2607/1816 1924/2606/1937 1921/2381/1925
f 1878/2608/1938 1879/2609/1939 1862/2610/1940
f 1862/2610/1940 1879/2609/1939 1864/2611/1387
f 1864/2611/1387 1879/2609/1939 1881/2612/1387
f 1864/2611/1387 1881/2612/1387 1883/2613/1387
f 1879/2609/1939 1890/2614/1387 1881/2612/1387
f 1881/2612/1387 1890/2614/1387 1900/2615/1387
f 1890/2614/1387 1902/2616/1387 1900/2615/1387
f 1900/2615/1387 1902/2616/1387 1918/2617/1387
f 1900/2615/1387 1918/2617/1387 1929/2618/1387
f 1900/2615/1387 1929/2618/1387 1930/2619/1387
f 1930/2619/1387 1929/2618/1387 1941/2620/1387
f 1930/2619/1387 1941/2620/1387 1938/2621/1387
f 1918/2617/1387 1902/2616/1387 1922/2622/1932
f 1922/2622/1932 1902/2616/1387 1931/2623/1941
f 1922/2622/1932 1931/2623/1941 1942/2624/1933
f 1930/2619/1387 1938/2621/1387 1911/2625/1387
f 1911/2625/1387 1938/2621/1387 1904/2626/1387
f 1911/2625/1387 1904/2626/1387 1883/2613/1387
f 1883/2613/1387 1904/2626/1387 1864/2611/1387
f 1269/2627/1810 1267/2628/1809 1290/2629/1814
f 1269/2627/1810 1290/2629/1814 1299/2630/1836
f 1299/2630/1836 1290/2629/1814 1315/2631/1838
f 1315/2631/1838 1290/2629/1814 1312/2632/1817
f 1363/2633/1846 1361/2634/1845 1384/2635/1850
f 1363/2633/1846 1384/2635/1850 1380/2636/1853
f 1380/2636/1853 1384/2635/1850 1407/2637/1854
f 1639/2638/1900 1638/2639/1942 1675/2640/1901
f 1675/2640/1901 1638/2639/1942 1677/2641/1387
f 1675/2640/1901 1677/2641/1387 1700/2642/1885
f 1675/2640/1901 1700/2642/1885 1726/2643/1387
f 1726/2643/1387 1700/2642/1885 1732/2644/1905
f 1839/2645/1915 1827/2646/1914 1810/2647/1910
f 1884/2648/1810 1882/2649/1809 1901/2650/1814
f 1884/2648/1810 1901/2650/1814 1912/2651/1936
f 1912/2651/1936 1901/2650/1814 1924/2652/1937
f 1924/2652/1937 1901/2650/1814 1921/2653/1925
f 933/2654/768 980/2655/801 1012/2656/766
f 923/1662/1943 916/1663/1944 993/1664/1945
f 477/2657/1946 723/1692/1947 461/2658/1377
f 461/2658/1377 462/1690/1379 477/2657/1946
f 723/1695/1948 730/1693/1376 461/2659/1377
f 731/1662/1381 477/2660/1949 462/1664/1950
f 477/1695/1949 731/1693/1381 725/2661/1382
f 916/1695/1944 923/1693/1943 919/2662/1951
f 919/2662/1951 923/1693/1943 829/2663/1952
f 730/1662/1376 723/2664/1948 729/1664/1953
f 723/2665/1947 916/1692/1368 919/2666/1954
f 829/2667/1374 729/1690/1373 919/2666/1954
f 919/2666/1954 729/1690/1373 723/2665/1947
f 917/2668/1369 477/1692/1946 725/2669/1382
f 725/2669/1382 925/1690/1384 917/2668/1369
f 924/2670/1370 917/2671/1371 925/2672/1955
f 723/2673/1947 477/2674/1946 916/2675/1368
f 916/2675/1368 477/2674/1946 917/2676/1369
f 3042/2677/674 3013/2678/743 2790/2679/672
f 2248/2677/634 2227/2678/725 2179/2679/632
f 143/2677/594 191/2678/707 343/2680/592
f 724/1689/1364 922/1690/1352 915/1691/1956
f 915/1691/1956 476/1692/1957 724/1689/1364
f 728/1693/1363 724/1694/1364 476/1695/1958
f 2216/1689/1346 2217/1690/1334 2235/1691/1959
f 2235/1691/1959 2275/1692/1960 2216/1689/1346
f 2280/1693/1345 2216/2681/1346 2275/1695/1948
f 2473/1689/1328 2283/1690/1316 2276/1691/1961
f 2276/1691/1961 2470/1692/1962 2473/1689/1328
f 2477/1693/1327 2473/1694/1328 2470/1695/1963
f 2180/2667/1314 2218/1690/1313 2236/2682/1964
f 2236/2682/1964 2218/1690/1313 2237/2683/1965
f 2237/2683/1965 2276/1692/1961 2236/2682/1964
f 2276/1695/1310 2284/1693/1309 2236/2684/1966
f 2236/2684/1966 2284/1693/1309 2180/2663/1967
f 2285/1662/1317 2237/2685/1958 2218/1664/1968
f 2477/2670/1327 2470/2671/1963 2789/2672/1969
f 2478/1662/1322 2471/2686/1970 2479/1664/1971
f 2471/2657/1972 2237/1692/1965 2278/2658/1318
f 2278/2658/1318 2479/1690/1320 2471/2657/1972
f 2237/1695/1958 2285/1693/1317 2278/2659/1318
f 2470/2668/1962 2471/1692/1972 2592/2669/1323
f 2592/2669/1323 2789/1690/1325 2470/2668/1962
f 2471/1695/1970 2478/1693/1322 2592/2661/1323
f 2282/2667/1332 2476/1690/1331 2277/2666/1973
f 2277/2666/1973 2476/1690/1331 2469/2665/1974
f 2469/2665/1974 2235/1692/1959 2277/2666/1973
f 2235/1695/1307 2281/1693/1306 2277/2662/1975
f 2277/2662/1975 2281/1693/1306 2282/2663/1976
f 2475/1662/1335 2469/2664/1371 2476/1664/1955
f 2280/2670/1345 2275/2671/1948 2279/2672/1953
f 2474/1662/1340 2468/2687/1977 2788/1664/1978
f 2468/2657/1979 2469/1692/1974 2591/2658/1336
f 2591/2658/1336 2788/1690/1338 2468/2657/1979
f 2469/1695/1371 2475/1693/1335 2591/2659/1336
f 2275/2668/1960 2468/1692/1979 2472/2669/1341
f 2472/2669/1341 2279/1690/1343 2275/2668/1960
f 2468/1695/1977 2474/1693/1340 2472/2661/1341
f 992/2667/1350 991/1690/1349 941/2666/1980
f 941/2666/1980 991/1690/1349 914/2665/1981
f 914/2665/1981 915/1692/1956 941/2666/1980
f 915/1695/1304 921/1693/1303 941/2662/1982
f 941/2662/1982 921/1693/1303 992/2663/1983
f 920/1662/1353 914/2664/1963 991/1664/1969
f 728/2670/1363 476/2688/1958 460/2672/1968
f 727/1662/1358 722/2686/1984 726/1664/1985
f 722/2657/1986 914/1692/1981 918/2658/1354
f 918/2658/1354 726/1690/1356 722/2657/1986
f 914/1695/1963 920/1693/1353 918/2659/1354
f 476/2668/1957 722/1692/1986 459/2669/1359
f 459/2669/1359 460/1690/1361 476/2668/1957
f 722/1695/1984 727/1693/1358 459/2661/1359
f 2237/2673/1965 2471/2674/1972 2276/2675/1961
f 2276/2675/1961 2471/2674/1972 2470/2676/1962
f 2469/2673/1974 2468/2674/1979 2235/2675/1959
f 2235/2675/1959 2468/2674/1979 2275/2676/1960
f 914/2673/1981 722/2674/1986 915/2675/1956
f 915/2675/1956 722/2674/1986 476/2676/1957
f 2152/2689/1075 2155/2690/1490 2254/2691/1414
f 3178/2692/1476 3185/2693/1400 3182/2694/1410
f 3178/2692/1476 3182/2694/1410 3146/2695/1482
f 3146/2695/1482 3182/2694/1410 3176/2696/1415
f 3146/2695/1482 3176/2696/1415 3158/2697/1416
f 3146/2695/1482 3158/2697/1416 3102/2698/1485
f 3102/2698/1485 3158/2697/1416 3110/2699/1412
f 3102/2698/1485 3110/2699/1412 2606/2700/1487
f 2606/2700/1487 3110/2699/1412 3054/2701/1411
f 2606/2700/1487 3054/2701/1411 2613/2702/1413
f 2606/2700/1487 2613/2702/1413 2155/2690/1490
f 2155/2690/1490 2613/2702/1413 2254/2691/1414
f 953/2703/1498 2155/2704/1490 2152/2705/1075
f 953/2703/1498 2152/2705/1075 1053/2706/1073
f 3184/2707/1398 3185/2708/1400 3178/2709/1476
f 3184/2707/1398 3178/2709/1476 3179/2710/1468
f 3/2711/1402 10/2712/1432 5/2713/1428
f 953/2714/1498 1053/2715/1073 947/2716/1424
f 953/2714/1498 947/2716/1424 146/2717/1504
f 146/2717/1504 947/2716/1424 585/2718/1429
f 146/2717/1504 585/2718/1429 125/2719/1430
f 146/2717/1504 125/2719/1430 90/2720/1507
f 90/2720/1507 125/2719/1430 77/2721/1426
f 90/2720/1507 77/2721/1426 15/2722/1509
f 15/2722/1509 77/2721/1426 40/2723/1425
f 15/2722/1509 40/2723/1425 11/2724/1427
f 15/2722/1509 11/2724/1427 10/2712/1432
f 10/2712/1432 11/2724/1427 5/2713/1428
f 2153/2725/1389 2255/2726/1403 2154/2727/1454
f 3183/2728/1404 3184/2729/1398 3179/2730/1468
f 3183/2728/1404 3179/2730/1468 3177/2731/1405
f 3177/2731/1405 3179/2730/1468 3175/2732/1466
f 3177/2731/1405 3175/2732/1466 3159/2733/1409
f 3159/2733/1409 3175/2732/1466 3103/2734/1463
f 3159/2733/1409 3103/2734/1463 3111/2735/1406
f 3111/2735/1406 3103/2734/1463 3055/2736/1408
f 3055/2736/1408 3103/2734/1463 2607/2737/1460
f 3055/2736/1408 2607/2737/1460 2614/2738/1407
f 2614/2738/1407 2607/2737/1460 2255/2726/1403
f 2255/2726/1403 2607/2737/1460 2154/2727/1454
f 9/2739/1431 10/2704/1432 3/2740/1402
f 9/2739/1431 3/2740/1402 4/2741/1401
f 1054/2742/1391 2153/2743/1389 2154/2744/1454
f 1054/2742/1391 2154/2744/1454 954/2710/1446
f 1054/2745/1391 954/2746/1446 948/2747/1421
f 9/2748/1431 4/2749/1401 6/2750/1417
f 9/2748/1431 6/2750/1417 16/2751/1438
f 16/2751/1438 6/2750/1417 12/2752/1422
f 16/2751/1438 12/2752/1422 23/2753/1423
f 16/2751/1438 23/2753/1423 91/2754/1441
f 91/2754/1441 23/2753/1423 78/2755/1419
f 91/2754/1441 78/2755/1419 147/2756/1443
f 147/2756/1443 78/2755/1419 139/2757/1418
f 147/2756/1443 139/2757/1418 586/2758/1420
f 147/2756/1443 586/2758/1420 954/2746/1446
f 954/2746/1446 586/2758/1420 948/2747/1421
f 1488/2759/1713 1501/2760/1714 1502/2761/1715
f 1687/2762/1716 1686/2763/1711 1703/2764/1712
f 1830/2765/1002 1826/2766/1001 1818/2767/1987
f 1830/2765/1002 1818/2767/1987 1828/2768/1988
f 1828/2768/1988 1829/2769/249 1830/2765/1002
f 1390/2770/1819 1389/2771/1989 1391/2772/995
f 1391/2772/995 1389/2771/1989 1392/2773/1990
f 1391/2772/995 1392/2773/1990 1393/2774/993
f 1822/2775/1026 1823/2776/1991 1394/2777/1026
f 1394/2777/1026 1823/2776/1991 1395/2778/1992
f 1395/2778/1992 1823/2776/1991 1589/2779/1993
f 1395/2778/1992 1589/2779/1993 1536/2780/1994
f 2147/2781/1995 2059/2782/1996 1823/2776/1991
f 1823/2776/1991 2059/2782/1996 2031/2783/1997
f 2147/2781/1995 2133/2784/1998 2092/2785/1999
f 2147/2781/1995 2223/2786/1152 2133/2784/1998
f 2223/2786/1152 2147/2781/1995 2257/2787/2000
f 2257/2787/2000 2147/2781/1995 2266/2788/2001
f 2273/2789/2002 2257/2787/2000 2266/2788/2001
f 2133/2784/1998 2223/2786/1152 2141/2790/2003
f 2141/2790/2003 2223/2786/1152 2190/2791/2004
f 2141/2790/2003 2190/2791/2004 2134/2792/2005
f 2134/2792/2005 2190/2791/2004 2186/2793/2006
f 2134/2792/2005 2186/2793/2006 2209/2794/2007
f 2134/2792/2005 2209/2794/2007 2115/2795/2008
f 2115/2795/2008 2209/2794/2007 2239/2796/1026
f 2115/2795/2008 2239/2796/1026 2073/2797/2009
f 2073/2797/2009 2239/2796/1026 2316/2798/1026
f 2073/2797/2009 2316/2798/1026 2600/2799/1026
f 2073/2797/2009 2600/2799/1026 2858/2800/1026
f 2073/2797/2009 2858/2800/1026 3147/2801/316
f 3147/2801/316 2858/2800/1026 3067/2802/2010
f 3147/2801/316 3067/2802/2010 3084/2803/1066
f 3147/2801/316 3084/2803/1066 3118/2804/340
f 3118/2804/340 3137/2805/317 3147/2801/316
f 3147/2801/316 3150/2806/2011 2073/2797/2009
f 2073/2797/2009 3150/2806/2011 3088/2807/2012
f 2073/2797/2009 3088/2807/2012 3069/2808/2013
f 3150/2806/2011 3123/2809/1062 3088/2807/2012
f 3069/2808/2013 3052/2810/1060 2073/2797/2009
f 2073/2797/2009 3052/2810/1060 3053/2811/1059
f 2073/2797/2009 3053/2811/1059 2074/2812/2014
f 2074/2812/2014 3053/2811/1059 3070/2813/1058
f 2074/2812/2014 3070/2813/1058 3089/2814/2015
f 2074/2812/2014 3089/2814/2015 3151/2815/2016
f 3151/2815/2016 3089/2814/2015 3124/2816/2017
f 3151/2815/2016 3148/2817/2018 2074/2812/2014
f 2074/2812/2014 3148/2817/2018 2859/2818/1026
f 2074/2812/2014 2859/2818/1026 2601/2819/1026
f 2859/2818/1026 3148/2817/2018 3068/2820/1026
f 3068/2820/1026 3148/2817/2018 3085/2821/295
f 3085/2821/295 3148/2817/2018 3119/2822/2019
f 3119/2822/2019 3148/2817/2018 3138/2823/2020
f 2074/2812/2014 2601/2819/1026 2317/2824/1026
f 2074/2812/2014 2317/2824/1026 2240/2825/1026
f 2074/2812/2014 2240/2825/1026 2116/2826/1208
f 2116/2826/1208 2240/2825/1026 2210/2827/2021
f 2116/2826/1208 2210/2827/2021 2135/2828/2022
f 2135/2828/2022 2210/2827/2021 2187/2829/311
f 2135/2828/2022 2187/2829/311 2191/2830/310
f 2135/2828/2022 2191/2830/310 2142/2831/1206
f 2142/2831/1206 2191/2830/310 2224/2832/2023
f 2142/2831/1206 2224/2832/2023 2136/2833/2024
f 2136/2833/2024 2224/2832/2023 2148/2834/2025
f 2136/2833/2024 2148/2834/2025 2093/2835/2026
f 2093/2835/2026 2148/2834/2025 2062/2836/2027
f 2062/2836/2027 2148/2834/2025 997/2837/2028
f 2062/2836/2027 997/2837/2028 1140/2838/2029
f 1140/2838/2029 997/2837/2028 1086/2839/2030
f 1086/2839/2030 997/2837/2028 1061/2840/1212
f 1061/2840/1212 997/2837/2028 984/2841/2031
f 1061/2840/1212 984/2841/2031 1057/2842/2032
f 1057/2842/2032 984/2841/2031 1020/2843/2033
f 1057/2842/2032 1020/2843/2033 1060/2844/2034
f 1060/2844/2034 1020/2843/2033 1022/2845/282
f 1060/2844/2034 1022/2845/282 1004/2846/281
f 1060/2844/2034 1004/2846/281 1085/2847/2035
f 1085/2847/2035 1004/2846/281 969/2848/1026
f 1085/2847/2035 969/2848/1026 1114/2849/2036
f 1114/2849/2036 969/2848/1026 891/2850/1026
f 1114/2849/2036 891/2850/1026 602/2851/1026
f 1114/2849/2036 602/2851/1026 338/2852/1026
f 1114/2849/2036 338/2852/1026 38/2853/2037
f 38/2853/2037 338/2852/1026 127/2854/2038
f 38/2853/2037 127/2854/2038 95/2855/294
f 38/2853/2037 95/2855/294 65/2856/1041
f 65/2856/1041 95/2855/294 75/2857/1042
f 2148/2834/2025 2224/2832/2023 2214/2858/1049
f 2214/2858/1049 2224/2832/2023 2258/2859/315
f 2214/2858/1049 2258/2859/315 2267/2860/1050
f 2267/2860/1050 2258/2859/315 2274/2861/1051
f 984/2841/2031 997/2837/2028 932/2862/274
f 932/2862/274 997/2837/2028 967/2863/1045
f 932/2862/274 967/2863/1045 938/2864/1044
f 889/2865/2039 932/2862/274 938/2864/1044
f 38/2853/2037 37/2866/2040 1114/2849/2036
f 1114/2849/2036 37/2866/2040 110/2867/2041
f 1114/2849/2036 110/2867/2041 121/2868/2042
f 37/2866/2040 63/2869/1035 110/2867/2041
f 121/2868/2042 138/2870/1033 1114/2849/2036
f 1114/2849/2036 138/2870/1033 144/2871/1032
f 1114/2849/2036 144/2871/1032 1113/2872/2043
f 1113/2872/2043 144/2871/1032 120/2873/1031
f 1113/2872/2043 120/2873/1031 109/2874/2044
f 1113/2872/2043 109/2874/2044 36/2875/2045
f 36/2875/2045 109/2874/2044 62/2876/2046
f 36/2875/2045 35/2877/2047 1113/2872/2043
f 1113/2872/2043 35/2877/2047 337/2878/1026
f 1113/2872/2043 337/2878/1026 601/2879/1026
f 337/2878/1026 35/2877/2047 126/2880/1026
f 126/2880/1026 35/2877/2047 94/2881/271
f 94/2881/271 35/2877/2047 44/2882/1023
f 94/2881/271 44/2882/1023 64/2883/1021
f 64/2883/1021 74/2884/272 94/2881/271
f 1113/2872/2043 601/2879/1026 890/2885/1026
f 1113/2872/2043 890/2885/1026 968/2886/1026
f 1113/2872/2043 968/2886/1026 1084/2887/2048
f 1084/2887/2048 968/2886/1026 1003/2888/2049
f 1084/2887/2048 1003/2888/2049 1059/2889/2050
f 1059/2889/2050 1003/2888/2049 1021/2890/2051
f 1059/2889/2050 1021/2890/2051 1019/2891/2052
f 1059/2889/2050 1019/2891/2052 1056/2892/2053
f 1056/2892/2053 1019/2891/2052 983/2893/2054
f 1056/2892/2053 983/2893/2054 1058/2894/2055
f 1058/2894/2055 983/2893/2054 1033/2895/2056
f 1058/2894/2055 1033/2895/2056 1083/2896/2057
f 1083/2896/2057 1033/2895/2056 1139/2897/2058
f 1139/2897/2058 1033/2895/2056 1395/2778/1992
f 1139/2897/2058 1395/2778/1992 1158/2898/2059
f 1158/2898/2059 1395/2778/1992 1170/2899/1026
f 1170/2899/1026 1395/2778/1992 1159/2900/2060
f 1159/2900/2060 1395/2778/1992 1536/2780/1994
f 1159/2900/2060 1536/2780/1994 1113/2872/2043
f 1159/2900/2060 1113/2872/2043 1112/2901/2061
f 1112/2901/2061 1113/2872/2043 1084/2887/2048
f 1033/2895/2056 983/2893/2054 966/2902/1011
f 966/2902/1011 983/2893/2054 931/2903/1015
f 966/2902/1011 931/2903/1015 937/2904/1012
f 937/2904/1012 931/2903/1015 888/2905/1014
f 1113/2872/2043 1536/2780/1994 1656/2906/2062
f 1589/2779/1993 1823/2776/1991 1656/2906/2062
f 1656/2906/2062 1823/2776/1991 2032/2907/2063
f 2074/2812/2014 2061/2908/2064 2033/2909/2065
f 2115/2795/2008 2073/2797/2009 2060/2910/2066
f 2060/2910/2066 2073/2797/2009 2032/2907/2063
f 2032/2907/2063 2073/2797/2009 1656/2906/2062
f 2073/2797/2009 1113/2872/2043 1656/2906/2062
f 1085/2847/2035 1114/2849/2036 1115/2911/1089
f 1115/2911/1089 1114/2849/2036 1160/2912/2067
f 1160/2912/2067 1114/2849/2036 2033/2909/2065
f 1160/2912/2067 2033/2909/2065 1171/2913/1090
f 1171/2913/1090 2033/2909/2065 2030/2914/1026
f 1171/2913/1090 2030/2914/1026 1161/2915/2068
f 1161/2915/2068 2030/2914/1026 2034/2916/2068
f 1161/2915/2068 2034/2916/2068 1140/2838/2029
f 1140/2838/2029 2034/2916/2068 2062/2836/2027
f 1114/2849/2036 2074/2812/2014 2033/2909/2065
f 2116/2826/1208 2061/2908/2064 2074/2812/2014
f 2092/2785/1999 2059/2782/1996 2147/2781/1995
f 2031/2783/1997 2029/2917/1026 1823/2776/1991
f 1823/2776/1991 2029/2917/1026 2032/2907/2063
f 2150/2918/1048 2243/2919/2069 2145/2920/2070
f 2150/2918/1048 2145/2920/2070 2151/2921/1047
f 2263/2922/344 2262/2923/343 2274/2924/1051
f 2274/2924/1051 2262/2923/343 2321/2925/2071
f 2274/2924/1051 2321/2925/2071 2267/2926/1050
f 2267/2926/1050 2321/2925/2071 2243/2927/2069
f 2267/2926/1050 2243/2927/2069 2150/2928/1048
f 3149/2929/2072 3156/2930/2073 3138/2931/2020
f 3138/2931/2020 3156/2930/2073 3142/2932/2074
f 3138/2931/2020 3142/2932/2074 3119/1225/2019
f 3119/1225/2019 3142/2932/2074 3121/2933/2075
f 3119/1225/2019 3121/2933/2075 3080/2934/296
f 3080/2934/296 3121/2933/2075 3078/2935/355
f 3160/2936/1052 3156/2937/2073 3149/2938/2072
f 3162/2939/2076 3156/2940/2073 3163/2941/2077
f 3163/2941/2077 3156/2940/2073 3160/2942/1052
f 3128/2943/2078 3126/2944/2079 3163/2945/2077
f 3163/2945/2077 3126/2944/2079 3162/2946/2076
f 3127/2947/1063 3125/2948/2080 3090/2949/1061
f 3090/2949/1061 3125/2948/2080 3094/2950/2081
f 3090/2949/1061 3094/2950/2081 3069/2951/2013
f 3069/2951/2013 3094/2950/2081 3072/2952/2082
f 3069/2951/2013 3072/2952/2082 3052/2953/1060
f 3052/2953/1060 3072/2952/2082 3057/2954/2083
f 3052/2953/1060 3057/2954/2083 3059/2955/1057
f 3059/2955/1057 3057/2954/2083 3058/2956/2084
f 3059/2955/1057 3058/2956/2084 3070/2957/1058
f 3070/2957/1058 3058/2956/2084 3073/2958/2085
f 3070/2957/1058 3073/2958/2085 3091/2959/1056
f 3091/2959/1056 3073/2958/2085 3095/2960/2086
f 3091/2959/1056 3095/2960/2086 3128/2961/2078
f 3128/2961/2078 3095/2960/2086 3126/2962/2079
f 3152/2963/1064 3161/2964/2087 3127/2965/1063
f 3127/2965/1063 3161/2964/2087 3125/2966/2080
f 3164/2967/2088 3161/2968/2087 3165/2969/1065
f 3165/2969/1065 3161/2968/2087 3152/2970/1064
f 3157/2971/338 3141/2972/337 3164/2973/2088
f 3157/2971/338 3164/2973/2088 3165/2974/1065
f 2259/2975/2089 2261/2976/2090 2225/2977/2091
f 2225/2977/2091 2261/2976/2090 2228/2978/2092
f 2225/2977/2091 2228/2978/2092 2192/2979/1071
f 2192/2979/1071 2228/2978/2092 2207/2980/2093
f 2192/2979/1071 2207/2980/2093 2197/2981/1068
f 2197/2981/1068 2207/2980/2093 2195/2982/2094
f 2197/2981/1068 2195/2982/2094 2211/2983/1069
f 2211/2983/1069 2195/2982/2094 2219/2984/2095
f 2211/2983/1069 2219/2984/2095 2241/2933/2096
f 2241/2933/2096 2219/2984/2095 2245/1225/2097
f 2241/2933/2096 2245/1225/2097 2318/2985/2098
f 2318/2985/2098 2245/1225/2097 2324/2986/2099
f 2318/2985/2098 2324/2986/2099 2602/2987/2100
f 2602/2987/2100 2324/2986/2099 2604/2988/2101
f 2602/2987/2100 2604/2988/2101 2854/2989/2102
f 2854/2989/2102 2604/2988/2101 2852/2990/2103
f 2854/2989/2102 2852/2990/2103 3062/2991/1067
f 3062/2991/1067 2852/2990/2103 3060/2992/2104
f 3062/2991/1067 3060/2992/2104 3079/2993/342
f 3079/2993/342 3060/2992/2104 3077/2994/341
f 2215/2995/2105 2144/2996/2106 2266/2997/2001
f 2266/2997/2001 2144/2996/2106 2269/2998/2107
f 2266/2997/2001 2269/2998/2107 2273/2999/2002
f 2273/2999/2002 2269/2998/2107 2320/3000/2108
f 2273/2999/2002 2320/3000/2108 2259/3001/2089
f 2259/3001/2089 2320/3000/2108 2261/3002/2090
f 2149/3003/1006 2144/3004/2106 2215/3005/2105
f 1829/3006/2109 2144/2940/2106 1830/3007/1002
f 1830/3007/1002 2144/2940/2106 2149/2942/1006
f 996/2967/2110 1390/3008/2111 1032/2969/1009
f 1032/2969/1009 1390/3008/2111 1391/3009/1010
f 964/3010/1008 934/3011/2112 996/3012/2110
f 964/3010/1008 996/3012/2110 1032/3013/1009
f 928/3014/1013 926/3015/2113 888/3016/1014
f 888/3016/1014 926/3015/2113 886/3017/2114
f 888/3016/1014 886/3017/2114 937/3018/1012
f 937/3018/1012 886/3017/2114 934/3019/2112
f 937/3018/1012 934/3019/2112 964/3020/1008
f 96/2975/273 97/2976/332 128/2977/2115
f 128/2977/2115 97/2976/332 133/2978/2116
f 128/2977/2115 133/2978/2116 339/2979/2117
f 339/2979/2117 133/2978/2116 349/2980/2118
f 339/2979/2117 349/2980/2118 599/2981/2119
f 599/2981/2119 349/2980/2118 597/2982/2120
f 599/2981/2119 597/2982/2120 882/2983/2121
f 882/2983/2121 597/2982/2120 880/2984/2122
f 882/2983/2121 880/2984/2122 961/2933/2123
f 961/2933/2123 880/2984/2122 959/1225/2124
f 961/2933/2123 959/1225/2124 989/2985/1020
f 989/2985/1020 959/1225/2124 987/2986/2125
f 989/2985/1020 987/2986/2125 1016/2987/1017
f 1016/2987/1017 987/2986/2125 1014/2988/2126
f 1016/2987/1017 1014/2988/2126 1007/2989/1018
f 1007/2989/1018 1014/2988/2126 1005/2990/2127
f 1007/2989/1018 1005/2990/2127 976/2991/1016
f 976/2991/1016 1005/2990/2127 974/2992/2128
f 976/2991/1016 974/2992/2128 928/2993/1013
f 928/2993/1013 974/2992/2128 926/2994/2113
f 30/3021/2129 26/3022/336 46/3023/335
f 27/2939/2130 26/2940/336 31/2941/2131
f 31/2941/2131 26/2940/336 30/2942/2129
f 57/3024/2132 55/3025/2133 31/3026/2131
f 31/3026/2131 55/3025/2133 27/3027/2130
f 58/3028/1036 56/3029/2134 106/3030/1034
f 106/3030/1034 56/3029/2134 104/3031/2135
f 106/3030/1034 104/3031/2135 121/3032/2042
f 121/3032/2042 104/3031/2135 119/3033/2136
f 121/3032/2042 119/3033/2136 138/3034/1033
f 138/3034/1033 119/3033/2136 136/3035/2137
f 138/3034/1033 136/3035/2137 137/3036/1030
f 137/3036/1030 136/3035/2137 135/3037/2138
f 137/3036/1030 135/3037/2138 120/3038/1031
f 120/3038/1031 135/3037/2138 118/3039/2139
f 120/3038/1031 118/3039/2139 105/3040/1029
f 105/3040/1029 118/3039/2139 103/3041/2140
f 105/3040/1029 103/3041/2140 57/3042/2132
f 57/3042/2132 103/3041/2140 55/3043/2133
f 32/3044/1037 28/3045/2141 58/3046/1036
f 58/3046/1036 28/3045/2141 56/3047/2134
f 29/2967/2142 28/2968/2141 33/2969/1039
f 33/2969/1039 28/2968/2141 32/2970/1037
f 34/3048/1038 45/3049/2143 29/3050/2142
f 34/3048/1038 29/3050/2142 33/3051/1039
f 99/3052/320 98/3053/319 75/1225/2144
f 75/1225/2144 98/3053/319 73/2933/2145
f 75/1225/2144 73/2933/2145 51/3054/1040
f 51/3054/1040 73/2933/2145 45/3055/2143
f 51/3054/1040 45/3055/2143 34/3056/1038
f 965/3057/1043 963/3058/2146 938/3059/1044
f 938/3059/1044 963/3058/2146 935/3060/2147
f 938/3059/1044 935/3060/2147 889/3061/2039
f 889/3061/2039 935/3060/2147 887/3062/2148
f 889/3061/2039 887/3062/2148 929/3063/275
f 929/3063/275 887/3062/2148 927/3064/331
f 2145/2967/2070 963/2940/2146 2151/2969/1047
f 2151/2969/1047 963/2940/2146 965/2942/1043
f 1116/3065/2149 2076/3066/2150 1117/3067/2151
f 1116/3065/2149 2075/3068/2152 2076/3066/2150
f 2074/3069/2153 1114/3070/2154 2076/3071/2150
f 2076/3071/2150 1114/3070/2154 1117/893/2151
f 1114/3072/2154 1113/3070/2155 1117/3073/2151
f 1117/3073/2151 1113/3070/2155 1116/893/2149
f 1113/3074/2155 2073/3075/2156 1116/824/2149
f 1116/824/2149 2073/3075/2156 2075/3076/2152
f 2073/3074/2156 2074/3077/2153 2075/824/2152
f 2075/824/2152 2074/3077/2153 2076/3078/2150
f 1656/2906/2062 1536/2780/1994 1589/2779/1993
f 1823/3079/1819 1822/3080/1819 1825/3081/1819
f 1825/3081/1819 1822/3080/1819 1824/3082/1819
f 1397/1226/249 1396/3083/249 1395/1227/249
f 1395/1227/249 1396/3083/249 1394/3084/249
f 2215/3085/2105 2147/3086/1005 2149/3087/1006
f 2259/3088/2089 2257/3089/2000 2273/3090/2002
f 2215/3091/2105 2266/3092/2001 2147/3093/1005
f 3062/3094/1067 3084/3095/1066 3067/3096/2157
f 3062/3094/1067 3067/3096/2157 2854/3097/2102
f 2854/3097/2102 3067/3096/2157 2858/3098/2158
f 2854/3097/2102 2858/3098/2158 2602/3099/2100
f 2602/3099/2100 2858/3098/2158 2600/3100/2159
f 2602/3099/2100 2600/3100/2159 2318/3101/2098
f 2318/3101/2098 2600/3100/2159 2316/3102/2160
f 2318/3101/2098 2316/3102/2160 2241/73/2096
f 2241/73/2096 2316/3102/2160 2239/2933/2161
f 2241/73/2096 2239/2933/2161 2211/3103/1069
f 2211/3103/1069 2239/2933/2161 2209/3104/2007
f 2211/3103/1069 2209/3104/2007 2186/3105/2006
f 2192/3106/1071 2186/3105/1070 2190/3107/2162
f 2192/3106/1071 2190/3107/2162 2225/3108/2091
f 2225/3108/2091 2190/3107/2162 2223/3109/2163
f 2225/3108/2091 2223/3109/2163 2259/3110/2089
f 2259/3110/2089 2223/3109/2163 2257/3111/2000
f 3157/3112/338 3147/3113/316 3143/3114/318
f 3150/3115/2011 3147/1227/316 3152/3116/1064
f 3152/3116/1064 3147/1227/316 3157/73/338
f 3152/3117/1064 3123/3118/1062 3150/3119/2011
f 3091/3120/1056 3124/3121/1055 3089/3122/2015
f 3091/3120/1056 3089/3122/2015 3070/3123/1058
f 3090/3124/1061 3069/3125/2013 3088/3126/2012
f 3090/3124/1061 3088/3126/2012 3123/3127/1062
f 3153/3128/1053 3151/3129/2016 3124/3130/2017
f 3148/3115/2164 3151/1227/2016 3160/3116/1052
f 3160/3116/1052 3151/1227/2016 3153/73/1053
f 3149/3131/2072 3148/3132/2164 3160/3133/1052
f 3080/3134/296 3085/3135/295 3119/3136/2019
f 3149/3137/2072 3138/3138/2020 3148/3139/2164
f 2150/3140/1048 2148/3141/2165 2214/3142/1049
f 997/3143/2028 2148/1227/2165 1034/3144/2166
f 1034/3144/2166 2148/1227/2165 2150/73/1048
f 967/3145/1045 997/3146/2028 1034/3147/2166
f 929/3148/275 932/3149/274 889/3150/2039
f 51/3151/1040 38/3152/2037 65/3153/1041
f 34/3154/1038 38/3155/2037 51/3156/1040
f 37/3115/2040 38/1227/2037 32/3116/1037
f 32/3116/1037 38/1227/2037 34/73/1038
f 32/3157/1037 63/3158/1035 37/3159/2040
f 105/3160/1029 62/3161/1028 109/3162/2044
f 105/3160/1029 109/3162/2044 120/3163/1031
f 106/3164/1034 121/3165/2042 110/3166/2041
f 106/3164/1034 110/3166/2041 63/3167/1035
f 39/3168/1025 36/3169/2045 62/3170/2046
f 35/3115/2047 36/1227/2045 30/3116/1024
f 30/3116/1024 36/1227/2045 39/73/1025
f 44/3171/1023 35/3172/2047 30/3173/1024
f 976/3094/1016 931/3174/1015 983/3096/2167
f 976/3094/1016 983/3096/2167 1007/3097/1018
f 1007/3097/1018 983/3096/2167 1019/3098/2052
f 1007/3097/1018 1019/3098/2052 1021/3175/2051
f 989/3101/1020 1021/3175/1019 1003/3102/2168
f 989/3101/1020 1003/3102/2168 961/73/2123
f 961/73/2123 1003/3102/2168 968/2933/2169
f 961/73/2123 968/2933/2169 882/3103/2121
f 882/3103/2121 968/2933/2169 890/3104/2170
f 882/3103/2121 890/3104/2170 599/3176/2119
f 599/3176/2119 890/3104/2170 601/3177/2171
f 599/3176/2119 601/3177/2171 339/3106/2117
f 339/3106/2117 601/3177/2171 337/3107/2172
f 339/3106/2117 337/3107/2172 128/3108/2115
f 128/3108/2115 337/3107/2172 126/3109/2173
f 128/3108/2115 126/3109/2173 96/3110/273
f 96/3110/273 126/3109/2173 94/3111/271
f 964/3178/1008 1033/3179/1007 966/3180/1011
f 1822/3181/212 1394/3182/212 1824/3183/212
f 1824/3183/212 1394/3182/212 1396/3184/212
f 1664/3185/2174 1535/3186/2175 1665/3187/2176
f 1665/3187/2176 1535/3186/2175 1474/3188/2177
f 1397/3189/1236 1825/3190/1236 1396/3191/1236
f 1396/3191/1236 1825/3190/1236 1824/3192/1236
f 1535/3193/2175 1475/3194/2178 1474/3195/2177
f 1474/3195/2177 1475/3194/2178 1456/3196/2179
f 1474/3195/2177 1456/3196/2179 1455/3197/2180
f 1455/3197/2180 1456/3196/2179 1419/3198/999
f 1455/3197/2180 1419/3198/999 1418/3199/2181
f 1418/3199/2181 1419/3198/999 1393/3200/993
f 1418/3199/2181 1393/3200/993 1392/3201/1990
f 1818/3202/1987 1826/3203/1001 1816/3204/2182
f 1818/3202/1987 1816/3204/2182 1800/3205/2183
f 1800/3205/2183 1816/3204/2182 1789/3206/2184
f 1800/3205/2183 1789/3206/2184 1762/3207/2185
f 1762/3207/2185 1789/3206/2184 1759/3208/2186
f 1762/3207/2185 1759/3208/2186 1665/3209/2176
f 1665/3209/2176 1759/3208/2186 1721/3210/2187
f 1665/3209/2176 1721/3210/2187 1664/3211/2174
f 1535/3212/2175 1503/3213/269 1475/3214/2178
f 1475/3214/2178 1503/3213/269 1473/3215/2188
f 1475/3214/2178 1473/3215/2188 1456/3216/2179
f 1456/3216/2179 1473/3215/2188 1461/3217/2189
f 1456/3216/2179 1461/3217/2189 1449/3218/2190
f 1456/3216/2179 1449/3218/2190 1419/3219/999
f 1419/3219/999 1449/3218/2190 1405/3220/2191
f 1419/3219/999 1405/3220/2191 1401/3221/2192
f 1401/3221/2192 1405/3220/2191 1400/3222/2193
f 1401/3223/2192 1400/3224/2193 1399/3225/2194
f 1399/3225/2194 1400/3224/2193 1398/3226/2195
f 1398/3227/2195 1530/3228/2196 1403/3229/2197
f 1403/3229/2197 1530/3228/2196 1672/3230/2198
f 1403/3229/2197 1672/3230/2198 1814/3231/2199
f 1814/3231/2199 1672/3230/2198 1813/3232/2200
f 1819/3233/1000 1813/3234/2200 1826/3235/1001
f 1826/3235/1001 1813/3234/2200 1812/3236/2201
f 1826/3235/1001 1812/3236/2201 1816/3237/2182
f 1816/3237/2182 1812/3236/2201 1811/3238/2202
f 1816/3237/2182 1811/3238/2202 1789/3239/2184
f 1789/3239/2184 1811/3238/2202 1788/3240/2203
f 1789/3239/2184 1788/3240/2203 1775/3241/2204
f 1789/3239/2184 1775/3241/2204 1759/3242/2186
f 1759/3242/2186 1775/3241/2204 1756/3243/2205
f 1759/3242/2186 1756/3243/2205 1731/3244/2206
f 1759/3242/2186 1731/3244/2206 1721/3245/2187
f 1721/3245/2187 1731/3244/2206 1576/3246/267
f 1721/3245/2187 1576/3246/267 1664/3212/2174
f 1664/3247/2174 1576/3248/267 1535/3249/2175
f 1535/3249/2175 1576/3248/267 1503/3250/269
f 1812/3251/2201 1815/3252/2207 1788/3253/2203
f 1788/3253/2203 1815/3252/2207 1801/3254/2208
f 1672/3255/2198 1660/3256/2209 1815/3252/2207
f 1815/3252/2207 1660/3256/2209 1722/3257/2210
f 1530/3258/2196 1505/3259/2211 1672/3255/2198
f 1672/3255/2198 1505/3259/2211 1660/3256/2209
f 1402/3260/2212 1464/3261/2213 1530/3258/2196
f 1530/3258/2196 1464/3261/2213 1505/3259/2211
f 1400/3262/2193 1415/3263/2214 1402/3260/2212
f 1402/3260/2212 1415/3263/2214 1430/3264/2215
f 1415/3263/2214 1400/3262/2193 1408/3265/2216
f 1415/3263/2214 1408/3265/2216 1431/3266/2217
f 1431/3266/2217 1408/3265/2216 1449/3267/2190
f 1431/3266/2217 1449/3267/2190 1465/3268/2218
f 1465/3268/2218 1449/3267/2190 1473/3269/2188
f 1465/3268/2218 1473/3269/2188 1504/3270/270
f 1465/3268/2218 1504/3270/270 1506/3271/2219
f 1506/3271/2219 1504/3270/270 1574/3272/268
f 1506/3271/2219 1574/3272/268 1575/3273/2220
f 1575/3273/2220 1574/3272/268 1723/3274/2221
f 1723/3274/2221 1574/3272/268 1731/3275/2206
f 1723/3274/2221 1731/3275/2206 1764/3276/2222
f 1764/3276/2222 1731/3275/2206 1775/3277/2204
f 1764/3276/2222 1775/3277/2204 1788/3253/2203
f 1764/3276/2222 1788/3253/2203 1801/3254/2208
f 1402/3260/2212 1430/3264/2215 1464/3261/2213
f 1722/3257/2210 1763/3278/2223 1815/3252/2207
f 1763/3278/2223 1801/3254/2208 1815/3252/2207
f 1814/3279/2199 1813/3280/2200 1819/3281/1000
f 1399/3282/2194 1398/3283/2195 1403/3284/2197
f 1400/3285/2193 1402/3286/2212 1398/3287/2195
f 1400/3288/2193 1405/3289/2191 1408/3290/2216
f 1405/3289/2191 1449/3291/2190 1408/3290/2216
f 1503/3292/269 1504/3293/270 1473/3294/2188
f 1473/3294/2188 1449/3291/2190 1461/3295/2189
f 1813/3296/2200 1672/3297/2198 1815/3298/2207
f 1398/3299/2195 1402/3300/2212 1530/3301/2196
f 1576/3302/267 1731/3303/2206 1574/3304/268
f 1756/3305/2205 1775/3306/2204 1731/3303/2206
f 1788/3307/2203 1811/3308/2202 1812/3309/2201
f 1812/3310/2201 1813/3311/2200 1815/3312/2207
f 1661/3313/2224 1669/3314/2225 1616/3315/2224
f 1661/3313/2224 1616/3315/2224 1588/3316/2226
f 1661/3313/2224 1758/3317/2225 1669/3314/2225
f 1669/3314/2225 1758/3317/2225 1695/3318/212
f 1695/3318/212 1758/3317/2225 1784/3319/212
f 1695/3318/212 1784/3319/212 1715/3320/212
f 1715/3320/212 1784/3319/212 1803/3321/212
f 1715/3320/212 1803/3321/212 1802/3322/212
f 1715/3320/212 1802/3322/212 1713/3323/212
f 1713/3323/212 1802/3322/212 1783/3324/212
f 1713/3323/212 1783/3324/212 1693/3325/212
f 1693/3325/212 1783/3324/212 1757/3326/2227
f 1693/3325/212 1757/3326/2227 1667/3327/2228
f 1667/3327/2228 1757/3326/2227 1657/3328/2229
f 1476/3329/2228 1586/3330/2230 1657/3328/2229
f 1657/3328/2229 1586/3330/2230 1614/3331/2229
f 1657/3328/2229 1614/3331/2229 1667/3327/2228
f 1586/3330/2230 1476/3329/2228 1549/3332/2231
f 1549/3332/2231 1476/3329/2228 1527/3333/2227
f 1527/3333/2227 1476/3329/2228 1462/3334/2227
f 1527/3333/2227 1462/3334/2227 1434/3335/212
f 1527/3333/2227 1434/3335/212 1498/3336/212
f 1498/3336/212 1434/3335/212 1416/3337/212
f 1498/3336/212 1416/3337/212 1479/3338/212
f 1479/3338/212 1416/3337/212 1417/3339/212
f 1479/3338/212 1417/3339/212 1500/3340/212
f 1500/3340/212 1417/3339/212 1435/3341/212
f 1500/3340/212 1435/3341/212 1529/3342/2225
f 1529/3342/2225 1435/3341/212 1463/3343/2225
f 1529/3342/2225 1463/3343/2225 1477/3344/2232
f 1529/3342/2225 1477/3344/2232 1551/3345/2233
f 1551/3345/2233 1477/3344/2232 1588/3316/2226
f 1588/3316/2226 1477/3344/2232 1661/3313/2224
f 1477/3346/897 1539/3347/899 1633/3348/979
f 1477/3346/897 1633/3348/979 1661/3349/977
f 1539/3347/899 1566/3350/2234 1633/3348/979
f 1633/3348/979 1566/3350/2234 1634/3351/985
f 1634/3351/985 1566/3350/2234 1540/3352/893
f 1634/3351/985 1540/3352/893 1635/3353/2235
f 1635/3353/2235 1540/3352/893 1567/3354/2236
f 1635/3353/2235 1567/3354/2236 1636/3355/2237
f 1636/3355/2237 1567/3354/2236 1575/3356/991
f 1485/3357/892 1540/3352/893 1566/3350/2234
f 1487/3358/888 1506/3359/889 1567/3354/2236
f 1567/3354/2236 1506/3359/889 1575/3356/991
f 1636/3355/2237 1575/3356/991 1663/3360/990
f 1662/3361/984 1634/3351/985 1635/3353/2235
f 1719/3362/212 1652/3363/212 1634/3364/2238
f 1634/3364/2238 1652/3363/212 1630/3365/2239
f 1719/3362/212 1751/3366/212 1652/3363/212
f 1652/3363/212 1751/3366/212 1709/3367/2240
f 1709/3367/2240 1751/3366/212 1797/3368/969
f 1708/3369/2241 1796/3370/968 1750/3371/2242
f 1708/3369/2241 1750/3371/2242 1651/3372/832
f 1651/3372/832 1750/3371/2242 1718/3373/2243
f 1651/3372/832 1718/3373/2243 1633/3374/2244
f 1633/3374/2244 1629/3365/2245 1651/3372/832
f 1633/3374/2244 1634/3375/2238 1629/3365/2245
f 1629/3365/2245 1634/3375/2238 1630/3376/2239
f 1796/3377/968 1708/3378/2241 1797/3379/969
f 1797/3379/969 1708/3378/2241 1709/3380/2240
f 1709/3381/2246 1708/3382/2247 1652/3383/2248
f 1652/3383/2248 1708/3382/2247 1651/3384/2249
f 1652/3383/2248 1651/3384/2249 1630/3385/2250
f 1630/3385/2250 1651/3384/2249 1629/3386/2251
f 1663/3387/2252 1654/3363/2232 1632/3365/2253
f 1663/3387/2252 1632/3365/2253 1636/3388/2254
f 1663/3387/2252 1753/3389/2225 1654/3363/2232
f 1654/3363/2232 1753/3389/2225 1711/3367/2240
f 1711/3367/2240 1753/3389/2225 1799/3390/986
f 1710/3369/2255 1798/3391/980 1752/3392/832
f 1710/3369/2255 1752/3392/832 1653/3372/832
f 1653/3372/832 1752/3392/832 1662/3393/832
f 1635/3388/832 1631/3365/832 1662/3393/832
f 1662/3393/832 1631/3365/832 1653/3372/832
f 1635/3388/1819 1636/3375/1819 1631/3365/1819
f 1631/3365/1819 1636/3375/1819 1632/3376/1819
f 1798/3394/980 1710/3395/2255 1799/3396/986
f 1799/3396/986 1710/3395/2255 1711/3397/2240
f 1711/3398/2246 1710/3399/2247 1654/3400/2248
f 1654/3400/2248 1710/3399/2247 1653/3401/2249
f 1654/3400/2248 1653/3401/2249 1632/3402/2250
f 1632/3402/2250 1653/3401/2249 1631/3403/2251
f 1486/3362/832 1517/3363/832 1540/3404/2256
f 1540/3404/2256 1517/3363/832 1564/3365/2257
f 1486/3362/832 1447/3405/832 1517/3363/832
f 1517/3363/832 1447/3405/832 1495/3367/2258
f 1495/3367/2258 1447/3405/832 1426/3406/882
f 1496/3369/2259 1427/3407/884 1448/3408/2225
f 1496/3369/2259 1448/3408/2225 1518/3372/2233
f 1518/3372/2233 1448/3408/2225 1487/3409/2260
f 1567/3388/2261 1565/3365/2262 1487/3409/2260
f 1487/3409/2260 1565/3365/2262 1518/3372/2233
f 1567/3410/2263 1540/3404/2256 1565/3411/2264
f 1565/3411/2264 1540/3404/2256 1564/3365/2257
f 1495/3412/2265 1496/3413/2266 1517/3414/2267
f 1517/3414/2267 1496/3413/2266 1518/3415/2268
f 1517/3414/2267 1518/3415/2268 1564/3416/2269
f 1564/3416/2269 1518/3415/2268 1565/3417/2270
f 1496/3418/2259 1495/3419/2258 1427/3420/884
f 1427/3420/884 1495/3419/2258 1426/3421/882
f 1484/3362/2271 1515/3363/2271 1539/3422/2272
f 1539/3422/2272 1515/3363/2271 1562/3365/2273
f 1484/3362/2271 1445/3423/2242 1515/3363/2271
f 1515/3363/2271 1445/3423/2242 1493/3367/2274
f 1493/3367/2274 1445/3423/2242 1424/3424/880
f 1494/3369/2259 1425/3425/881 1446/3426/212
f 1494/3369/2259 1446/3426/212 1516/3372/212
f 1516/3372/212 1446/3426/212 1485/3427/212
f 1566/3388/212 1563/3365/212 1485/3427/212
f 1485/3427/212 1563/3365/212 1516/3372/212
f 1566/3410/2275 1539/3422/2272 1563/3411/2276
f 1563/3411/2276 1539/3422/2272 1562/3365/2273
f 1493/3428/2265 1494/3429/2266 1515/3430/2267
f 1515/3430/2267 1494/3429/2266 1516/3431/2268
f 1515/3430/2267 1516/3431/2268 1562/3432/2269
f 1562/3432/2269 1516/3431/2268 1563/3433/2270
f 1494/3434/2259 1493/3435/2274 1425/3436/881
f 1425/3436/881 1493/3435/2274 1424/3437/880
f 1716/3438/2243 1647/3439/2243 1621/3440/2277
f 1621/3440/2277 1647/3439/2243 1625/3441/2278
f 1716/3438/2243 1746/3442/2279 1647/3439/2243
f 1647/3439/2243 1746/3442/2279 1704/3443/2280
f 1704/3443/2280 1746/3442/2279 1792/3444/965
f 1622/3445/212 1626/3441/212 1658/3446/212
f 1658/3446/212 1626/3441/212 1648/3447/212
f 1658/3446/212 1648/3447/212 1747/3448/212
f 1747/3448/212 1648/3447/212 1705/3449/2281
f 1747/3448/212 1705/3449/2281 1793/3450/961
f 1625/3441/2278 1626/3451/2282 1621/3440/2277
f 1621/3440/2277 1626/3451/2282 1622/3452/2283
f 1704/3453/2284 1705/3454/2285 1647/3455/2286
f 1647/3455/2286 1705/3454/2285 1648/3456/2287
f 1647/3455/2286 1648/3456/2287 1625/3457/2288
f 1625/3457/2288 1648/3456/2287 1626/3458/2289
f 1792/3459/965 1793/3460/961 1704/3461/2280
f 1704/3461/2280 1793/3460/961 1705/3462/2281
f 1717/3438/832 1649/3439/832 1623/3463/2290
f 1623/3463/2290 1649/3439/832 1627/3441/2291
f 1717/3438/832 1748/3464/832 1649/3439/832
f 1649/3439/832 1748/3464/832 1706/3443/2292
f 1706/3443/2292 1748/3464/832 1794/3465/956
f 1624/3445/2254 1628/3441/2293 1659/3466/2294
f 1659/3466/2294 1628/3441/2293 1650/3447/2295
f 1659/3466/2294 1650/3447/2295 1749/3467/2227
f 1749/3467/2227 1650/3447/2295 1707/3449/2281
f 1749/3467/2227 1707/3449/2281 1795/3468/958
f 1627/3441/2291 1628/3451/2296 1623/3463/2290
f 1623/3463/2290 1628/3451/2296 1624/3452/2297
f 1706/3469/2284 1707/3470/2285 1649/3471/2286
f 1649/3471/2286 1707/3470/2285 1650/3472/2287
f 1649/3471/2286 1650/3472/2287 1627/3473/2288
f 1627/3473/2288 1650/3472/2287 1628/3474/2298
f 1794/3475/956 1795/3476/958 1706/3477/2292
f 1706/3477/2292 1795/3476/958 1707/3478/2281
f 1483/3479/2299 1514/3480/2228 1561/3441/2300
f 1483/3479/2299 1561/3441/2300 1557/3445/2261
f 1483/3479/2299 1444/3481/2227 1514/3480/2228
f 1514/3480/2228 1444/3481/2227 1492/3443/2301
f 1492/3443/2301 1444/3481/2227 1423/3482/872
f 1556/3445/832 1560/3441/832 1482/3446/832
f 1482/3446/832 1560/3441/832 1513/3447/832
f 1482/3446/832 1513/3447/832 1443/3448/832
f 1443/3448/832 1513/3447/832 1491/3449/2302
f 1443/3448/832 1491/3449/2302 1422/3483/874
f 1561/3484/249 1560/3441/249 1557/3485/249
f 1557/3485/249 1560/3441/249 1556/3445/249
f 1422/3394/874 1491/3395/2302 1423/3396/872
f 1423/3396/872 1491/3395/2302 1492/3397/2301
f 1492/3486/2303 1491/3487/2304 1514/3488/2305
f 1514/3488/2305 1491/3487/2304 1513/3489/2306
f 1514/3488/2305 1513/3489/2306 1561/3490/2307
f 1561/3490/2307 1513/3489/2306 1560/3491/2308
f 1481/3438/212 1512/3480/212 1538/3492/2309
f 1538/3492/2309 1512/3480/212 1559/3441/2310
f 1481/3438/212 1442/3493/212 1512/3480/212
f 1512/3480/212 1442/3493/212 1490/3443/2301
f 1490/3443/2301 1442/3493/212 1421/3494/875
f 1537/3495/2311 1558/3441/2312 1511/3447/832
f 1537/3495/2311 1511/3447/832 1480/3496/2271
f 1480/3496/2271 1511/3447/832 1441/3497/2279
f 1441/3497/2279 1511/3447/832 1489/3449/2313
f 1441/3497/2279 1489/3449/2313 1420/3498/878
f 1559/3484/2310 1558/3441/2312 1538/3485/2309
f 1538/3485/2309 1558/3441/2312 1537/3495/2311
f 1420/3377/878 1489/3378/2313 1421/3379/875
f 1421/3379/875 1489/3378/2313 1490/3380/2301
f 1490/3499/2303 1489/3500/2304 1512/3501/2305
f 1512/3501/2305 1489/3500/2304 1511/3502/2306
f 1512/3501/2305 1511/3502/2306 1559/3503/2307
f 1559/3503/2307 1511/3502/2306 1558/3504/2308
f 1497/3505/212 1478/3506/212 1526/3507/212
f 1526/3507/212 1478/3506/212 1499/3508/212
f 1526/3507/212 1499/3508/212 1528/3509/212
f 1526/3507/212 1528/3509/212 1548/3510/212
f 1548/3510/212 1528/3509/212 1550/3511/212
f 1548/3510/212 1550/3511/212 1585/3512/212
f 1585/3512/212 1550/3511/212 1587/3513/212
f 1585/3512/212 1587/3513/212 1613/3514/212
f 1613/3514/212 1587/3513/212 1615/3515/212
f 1613/3514/212 1615/3515/212 1666/3516/212
f 1666/3516/212 1615/3515/212 1668/3517/212
f 1666/3516/212 1668/3517/212 1692/3518/212
f 1692/3518/212 1668/3517/212 1694/3519/212
f 1692/3518/212 1694/3519/212 1712/3520/212
f 1712/3520/212 1694/3519/212 1714/3521/212
f 3135/3522/1026 3113/3523/1026 3155/3524/1026
f 3155/3524/1026 3113/3523/1026 3168/3525/1026
f 3168/3525/1026 3113/3523/1026 3098/3526/1026
f 3168/3525/1026 3098/3526/1026 3172/3527/1026
f 3172/3527/1026 3098/3526/1026 3093/3528/1026
f 3172/3527/1026 3093/3528/1026 3145/3529/1026
f 3145/3529/1026 3093/3528/1026 3105/3530/1026
f 3145/3529/1026 3105/3530/1026 3117/3531/1026
f 68/3522/1026 48/3523/1026 85/3524/1026
f 85/3524/1026 48/3523/1026 102/3525/1026
f 102/3525/1026 48/3523/1026 22/3526/1026
f 102/3525/1026 22/3526/1026 108/3527/1026
f 108/3527/1026 22/3526/1026 20/3528/1026
f 108/3527/1026 20/3528/1026 93/3532/1026
f 93/3532/1026 20/3528/1026 25/3530/1026
f 93/3532/1026 25/3530/1026 80/3533/1026
f 80/3533/1026 25/3530/1026 60/3531/1026
f 2057/3534/2314 2089/3535/2315 2094/3536/2316
f 2094/3536/2316 2089/3535/2315 2111/3537/2317
f 2111/3537/2317 2089/3535/2315 2109/3538/2318
f 2111/3537/2317 2109/3538/2318 2113/3539/2319
f 2113/3539/2319 2109/3538/2318 2088/3540/2320
f 2113/3539/2319 2088/3540/2320 2071/3541/2321
f 2071/3541/2321 2088/3540/2320 2065/3542/2322
f 2071/3541/2321 2065/3542/2322 2054/3543/2323
f 2054/3543/2323 2065/3542/2322 2063/3544/2324
f 2054/3543/2323 2063/3544/2324 2057/3534/2314
f 2057/3534/2314 2063/3544/2324 2089/3535/2315
f 2038/3545/910 2043/1156/911 2044/1157/912
f 2038/3545/910 2044/1157/912 2040/3546/913
f 2040/3546/913 2044/1157/912 2081/1159/2325
f 2040/3546/913 2081/1159/2325 2068/1160/915
f 2068/1160/915 2081/1159/2325 2100/1161/916
f 2068/1160/915 2100/1161/916 2119/1162/917
f 2119/1162/917 2100/1161/916 2125/1163/918
f 2119/1162/917 2125/1163/918 2137/1164/919
f 2137/1164/919 2125/1163/918 2124/1165/920
f 2137/1164/919 2124/1165/920 2118/3547/921
f 2118/3547/921 2124/1165/920 2097/1167/922
f 2118/3547/921 2097/1167/922 2067/3548/923
f 2067/3548/923 2097/1167/922 2078/1169/924
f 2067/3548/923 2078/1169/924 2052/1170/925
f 2052/1170/925 2078/1169/924 2043/1156/911
f 2052/1170/925 2043/1156/911 2038/3545/910
f 2044/1157/912 2080/1172/927 2081/1159/2325
f 2100/1161/916 2099/1173/928 2125/1163/918
f 2124/1165/920 2098/1174/929 2097/1167/922
f 2078/1169/924 2079/1171/926 2043/1156/911
f 2081/3549/2325 2080/3550/927 2086/3551/1819
f 2100/3552/916 2081/3553/2325 2086/73/212
f 2124/3554/920 2125/3555/918 2128/3556/249
f 2098/3557/929 2124/3553/920 2128/73/832
f 2097/3558/922 2098/3559/929 2105/3560/249
f 2078/3552/924 2097/3553/922 2105/73/832
f 2044/3561/1819 2043/3562/911 2047/3563/2326
f 2080/3557/927 2044/3553/912 2047/73/212
f 2100/3564/916 2086/3565/2327 2099/3566/928
f 2099/3566/928 2086/3565/2327 2080/3567/2328
f 2099/3566/928 2080/3567/2328 2098/3568/2329
f 2098/3568/2329 2080/3567/2328 2079/3569/926
f 2098/3568/2329 2079/3569/926 2105/3570/2330
f 2105/3570/2330 2079/3569/926 2078/3571/924
f 2080/3567/2328 2047/3572/2326 2079/3569/926
f 2079/3569/926 2047/3572/2326 2043/3573/911
f 2098/3568/2329 2128/3574/2331 2099/3566/928
f 2099/3566/928 2128/3574/2331 2125/3575/918
f 1081/3576/2332 1096/3577/2333 1118/3536/2334
f 1118/3536/2334 1096/3577/2333 1134/3578/2335
f 1134/3578/2335 1096/3577/2333 1131/3579/1212
f 1134/3578/2335 1131/3579/1212 1137/3580/2336
f 1137/3580/2336 1131/3579/1212 1130/3581/2337
f 1137/3580/2336 1130/3581/2337 1094/3582/1203
f 1094/3582/1203 1130/3581/2337 1095/3583/2338
f 1094/3582/1203 1095/3583/2338 1079/3584/2339
f 1079/3584/2339 1095/3583/2338 1087/3585/2340
f 1079/3584/2339 1087/3585/2340 1081/3576/2332
f 1081/3576/2332 1087/3585/2340 1096/3577/2333
f 1151/3553/249 1152/3586/931 1155/73/2341
f 1121/3587/929 1151/3588/932 1155/3589/832
f 1120/3590/934 1121/3591/929 1128/73/249
f 1100/3562/936 1120/3592/934 1128/3593/832
f 1071/3594/940 1070/3595/938 1074/73/1819
f 1102/3587/927 1071/3588/940 1074/3589/212
f 1103/3594/942 1102/3596/927 1108/73/1819
f 1123/3562/944 1103/3592/942 1108/3593/212
f 1123/3597/944 1108/3598/2327 1122/3599/928
f 1122/3599/928 1108/3598/2327 1102/3600/2328
f 1122/3599/928 1102/3600/2328 1121/3601/2329
f 1121/3601/2329 1102/3600/2328 1101/3602/926
f 1121/3601/2329 1101/3602/926 1128/3603/2330
f 1128/3603/2330 1101/3602/926 1100/3604/936
f 1102/3600/2328 1074/3605/2342 1101/3602/926
f 1101/3602/926 1074/3605/2342 1070/3606/938
f 1121/3601/2329 1155/3607/2341 1122/3599/928
f 1122/3599/928 1155/3607/2341 1152/3608/931
f 1082/3609/2332 1099/3610/2333 1119/3611/2334
f 1119/3611/2334 1099/3610/2333 1135/3612/2335
f 1135/3612/2335 1099/3610/2333 1133/3613/1212
f 1135/3612/2335 1133/3613/1212 1138/3614/2336
f 1138/3614/2336 1133/3613/1212 1132/3615/2337
f 1138/3614/2336 1132/3615/2337 1097/3616/1203
f 1097/3616/1203 1132/3615/2337 1098/3617/2338
f 1097/3616/1203 1098/3617/2338 1080/3618/2339
f 1080/3618/2339 1098/3617/2338 1088/3538/2340
f 1080/3618/2339 1088/3538/2340 1082/3609/2332
f 1082/3609/2332 1088/3538/2340 1099/3610/2333
f 1163/3619/930 1154/1156/931 1153/1157/932
f 1163/3619/930 1153/1157/932 1145/3620/933
f 1145/3620/933 1153/1157/932 1124/1159/2343
f 1145/3620/933 1124/1159/2343 1091/1176/935
f 1091/1176/935 1124/1159/2343 1104/1161/936
f 1091/1176/935 1104/1161/936 1078/1162/937
f 1078/1162/937 1104/1161/936 1072/1163/938
f 1078/1162/937 1072/1163/938 1064/1164/939
f 1064/1164/939 1072/1163/938 1073/1165/940
f 1064/1164/939 1073/1165/940 1066/3547/941
f 1066/3547/941 1073/1165/940 1107/1167/942
f 1066/3547/941 1107/1167/942 1092/3548/943
f 1092/3548/943 1107/1167/942 1127/1169/944
f 1092/3548/943 1127/1169/944 1146/1170/945
f 1146/1170/945 1127/1169/944 1154/1156/931
f 1146/1170/945 1154/1156/931 1163/3619/930
f 1153/1157/932 1125/1172/929 1124/1159/2343
f 1104/1161/936 1105/1173/926 1072/1163/938
f 1073/1165/940 1106/1174/927 1107/1167/942
f 1127/1169/944 1126/1171/928 1154/1156/931
f 1124/3558/2343 1125/3559/929 1129/3560/249
f 1104/3552/936 1124/3553/2343 1129/73/832
f 1073/3621/940 1072/3622/938 1075/3623/1819
f 1106/3557/927 1073/3553/940 1075/73/212
f 1107/3549/942 1106/3550/927 1109/3551/1819
f 1127/3552/944 1107/3553/942 1109/73/212
f 1153/3561/249 1154/3562/931 1156/3563/2341
f 1125/3557/929 1153/3553/932 1156/73/832
f 1104/3564/936 1129/3565/2330 1105/3566/926
f 1105/3566/926 1129/3565/2330 1125/3567/2329
f 1105/3566/926 1125/3567/2329 1106/3568/2328
f 1106/3568/2328 1125/3567/2329 1126/3569/928
f 1106/3568/2328 1126/3569/928 1109/3570/2327
f 1109/3570/2327 1126/3569/928 1127/3571/944
f 1125/3567/2329 1156/3572/2341 1126/3569/928
f 1126/3569/928 1156/3572/2341 1154/3573/931
f 1106/3568/2328 1075/3574/2342 1105/3566/926
f 1105/3566/926 1075/3574/2342 1072/3575/938
f 2058/3624/2314 2091/3625/2315 2095/3611/2316
f 2095/3611/2316 2091/3625/2315 2112/3626/2317
f 2112/3626/2317 2091/3625/2315 2110/3585/2318
f 2112/3626/2317 2110/3585/2318 2114/3627/2319
f 2114/3627/2319 2110/3585/2318 2090/3628/2320
f 2114/3627/2319 2090/3628/2320 2072/3629/2321
f 2072/3629/2321 2090/3628/2320 2066/3630/2322
f 2072/3629/2321 2066/3630/2322 2055/3631/2323
f 2055/3631/2323 2066/3630/2322 2064/3632/2324
f 2055/3631/2323 2064/3632/2324 2058/3624/2314
f 2058/3624/2314 2064/3632/2324 2091/3625/2315
f 2046/3553/1819 2045/3586/911 2048/73/2326
f 2084/3587/927 2046/3588/912 2048/3589/212
f 2085/3594/914 2084/3596/927 2087/73/1819
f 2104/3562/916 2085/3592/914 2087/3593/212
f 2126/3590/920 2127/3633/918 2129/73/249
f 2102/3587/929 2126/3588/920 2129/3589/832
f 2101/3590/922 2102/3591/929 2106/73/249
f 2082/3562/924 2101/3592/922 2106/3593/832
f 2082/3597/924 2106/3598/2330 2083/3599/926
f 2083/3599/926 2106/3598/2330 2102/3600/2329
f 2083/3599/926 2102/3600/2329 2084/3601/2328
f 2084/3601/2328 2102/3600/2329 2103/3602/928
f 2084/3601/2328 2103/3602/928 2087/3603/2327
f 2087/3603/2327 2103/3602/928 2104/3604/916
f 2102/3600/2329 2129/3605/2331 2103/3602/928
f 2103/3602/928 2129/3605/2331 2127/3606/918
f 2084/3601/2328 2048/3607/2326 2083/3599/926
f 2083/3599/926 2048/3607/2326 2045/3608/911
f 482/3634/2344 411/3635/2345 318/3636/2346
f 482/3634/2344 318/3636/2346 212/3637/2347
f 212/3637/2347 331/3638/2348 482/3634/2344
f 482/3634/2344 331/3638/2348 472/3639/2349
f 482/3634/2344 472/3639/2349 596/3640/2350
f 596/3640/2350 720/3641/2351 482/3634/2344
f 482/3634/2344 720/3641/2351 741/3642/2352
f 741/3642/2352 658/3643/2353 482/3634/2344
f 892/3644/2354 798/3645/66 799/3646/67
f 331/3647/2348 266/3648/2355 335/3649/2356
f 733/3650/113 798/73/66 892/3651/2354
f 733/3650/113 892/3651/2354 832/3652/2357
f 832/3652/2357 677/3653/2358 733/3650/113
f 733/3650/113 677/3653/2358 605/3654/52
f 463/3655/54 485/3656/53 358/3657/2359
f 463/3655/54 358/3657/2359 273/3658/56
f 273/3658/56 358/3657/2359 217/3659/2360
f 677/3653/2358 488/3660/2361 605/3654/52
f 605/3654/52 488/3660/2361 485/3656/53
f 488/3660/2361 358/3657/2359 485/3656/53
f 273/3658/56 217/3659/2360 193/3661/58
f 193/3661/58 217/3659/2360 162/3662/2362
f 193/3661/58 162/3662/2362 218/3663/2363
f 193/3661/58 218/3663/2363 274/3664/59
f 274/3664/59 218/3663/2363 360/3665/2364
f 274/3664/59 360/3665/2364 418/3666/61
f 418/3666/61 360/3665/2364 492/3667/2365
f 418/3666/61 492/3667/2365 662/3668/2366
f 799/3669/67 611/3670/64 874/3671/2367
f 799/3669/67 874/3671/2367 790/3672/2368
f 662/3668/2366 835/3673/2369 611/3670/64
f 611/3670/64 835/3673/2369 874/3671/2367
f 790/3672/2368 680/3674/2370 612/3675/2371
f 612/3675/2371 680/3674/2370 496/3676/2372
f 612/3675/2371 496/3676/2372 491/3677/2373
f 491/3677/2373 496/3676/2372 362/3678/2374
f 491/3677/2373 362/3678/2374 464/3679/2375
f 464/3679/2375 362/3678/2374 221/3680/2376
f 464/3679/2375 221/3680/2376 276/3681/2377
f 276/3681/2377 221/3680/2376 195/3682/2378
f 277/3683/2379 195/3682/2378 222/3684/2380
f 277/3683/2379 222/3684/2380 364/3685/2381
f 221/3680/2376 164/3686/2382 195/3682/2378
f 195/3682/2378 164/3686/2382 222/3684/2380
f 277/3683/2379 364/3685/2381 420/3687/2383
f 420/3687/2383 364/3685/2381 500/3688/2384
f 420/3687/2383 500/3688/2384 495/3689/2385
f 495/3689/2385 500/3688/2384 682/3690/2386
f 495/3689/2385 682/3690/2386 615/3691/2387
f 615/3691/2387 682/3690/2386 747/3692/2388
f 748/3693/2389 801/3694/2390 839/3695/2391
f 748/3693/2389 839/3695/2391 684/3696/2392
f 682/3690/2386 838/3697/2393 747/3692/2388
f 747/3692/2388 838/3697/2393 801/3694/2390
f 838/3697/2393 895/3698/2394 801/3694/2390
f 801/3694/2390 895/3698/2394 839/3695/2391
f 748/3693/2389 684/3696/2392 617/3699/2395
f 617/3699/2395 684/3696/2392 504/3700/2396
f 617/3699/2395 504/3700/2396 499/3701/2397
f 499/3701/2397 504/3700/2396 366/3702/2398
f 499/3701/2397 366/3702/2398 465/3703/2399
f 465/3703/2399 366/3702/2398 280/3704/2400
f 281/3705/2401 197/3706/2402 226/3707/2403
f 281/3705/2401 226/3707/2403 368/3708/2404
f 366/3702/2398 225/3709/2405 280/3704/2400
f 280/3704/2400 225/3709/2405 197/3706/2402
f 225/3709/2405 166/3710/2406 197/3706/2402
f 197/3706/2402 166/3710/2406 226/3707/2403
f 281/3705/2401 368/3708/2404 423/3711/2407
f 423/3711/2407 368/3708/2404 508/3712/2408
f 423/3711/2407 508/3712/2408 503/3713/2409
f 503/3713/2409 508/3712/2408 686/3714/2410
f 503/3713/2409 686/3714/2410 619/3715/2411
f 619/3715/2411 686/3714/2410 842/3716/2412
f 619/3715/2411 842/3716/2412 751/3717/2413
f 751/3717/2413 842/3716/2412 875/3718/2414
f 875/3718/2414 752/3719/2415 803/3720/2416
f 507/3721/2417 621/3722/2418 512/3723/2419
f 507/3721/2417 512/3723/2419 370/3724/2420
f 875/3718/2414 843/3725/2421 752/3719/2415
f 752/3719/2415 843/3725/2421 621/3722/2418
f 843/3725/2421 688/3726/2422 621/3722/2418
f 621/3722/2418 688/3726/2422 512/3723/2419
f 370/3724/2420 229/3727/2423 283/3728/2424
f 283/3728/2424 229/3727/2423 168/3729/2425
f 283/3728/2424 168/3729/2425 199/3730/2426
f 199/3730/2426 168/3729/2425 284/3731/2427
f 511/3732/2428 467/3733/2429 516/3734/2430
f 511/3732/2428 516/3734/2430 663/3735/2431
f 168/3729/2425 230/3736/2432 284/3731/2427
f 284/3731/2427 230/3736/2432 467/3733/2429
f 230/3736/2432 372/3737/2433 467/3733/2429
f 467/3733/2429 372/3737/2433 516/3734/2430
f 663/3735/2431 846/3738/2434 755/3739/2435
f 755/3739/2435 846/3738/2434 898/3740/2436
f 755/3739/2435 898/3740/2436 805/3741/2437
f 805/3741/2437 898/3740/2436 756/3742/2438
f 515/3743/2439 625/3744/2440 520/3745/2441
f 515/3743/2439 520/3745/2441 374/3746/2442
f 898/3740/2436 847/3747/2443 756/3742/2438
f 756/3742/2438 847/3747/2443 625/3744/2440
f 847/3747/2443 690/3748/2444 625/3744/2440
f 625/3744/2440 690/3748/2444 520/3745/2441
f 374/3746/2442 233/3749/2445 285/3750/2446
f 285/3750/2446 233/3749/2445 170/3751/2447
f 285/3750/2446 170/3751/2447 268/3752/2448
f 268/3752/2448 170/3751/2447 234/3753/2449
f 268/3752/2448 234/3753/2449 286/3754/2450
f 286/3754/2450 234/3753/2449 429/3755/2451
f 519/3756/2452 429/3755/2451 524/3757/2453
f 519/3756/2452 524/3757/2453 691/3758/2454
f 234/3753/2449 376/3759/2455 429/3755/2451
f 429/3755/2451 376/3759/2455 524/3757/2453
f 519/3756/2452 691/3758/2454 627/3760/2456
f 627/3760/2456 691/3758/2454 850/3761/2457
f 627/3760/2456 850/3761/2457 759/3762/2458
f 759/3762/2458 850/3761/2457 900/3763/2459
f 759/3762/2458 900/3763/2459 807/3764/2460
f 807/3764/2460 900/3763/2459 760/3765/2461
f 523/3766/2462 629/3767/2463 528/3768/2464
f 523/3766/2462 528/3768/2464 378/3769/2465
f 900/3763/2459 851/3770/2466 760/3765/2461
f 760/3765/2461 851/3770/2466 629/3767/2463
f 851/3770/2466 693/3771/2467 629/3767/2463
f 629/3767/2463 693/3771/2467 528/3768/2464
f 523/3766/2462 378/3769/2465 431/3772/2468
f 431/3772/2468 378/3769/2465 237/3773/2469
f 431/3772/2468 237/3773/2469 288/3774/2470
f 288/3774/2470 237/3773/2469 172/3775/2471
f 288/3774/2470 172/3775/2471 269/3776/2472
f 269/3776/2472 172/3775/2471 238/3777/2473
f 269/3776/2472 238/3777/2473 289/3778/2474
f 289/3778/2474 238/3777/2473 380/3779/2475
f 289/3778/2474 380/3779/2475 433/3780/2476
f 433/3780/2476 380/3779/2475 527/3781/2477
f 631/3782/2478 527/3781/2477 666/3783/2479
f 631/3782/2478 666/3783/2479 763/3784/2480
f 763/3784/2480 666/3783/2479 854/3785/2481
f 380/3779/2475 532/3786/2482 527/3781/2477
f 527/3781/2477 532/3786/2482 666/3783/2479
f 854/3785/2481 902/3787/2483 763/3784/2480
f 763/3784/2480 902/3787/2483 809/3788/2484
f 633/3789/2485 764/3790/2486 667/3791/2487
f 633/3789/2485 667/3791/2487 531/3792/2488
f 531/3792/2488 667/3791/2487 536/3793/2489
f 902/3787/2483 855/3794/2490 809/3788/2484
f 809/3788/2484 855/3794/2490 764/3790/2486
f 855/3794/2490 667/3791/2487 764/3790/2486
f 531/3792/2488 536/3793/2489 382/3795/2491
f 290/3796/2492 382/3795/2491 241/3797/2493
f 290/3796/2492 241/3797/2493 174/3798/2494
f 242/3799/2495 384/3800/2496 437/3801/2497
f 437/3801/2497 384/3800/2496 535/3802/2498
f 635/3803/2499 535/3802/2498 668/3804/2500
f 635/3803/2499 668/3804/2500 767/3805/2501
f 767/3805/2501 668/3804/2500 856/3806/2502
f 384/3800/2496 540/3807/2503 535/3802/2498
f 535/3802/2498 540/3807/2503 668/3804/2500
f 856/3806/2502 904/3808/2504 767/3805/2501
f 767/3805/2501 904/3808/2504 811/3809/2505
f 439/3810/2506 539/3811/2507 386/3812/2508
f 439/3810/2506 386/3812/2508 294/3813/2509
f 294/3813/2509 386/3812/2508 245/3814/2510
f 904/3808/2504 857/3815/2511 811/3809/2505
f 811/3809/2505 857/3815/2511 768/3816/2512
f 857/3815/2511 698/3817/2513 768/3816/2512
f 768/3816/2512 698/3817/2513 637/3818/2514
f 637/3818/2514 698/3817/2513 539/3811/2507
f 539/3811/2507 698/3817/2513 544/3819/2515
f 539/3811/2507 544/3819/2515 386/3812/2508
f 245/3814/2510 176/3820/2516 294/3813/2509
f 294/3813/2509 176/3820/2516 204/3821/2517
f 204/3821/2517 176/3820/2516 295/3822/2518
f 543/3823/2519 441/3824/2520 548/3825/2521
f 543/3823/2519 548/3825/2521 639/3826/2522
f 639/3826/2522 548/3825/2521 669/3827/2523
f 639/3826/2522 669/3827/2523 771/3828/2524
f 771/3828/2524 669/3827/2523 859/3829/2525
f 176/3820/2516 246/3830/2526 295/3822/2518
f 246/3830/2526 388/3831/2527 295/3822/2518
f 295/3822/2518 388/3831/2527 441/3824/2520
f 441/3824/2520 388/3831/2527 548/3825/2521
f 771/3828/2524 859/3829/2525 813/3832/2528
f 813/3832/2528 859/3829/2525 906/3833/2529
f 813/3832/2528 906/3833/2529 860/3834/2530
f 813/3832/2528 860/3834/2530 772/3835/2531
f 772/3835/2531 860/3834/2530 701/3836/2532
f 772/3835/2531 701/3836/2532 641/3837/2533
f 641/3837/2533 701/3836/2532 547/3838/2534
f 443/3839/2535 547/3838/2534 390/3840/2536
f 443/3839/2535 390/3840/2536 298/3841/2537
f 298/3841/2537 390/3840/2536 249/3842/2538
f 701/3836/2532 552/3843/2539 547/3838/2534
f 547/3838/2534 552/3843/2539 390/3840/2536
f 298/3841/2537 249/3842/2538 271/3844/2540
f 271/3844/2540 249/3842/2538 178/3845/2541
f 271/3844/2540 178/3845/2541 299/3846/2542
f 299/3846/2542 178/3845/2541 250/3847/2543
f 299/3846/2542 250/3847/2543 392/3848/2544
f 556/3849/2545 551/3850/2546 392/3848/2544
f 392/3848/2544 551/3850/2546 445/3851/2547
f 392/3848/2544 445/3851/2547 299/3846/2542
f 551/3850/2546 556/3849/2545 670/3852/2548
f 775/3853/2549 670/3852/2548 862/3854/2550
f 775/3853/2549 862/3854/2550 876/3855/2551
f 776/3856/2552 876/3855/2551 863/3857/2553
f 776/3856/2552 863/3857/2553 671/3858/2554
f 671/3858/2554 560/3859/2555 555/3860/2556
f 555/3860/2556 560/3859/2555 394/3861/2557
f 555/3860/2556 394/3861/2557 447/3862/2558
f 447/3862/2558 394/3861/2557 302/3863/2559
f 272/3864/2560 302/3863/2559 180/3865/2561
f 272/3864/2560 180/3865/2561 303/3866/2562
f 303/3866/2562 180/3865/2561 254/3867/2563
f 394/3861/2557 253/3868/2564 302/3863/2559
f 302/3863/2559 253/3868/2564 180/3865/2561
f 254/3867/2563 396/3869/2565 303/3866/2562
f 303/3866/2562 396/3869/2565 449/3870/2566
f 779/3871/2567 647/3872/2568 795/3873/2569
f 779/3871/2567 795/3873/2569 817/3874/2570
f 817/3874/2570 795/3873/2569 877/3875/2571
f 817/3874/2570 877/3875/2571 780/3876/2572
f 780/3876/2572 877/3875/2571 866/3877/2573
f 396/3869/2565 564/3878/2574 449/3870/2566
f 449/3870/2566 564/3878/2574 559/3879/2575
f 564/3878/2574 705/3880/2576 559/3879/2575
f 559/3879/2575 705/3880/2576 647/3872/2568
f 647/3872/2568 705/3880/2576 795/3873/2569
f 866/3877/2573 707/3881/2577 780/3876/2572
f 780/3876/2572 707/3881/2577 649/3882/2578
f 208/3883/2579 305/3884/2580 182/3885/2581
f 208/3883/2579 182/3885/2581 306/3886/2582
f 306/3886/2582 182/3885/2581 258/3887/2583
f 707/3881/2577 568/3888/2584 649/3882/2578
f 649/3882/2578 568/3888/2584 563/3889/2585
f 568/3888/2584 398/3890/2586 563/3889/2585
f 563/3889/2585 398/3890/2586 468/3891/2587
f 468/3891/2587 398/3890/2586 305/3884/2580
f 305/3884/2580 398/3890/2586 257/3892/2588
f 305/3884/2580 257/3892/2588 182/3885/2581
f 306/3886/2582 258/3887/2583 452/3893/2589
f 452/3893/2589 258/3887/2583 400/3894/2590
f 452/3893/2589 400/3894/2590 572/3895/2591
f 452/3893/2589 572/3895/2591 567/3896/2592
f 567/3896/2592 572/3895/2591 709/3897/2593
f 567/3896/2592 709/3897/2593 651/3898/2594
f 651/3898/2594 709/3897/2593 783/3899/2595
f 784/3900/2596 819/3901/2597 870/3902/2598
f 784/3900/2596 870/3902/2598 711/3903/2599
f 709/3897/2593 869/3904/2600 783/3899/2595
f 783/3899/2595 869/3904/2600 819/3901/2597
f 869/3904/2600 910/3905/2601 819/3901/2597
f 819/3901/2597 910/3905/2601 870/3902/2598
f 784/3900/2596 711/3903/2599 653/3906/2602
f 653/3906/2602 711/3903/2599 576/3907/2603
f 653/3906/2602 576/3907/2603 571/3908/2604
f 571/3908/2604 576/3907/2603 402/3909/2605
f 571/3908/2604 402/3909/2605 454/3910/2606
f 454/3910/2606 402/3909/2605 328/3911/2607
f 210/3912/2608 328/3911/2607 184/3913/2609
f 210/3912/2608 184/3913/2609 308/3914/2610
f 308/3914/2610 184/3913/2609 262/3915/2611
f 402/3909/2605 261/3916/2612 328/3911/2607
f 328/3911/2607 261/3916/2612 184/3913/2609
f 308/3914/2610 262/3915/2611 456/3917/2613
f 456/3917/2613 262/3915/2611 404/3918/2614
f 456/3917/2613 404/3918/2614 575/3919/2615
f 575/3919/2615 404/3918/2614 580/3920/2616
f 575/3919/2615 580/3920/2616 672/3921/2617
f 672/3921/2617 873/3922/2618 739/3923/2619
f 739/3923/2619 873/3922/2618 911/3924/2620
f 739/3923/2619 911/3924/2620 821/3925/2621
f 821/3925/2621 911/3924/2620 796/3926/2622
f 821/3925/2621 796/3926/2622 740/3927/2623
f 740/3927/2623 796/3926/2622 657/3928/2624
f 657/3928/2624 796/3926/2622 673/3929/2625
f 657/3928/2624 673/3929/2625 582/3930/2626
f 582/3930/2626 406/3931/2627 458/3932/2628
f 582/3930/2626 458/3932/2628 579/3933/2629
f 331/3934/2348 458/3932/2628 266/3935/2355
f 266/3935/2355 458/3932/2628 406/3931/2627
f 579/3933/2629 657/3928/2624 582/3930/2626
f 739/3923/2619 655/3936/2630 672/3921/2617
f 672/3921/2617 655/3936/2630 575/3919/2615
f 555/3860/2556 645/3937/2631 671/3858/2554
f 671/3858/2554 645/3937/2631 776/3856/2552
f 776/3856/2552 815/3938/2632 876/3855/2551
f 876/3855/2551 815/3938/2632 775/3853/2549
f 775/3853/2549 643/3939/2633 670/3852/2548
f 670/3852/2548 643/3939/2633 551/3850/2546
f 242/3799/2495 437/3801/2497 291/3940/2634
f 242/3799/2495 291/3940/2634 270/3941/2635
f 242/3799/2495 270/3941/2635 174/3798/2494
f 174/3798/2494 270/3941/2635 290/3796/2492
f 290/3796/2492 435/3942/2636 382/3795/2491
f 382/3795/2491 435/3942/2636 531/3792/2488
f 285/3750/2446 427/3943/2637 374/3746/2442
f 374/3746/2442 427/3943/2637 515/3743/2439
f 755/3739/2435 623/3944/2638 663/3735/2431
f 663/3735/2431 623/3944/2638 511/3732/2428
f 283/3728/2424 466/3945/2639 370/3724/2420
f 370/3724/2420 466/3945/2639 507/3721/2417
f 875/3718/2414 803/3720/2416 751/3717/2413
f 612/3675/2371 743/3946/2640 790/3672/2368
f 790/3672/2368 743/3946/2640 799/3669/67
f 662/3668/2366 611/3670/64 418/3666/61
f 472/3947/2641 331/3948/2642 469/3949/2643
f 469/3949/2643 331/3948/2642 335/3950/2644
f 596/3951/2350 584/3952/2645 659/3953/2646
f 596/3951/2350 659/3953/2646 720/3954/2351
f 659/3953/2646 738/3955/2647 720/3954/2351
f 720/3954/2351 738/3955/2647 741/3956/2352
f 596/3951/2350 472/3947/2641 584/3952/2645
f 584/3952/2645 472/3947/2641 469/3949/2643
f 832/3957/2357 892/3644/2354 799/3651/67
f 832/3957/2357 799/3651/67 743/3958/2640
f 832/3957/2357 743/3958/2640 612/3959/2371
f 464/3960/2375 276/3961/2377 358/3962/2359
f 464/3960/2375 358/3962/2359 491/3963/2373
f 491/3963/2373 358/3962/2359 488/3964/2361
f 276/3961/2377 195/3965/2378 217/3966/2360
f 217/3966/2360 195/3965/2378 162/3967/2362
f 162/3967/2362 195/3965/2378 277/3968/2379
f 162/3967/2362 277/3968/2379 218/3969/2363
f 218/3969/2363 277/3968/2379 420/3970/2383
f 218/3969/2363 420/3970/2383 360/3971/2364
f 360/3971/2364 420/3970/2383 495/3972/2385
f 360/3971/2364 495/3972/2385 492/3973/2365
f 492/3973/2365 495/3972/2385 615/3974/2387
f 492/3973/2365 615/3974/2387 662/3975/2366
f 662/3975/2366 615/3974/2387 835/3976/2369
f 835/3976/2369 615/3974/2387 747/3977/2388
f 835/3976/2369 747/3977/2388 801/3978/2390
f 748/3979/2389 617/3980/2395 680/3981/2370
f 680/3981/2370 617/3980/2395 499/3982/2397
f 680/3981/2370 499/3982/2397 496/3983/2372
f 496/3983/2372 499/3982/2397 362/3984/2374
f 221/3985/2376 362/3984/2374 280/3986/2400
f 221/3985/2376 280/3986/2400 164/3987/2382
f 164/3987/2382 280/3986/2400 197/3988/2402
f 164/3987/2382 197/3988/2402 281/3989/2401
f 499/3982/2397 465/3990/2399 362/3984/2374
f 362/3984/2374 465/3990/2399 280/3986/2400
f 281/3989/2401 423/3991/2407 222/3992/2380
f 281/3989/2401 222/3992/2380 164/3987/2382
f 503/3993/2409 619/3994/2411 682/3995/2386
f 895/3996/2394 838/3997/2393 803/3998/2416
f 895/3996/2394 803/3998/2416 752/3999/2415
f 682/3995/2386 619/3994/2411 838/3997/2393
f 838/3997/2393 619/3994/2411 751/4000/2413
f 838/3997/2393 751/4000/2413 803/3998/2416
f 752/3999/2415 621/4001/2418 839/4002/2391
f 752/3999/2415 839/4002/2391 895/3996/2394
f 507/4003/2417 466/4004/2639 366/4005/2398
f 225/4006/2405 366/4005/2398 283/4007/2424
f 225/4006/2405 283/4007/2424 166/4008/2406
f 166/4008/2406 283/4007/2424 199/4009/2426
f 166/4008/2406 199/4009/2426 284/4010/2427
f 366/4005/2398 466/4004/2639 283/4007/2424
f 467/4011/2429 511/4012/2428 368/4013/2404
f 467/4011/2429 368/4013/2404 284/4010/2427
f 284/4010/2427 368/4013/2404 226/4014/2403
f 284/4010/2427 226/4014/2403 166/4008/2406
f 511/4012/2428 623/4015/2638 686/4016/2410
f 686/4016/2410 623/4015/2638 842/4017/2412
f 842/4017/2412 623/4015/2638 755/4018/2435
f 842/4017/2412 755/4018/2435 875/4019/2414
f 875/4019/2414 755/4018/2435 805/4020/2437
f 875/4019/2414 805/4020/2437 756/4021/2438
f 515/4022/2439 512/4023/2419 625/4024/2440
f 756/4021/2438 625/4024/2440 843/4025/2421
f 756/4021/2438 843/4025/2421 875/4019/2414
f 512/4023/2419 515/4022/2439 427/4026/2637
f 268/4027/2448 286/4028/2450 168/4029/2425
f 268/4027/2448 168/4029/2425 285/4030/2446
f 285/4030/2446 168/4029/2425 229/4031/2423
f 286/4028/2450 429/4032/2451 230/4033/2432
f 230/4033/2432 429/4032/2451 372/4034/2433
f 372/4034/2433 429/4032/2451 519/4035/2452
f 372/4034/2433 519/4035/2452 516/4036/2430
f 516/4036/2430 519/4035/2452 627/4037/2456
f 516/4036/2430 627/4037/2456 663/4038/2431
f 663/4038/2431 627/4037/2456 846/4039/2434
f 846/4039/2434 627/4037/2456 759/4040/2458
f 846/4039/2434 759/4040/2458 898/4041/2436
f 847/4042/2443 898/4041/2436 760/4043/2461
f 847/4042/2443 760/4043/2461 629/4044/2463
f 807/4045/2460 760/4043/2461 898/4041/2436
f 807/4045/2460 898/4041/2436 759/4040/2458
f 431/4046/2468 288/4047/2470 233/4048/2445
f 233/4048/2445 288/4047/2470 170/4049/2447
f 234/4050/2449 170/4049/2447 289/4051/2474
f 234/4050/2449 289/4051/2474 376/4052/2455
f 376/4052/2455 289/4051/2474 433/4053/2476
f 376/4052/2455 433/4053/2476 527/4054/2477
f 288/4047/2470 269/4055/2472 170/4049/2447
f 170/4049/2447 269/4055/2472 289/4051/2474
f 527/4054/2477 631/4056/2478 524/4057/2453
f 527/4054/2477 524/4057/2453 376/4052/2455
f 763/4058/2480 809/4059/2484 900/4060/2459
f 851/4061/2466 900/4060/2459 764/4062/2486
f 851/4061/2466 764/4062/2486 693/4063/2467
f 693/4063/2467 764/4062/2486 633/4064/2485
f 693/4063/2467 633/4064/2485 531/4065/2488
f 900/4060/2459 809/4059/2484 764/4062/2486
f 531/4065/2488 435/4066/2636 528/4067/2464
f 531/4065/2488 528/4067/2464 693/4063/2467
f 290/4068/2492 270/4069/2635 172/4070/2471
f 238/4071/2473 172/4070/2471 291/4072/2634
f 238/4071/2473 291/4072/2634 380/4073/2475
f 380/4073/2475 291/4072/2634 437/4074/2497
f 380/4073/2475 437/4074/2497 535/4075/2498
f 172/4070/2471 270/4069/2635 291/4072/2634
f 768/4076/2512 637/4077/2514 667/4078/2487
f 667/4078/2487 637/4077/2514 539/4079/2507
f 441/4080/2520 543/4081/2519 540/4082/2503
f 540/4082/2503 543/4081/2519 639/4083/2522
f 540/4082/2503 639/4083/2522 668/4084/2500
f 668/4084/2500 639/4083/2522 771/4085/2524
f 668/4084/2500 771/4085/2524 856/4086/2502
f 856/4086/2502 771/4085/2524 813/4087/2528
f 856/4086/2502 813/4087/2528 904/4088/2504
f 904/4088/2504 813/4087/2528 772/4089/2531
f 904/4088/2504 772/4089/2531 857/4090/2511
f 857/4090/2511 772/4089/2531 641/4091/2533
f 857/4090/2511 641/4091/2533 698/4092/2513
f 698/4092/2513 641/4091/2533 544/4093/2515
f 544/4093/2515 641/4091/2533 547/4094/2534
f 544/4093/2515 547/4094/2534 386/4095/2508
f 386/4095/2508 547/4094/2534 443/4096/2535
f 386/4095/2508 443/4096/2535 298/4097/2537
f 298/4097/2537 271/4098/2540 176/4099/2516
f 176/4099/2516 271/4098/2540 299/4100/2542
f 445/4101/2547 551/4102/2546 548/4103/2521
f 548/4103/2521 551/4102/2546 669/4104/2523
f 669/4104/2523 551/4102/2546 643/4105/2633
f 669/4104/2523 643/4105/2633 775/4106/2549
f 775/4106/2549 815/4107/2632 906/4108/2529
f 906/4108/2529 815/4107/2632 776/4109/2552
f 645/4110/2631 555/4111/2556 552/4112/2539
f 552/4112/2539 555/4111/2556 390/4113/2536
f 390/4113/2536 555/4111/2556 447/4114/2558
f 390/4113/2536 447/4114/2558 302/4115/2559
f 272/4116/2560 303/4117/2562 178/4118/2541
f 272/4116/2560 178/4118/2541 302/4115/2559
f 302/4115/2559 178/4118/2541 249/4119/2538
f 302/4115/2559 249/4119/2538 390/4113/2536
f 303/4117/2562 449/4120/2566 392/4121/2544
f 392/4121/2544 449/4120/2566 556/4122/2545
f 556/4122/2545 449/4120/2566 559/4123/2575
f 556/4122/2545 559/4123/2575 670/4124/2548
f 670/4124/2548 559/4123/2575 647/4125/2568
f 670/4124/2548 647/4125/2568 779/4126/2567
f 563/4127/2585 468/4128/2587 394/4129/2557
f 394/4129/2557 468/4128/2587 305/4130/2580
f 394/4129/2557 305/4130/2580 253/4131/2564
f 253/4131/2564 305/4130/2580 208/4132/2579
f 253/4131/2564 208/4132/2579 180/4133/2561
f 180/4133/2561 208/4132/2579 306/4134/2582
f 180/4133/2561 306/4134/2582 254/4135/2563
f 254/4135/2563 306/4134/2582 452/4136/2589
f 254/4135/2563 452/4136/2589 396/4137/2565
f 396/4137/2565 452/4136/2589 567/4138/2592
f 396/4137/2565 567/4138/2592 564/4139/2574
f 564/4139/2574 567/4138/2592 651/4140/2594
f 564/4139/2574 651/4140/2594 705/4141/2576
f 705/4141/2576 651/4140/2594 795/4142/2569
f 795/4142/2569 651/4140/2594 783/4143/2595
f 795/4142/2569 783/4143/2595 877/4144/2571
f 877/4144/2571 783/4143/2595 819/4145/2597
f 877/4144/2571 819/4145/2597 784/4146/2596
f 182/4147/2581 257/4148/2588 210/4149/2608
f 182/4147/2581 210/4149/2608 308/4150/2610
f 454/4151/2606 328/4152/2607 257/4148/2588
f 257/4148/2588 328/4152/2607 210/4149/2608
f 456/4153/2613 575/4154/2615 572/4155/2591
f 572/4155/2591 575/4154/2615 655/4156/2630
f 572/4155/2591 655/4156/2630 709/4157/2593
f 709/4157/2593 655/4156/2630 869/4158/2600
f 910/4159/2601 869/4158/2600 821/4160/2621
f 910/4159/2601 821/4160/2621 870/4161/2598
f 870/4161/2598 821/4160/2621 740/4162/2623
f 870/4161/2598 740/4162/2623 657/4163/2624
f 655/4156/2630 739/4164/2619 869/4158/2600
f 869/4158/2600 739/4164/2619 821/4160/2621
f 870/4161/2598 657/4163/2624 711/4165/2599
f 711/4165/2599 657/4163/2624 579/4166/2629
f 711/4165/2599 579/4166/2629 576/4167/2603
f 576/4167/2603 579/4166/2629 458/4168/2628
f 184/4169/2609 261/4170/2612 212/4171/2347
f 184/4169/2609 212/4171/2347 262/4172/2611
f 404/4173/2614 262/4172/2611 411/4174/2345
f 404/4173/2614 411/4174/2345 580/4175/2616
f 580/4175/2616 411/4174/2345 482/4176/2344
f 580/4175/2616 482/4176/2344 658/4177/2353
f 458/4168/2628 331/4178/2348 261/4170/2612
f 261/4170/2612 331/4178/2348 212/4171/2347
f 212/4171/2347 318/4179/2346 262/4172/2611
f 262/4172/2611 318/4179/2346 411/4174/2345
f 741/4180/2352 873/4181/2618 658/4177/2353
f 873/4181/2618 741/4180/2352 738/4182/2647
f 796/4183/2622 738/4182/2647 659/4184/2646
f 659/4184/2646 584/4185/2645 582/4186/2626
f 582/4186/2626 584/4185/2645 469/4187/2643
f 469/4187/2643 335/4188/2644 266/4189/2355
f 266/4189/2355 406/4190/2627 469/4187/2643
f 469/4187/2643 406/4190/2627 582/4186/2626
f 582/4186/2626 673/4191/2625 659/4184/2646
f 659/4184/2646 673/4191/2625 796/4183/2622
f 796/4183/2622 911/4192/2620 738/4182/2647
f 738/4182/2647 911/4192/2620 873/4181/2618
f 873/4181/2618 672/4193/2617 658/4177/2353
f 658/4177/2353 672/4193/2617 580/4175/2616
f 261/4170/2612 402/4194/2605 458/4168/2628
f 458/4168/2628 402/4194/2605 576/4167/2603
f 572/4155/2591 400/4195/2590 456/4153/2613
f 456/4153/2613 400/4195/2590 258/4196/2583
f 456/4153/2613 258/4196/2583 308/4150/2610
f 308/4150/2610 258/4196/2583 182/4147/2581
f 257/4148/2588 398/4197/2586 454/4151/2606
f 454/4151/2606 398/4197/2586 568/4198/2584
f 454/4151/2606 568/4198/2584 571/4199/2604
f 571/4199/2604 568/4198/2584 707/4200/2577
f 571/4199/2604 707/4200/2577 653/4201/2602
f 653/4201/2602 707/4200/2577 866/4202/2573
f 653/4201/2602 866/4202/2573 784/4146/2596
f 784/4146/2596 866/4202/2573 877/4144/2571
f 394/4129/2557 560/4203/2555 563/4127/2585
f 563/4127/2585 560/4203/2555 671/4204/2554
f 563/4127/2585 671/4204/2554 649/4205/2578
f 649/4205/2578 671/4204/2554 863/4206/2553
f 649/4205/2578 863/4206/2553 780/4207/2572
f 780/4207/2572 863/4206/2553 876/4208/2551
f 780/4207/2572 876/4208/2551 817/4209/2570
f 817/4209/2570 876/4208/2551 862/4210/2550
f 817/4209/2570 862/4210/2550 779/4126/2567
f 779/4126/2567 862/4210/2550 670/4124/2548
f 392/4121/2544 250/4211/2543 303/4117/2562
f 303/4117/2562 250/4211/2543 178/4118/2541
f 552/4112/2539 701/4212/2532 645/4110/2631
f 645/4110/2631 701/4212/2532 860/4213/2530
f 645/4110/2631 860/4213/2530 776/4109/2552
f 776/4109/2552 860/4213/2530 906/4108/2529
f 906/4108/2529 859/4214/2525 775/4106/2549
f 775/4106/2549 859/4214/2525 669/4104/2523
f 548/4103/2521 388/4215/2527 445/4101/2547
f 445/4101/2547 388/4215/2527 246/4216/2526
f 445/4101/2547 246/4216/2526 299/4100/2542
f 299/4100/2542 246/4216/2526 176/4099/2516
f 176/4099/2516 245/4217/2510 298/4097/2537
f 298/4097/2537 245/4217/2510 386/4095/2508
f 540/4082/2503 384/4218/2496 441/4080/2520
f 441/4080/2520 384/4218/2496 242/4219/2495
f 441/4080/2520 242/4219/2495 295/4220/2518
f 295/4220/2518 242/4219/2495 174/4221/2494
f 295/4220/2518 174/4221/2494 204/4222/2517
f 204/4222/2517 174/4221/2494 241/4223/2493
f 204/4222/2517 241/4223/2493 294/4224/2509
f 294/4224/2509 241/4223/2493 382/4225/2491
f 294/4224/2509 382/4225/2491 439/4226/2506
f 439/4226/2506 382/4225/2491 536/4227/2489
f 439/4226/2506 536/4227/2489 539/4079/2507
f 539/4079/2507 536/4227/2489 667/4078/2487
f 667/4078/2487 855/4228/2490 768/4076/2512
f 768/4076/2512 855/4228/2490 902/4229/2483
f 768/4076/2512 902/4229/2483 811/4230/2505
f 811/4230/2505 902/4229/2483 854/4231/2481
f 811/4230/2505 854/4231/2481 767/4232/2501
f 767/4232/2501 854/4231/2481 666/4233/2479
f 767/4232/2501 666/4233/2479 635/4234/2499
f 635/4234/2499 666/4233/2479 532/4235/2482
f 635/4234/2499 532/4235/2482 535/4075/2498
f 535/4075/2498 532/4235/2482 380/4073/2475
f 172/4070/2471 237/4236/2469 290/4068/2492
f 290/4068/2492 237/4236/2469 435/4066/2636
f 237/4236/2469 378/4237/2465 435/4066/2636
f 435/4066/2636 378/4237/2465 528/4067/2464
f 900/4060/2459 850/4238/2457 763/4058/2480
f 763/4058/2480 850/4238/2457 631/4056/2478
f 850/4238/2457 691/4239/2454 631/4056/2478
f 631/4056/2478 691/4239/2454 524/4057/2453
f 233/4048/2445 374/4240/2442 431/4046/2468
f 431/4046/2468 374/4240/2442 520/4241/2441
f 431/4046/2468 520/4241/2441 523/4242/2462
f 523/4242/2462 520/4241/2441 690/4243/2444
f 523/4242/2462 690/4243/2444 629/4044/2463
f 629/4044/2463 690/4243/2444 847/4042/2443
f 286/4028/2450 230/4033/2432 168/4029/2425
f 285/4030/2446 229/4031/2423 427/4026/2637
f 427/4026/2637 229/4031/2423 370/4244/2420
f 427/4026/2637 370/4244/2420 512/4023/2419
f 625/4024/2440 512/4023/2419 688/4245/2422
f 625/4024/2440 688/4245/2422 843/4025/2421
f 686/4016/2410 508/4246/2408 511/4012/2428
f 511/4012/2428 508/4246/2408 368/4013/2404
f 366/4005/2398 504/4247/2396 507/4003/2417
f 507/4003/2417 504/4247/2396 621/4001/2418
f 504/4247/2396 684/4248/2392 621/4001/2418
f 621/4001/2418 684/4248/2392 839/4002/2391
f 682/3995/2386 500/4249/2384 503/3993/2409
f 503/3993/2409 500/4249/2384 423/3991/2407
f 500/4249/2384 364/4250/2381 423/3991/2407
f 423/3991/2407 364/4250/2381 222/3992/2380
f 680/3981/2370 790/4251/2368 748/3979/2389
f 748/3979/2389 790/4251/2368 874/4252/2367
f 748/3979/2389 874/4252/2367 801/3978/2390
f 801/3978/2390 874/4252/2367 835/3976/2369
f 276/3961/2377 217/3966/2360 358/3962/2359
f 491/3963/2373 488/3964/2361 612/3959/2371
f 612/3959/2371 488/3964/2361 677/4253/2358
f 612/3959/2371 677/4253/2358 832/3957/2357
f 2590/4254/2648 2850/4255/2649 2450/4256/2650
f 2450/4256/2650 2850/4255/2649 2729/4257/2651
f 2450/4256/2650 2729/4257/2651 2580/4258/2652
f 2590/4254/2648 2722/4259/2653 2850/4255/2649
f 2850/4255/2649 2722/4259/2653 2785/4260/2654
f 2850/4255/2649 2785/4260/2654 2921/4261/2655
f 2580/4258/2652 2451/4262/2656 2450/4256/2650
f 2450/4256/2650 2451/4262/2656 2345/4263/2657
f 2919/4254/2658 2481/4255/2659 2786/4256/2660
f 2786/4256/2660 2481/4255/2659 2453/4257/2661
f 2786/4256/2660 2453/4257/2661 2456/4258/2662
f 2919/4254/2658 2929/4259/2663 2481/4255/2659
f 2481/4255/2659 2929/4259/2663 2863/4260/2664
f 2481/4255/2659 2863/4260/2664 2734/4261/2665
f 2456/4258/2662 2582/4262/2666 2786/4256/2660
f 2786/4256/2660 2582/4262/2666 2724/4263/2667
f 607/4254/2668 313/4264/2669 732/4256/2670
f 732/4256/2670 313/4264/2669 475/4265/2671
f 732/4256/2670 475/4265/2671 608/4258/2672
f 607/4254/2668 478/4259/2673 313/4264/2669
f 313/4264/2669 478/4259/2673 412/4260/2674
f 313/4264/2669 412/4260/2674 317/4261/2675
f 608/4258/2672 737/4262/2676 732/4256/2670
f 732/4256/2670 737/4262/2676 797/4263/2677
f 486/4266/2678 483/3645/36 489/3646/35
f 412/4267/2674 341/4268/2679 413/3649/2680
f 414/4269/99 483/73/36 486/3651/2678
f 414/4269/99 486/3651/2678 357/4270/2681
f 357/4270/2681 215/4271/2682 414/4269/99
f 414/4269/99 215/4271/2682 314/4272/51
f 315/4273/49 192/4274/50 216/4275/2683
f 315/4273/49 216/4275/2683 416/4276/47
f 416/4276/47 216/4275/2683 359/4277/2684
f 215/4271/2682 161/4278/2685 314/4272/51
f 314/4272/51 161/4278/2685 192/4274/50
f 161/4278/2685 216/4275/2683 192/4274/50
f 416/4276/47 359/4277/2684 487/4279/46
f 487/4279/46 359/4277/2684 490/4280/2686
f 487/4279/46 490/4280/2686 610/4281/44
f 610/4281/44 490/4280/2686 678/4282/2687
f 610/4281/44 678/4282/2687 833/4283/2688
f 610/4281/44 833/4283/2688 742/4284/41
f 742/4284/41 833/4283/2688 893/4285/2689
f 742/4284/41 893/4285/2689 834/4286/2690
f 742/4284/41 834/4286/2690 744/4287/39
f 744/4287/39 834/4286/2690 613/4288/37
f 489/4289/35 613/4288/37 493/4290/2691
f 489/4289/35 493/4290/2691 417/4291/2692
f 417/4291/2692 493/4290/2691 361/4292/2693
f 417/4291/2692 361/4292/2693 219/4293/2694
f 834/4286/2690 679/4294/2695 613/4288/37
f 613/4288/37 679/4294/2695 493/4290/2691
f 219/4293/2694 163/4295/2696 194/4296/2697
f 194/4296/2697 163/4295/2696 220/4297/2698
f 194/4296/2697 220/4297/2698 275/4298/2699
f 275/4298/2699 220/4297/2698 419/4299/2700
f 614/4300/2701 494/4301/2702 681/4302/2703
f 614/4300/2701 681/4302/2703 836/4303/2704
f 220/4297/2698 363/4304/2705 419/4299/2700
f 419/4299/2700 363/4304/2705 494/4301/2702
f 363/4304/2705 498/4305/2706 494/4301/2702
f 494/4301/2702 498/4305/2706 681/4302/2703
f 614/4300/2701 836/4303/2704 745/4306/2707
f 745/4306/2707 836/4303/2704 894/4307/2708
f 745/4306/2707 894/4307/2708 800/4308/2709
f 800/4308/2709 894/4307/2708 837/4309/2710
f 800/4308/2709 837/4309/2710 746/4310/2711
f 746/4310/2711 837/4309/2710 616/4311/2712
f 421/4312/2713 497/4313/2714 365/4314/2715
f 421/4312/2713 365/4314/2715 223/4315/2716
f 837/4309/2710 683/4316/2717 616/4311/2712
f 616/4311/2712 683/4316/2717 497/4313/2714
f 683/4316/2717 502/4317/2718 497/4313/2714
f 497/4313/2714 502/4317/2718 365/4314/2715
f 421/4312/2713 223/4315/2716 278/4318/2719
f 278/4318/2719 223/4315/2716 165/4319/2720
f 278/4318/2719 165/4319/2720 196/4320/2721
f 196/4320/2721 165/4319/2720 224/4321/2722
f 196/4320/2721 224/4321/2722 279/4322/2723
f 279/4322/2723 224/4321/2722 422/4323/2724
f 618/4324/2725 501/4325/2300 685/4326/2726
f 618/4324/2725 685/4326/2726 840/4327/2727
f 224/4321/2722 367/4328/2728 422/4323/2724
f 422/4323/2724 367/4328/2728 501/4325/2300
f 367/4328/2728 506/4329/2729 501/4325/2300
f 501/4325/2300 506/4329/2729 685/4326/2726
f 618/4324/2725 840/4327/2727 749/4330/2730
f 749/4330/2730 840/4327/2727 896/4331/2731
f 749/4330/2730 896/4331/2731 802/4332/2732
f 802/4332/2732 896/4331/2731 841/4333/2733
f 802/4332/2732 841/4333/2733 750/4334/2734
f 750/4334/2734 841/4333/2733 687/4335/2735
f 750/4334/2734 687/4335/2735 620/4336/2736
f 620/4336/2736 687/4335/2735 510/4337/2737
f 620/4336/2736 510/4337/2737 505/4338/2738
f 505/4338/2738 510/4337/2737 369/4339/2739
f 505/4338/2738 369/4339/2739 424/4340/2740
f 424/4340/2740 369/4339/2739 227/4341/2741
f 424/4340/2740 227/4341/2741 282/4342/2742
f 282/4342/2742 227/4341/2741 167/4343/2743
f 282/4342/2742 167/4343/2743 198/4344/2744
f 198/4344/2744 167/4343/2743 228/4345/2745
f 198/4344/2744 228/4345/2745 320/4346/2746
f 320/4346/2746 228/4345/2745 371/4347/2747
f 320/4346/2746 371/4347/2747 425/4348/2748
f 425/4348/2748 371/4347/2747 514/4349/2749
f 514/4349/2749 622/4350/2750 509/4351/2751
f 804/4352/2752 753/4353/2753 897/4354/2754
f 804/4352/2752 897/4354/2754 845/4355/2755
f 514/4349/2749 689/4356/2756 622/4350/2750
f 622/4350/2750 689/4356/2756 753/4353/2753
f 689/4356/2756 844/4357/2757 753/4353/2753
f 753/4353/2753 844/4357/2757 897/4354/2754
f 804/4352/2752 845/4355/2755 754/4358/2758
f 754/4358/2758 845/4355/2755 664/4359/2759
f 664/4359/2759 518/4360/2760 513/4361/2761
f 513/4361/2761 518/4360/2760 426/4362/2762
f 200/4363/2763 321/4364/2764 169/4365/2765
f 200/4363/2763 169/4365/2765 232/4366/2766
f 518/4360/2760 373/4367/2767 426/4362/2762
f 426/4362/2762 373/4367/2767 321/4364/2764
f 373/4367/2767 231/4368/2768 321/4364/2764
f 321/4364/2764 231/4368/2768 169/4365/2765
f 200/4363/2763 232/4366/2766 322/4369/2769
f 322/4369/2769 232/4366/2766 375/4370/2770
f 322/4369/2769 375/4370/2770 428/4371/2771
f 428/4371/2771 375/4370/2770 522/4372/2772
f 428/4371/2771 522/4372/2772 517/4373/2773
f 517/4373/2773 522/4372/2772 665/4374/2774
f 517/4373/2773 665/4374/2774 626/4375/2775
f 626/4375/2775 665/4374/2774 757/4376/2776
f 806/4377/2777 757/4376/2776 899/4378/2778
f 806/4377/2777 899/4378/2778 849/4379/2779
f 665/4374/2774 848/4380/2780 757/4376/2776
f 757/4376/2776 848/4380/2780 899/4378/2778
f 806/4377/2777 849/4379/2779 758/4381/2781
f 758/4381/2781 849/4379/2779 692/4382/2782
f 758/4381/2781 692/4382/2782 628/4383/2783
f 628/4383/2783 692/4382/2782 526/4384/2784
f 628/4383/2783 526/4384/2784 521/4385/2785
f 521/4385/2785 526/4384/2784 430/4386/2786
f 201/4387/2787 287/4388/2788 171/4389/2789
f 201/4387/2787 171/4389/2789 236/4390/2790
f 526/4384/2784 377/4391/2791 430/4386/2786
f 430/4386/2786 377/4391/2791 287/4388/2788
f 377/4391/2791 235/4392/2792 287/4388/2788
f 287/4388/2788 235/4392/2792 171/4389/2789
f 201/4387/2787 236/4390/2790 323/4393/2793
f 323/4393/2793 236/4390/2790 379/4394/2794
f 323/4393/2793 379/4394/2794 432/4395/2795
f 432/4395/2795 379/4394/2794 530/4396/2796
f 432/4395/2795 530/4396/2796 525/4397/2797
f 525/4397/2797 530/4396/2796 630/4398/2798
f 808/4399/2799 761/4400/2800 901/4401/2801
f 808/4399/2799 901/4401/2801 853/4402/2802
f 530/4396/2796 694/4403/2803 630/4398/2798
f 630/4398/2798 694/4403/2803 761/4400/2800
f 694/4403/2803 852/4404/2804 761/4400/2800
f 761/4400/2800 852/4404/2804 901/4401/2801
f 808/4399/2799 853/4402/2802 762/4405/2805
f 762/4405/2805 853/4402/2802 695/4406/2806
f 762/4405/2805 695/4406/2806 632/4407/2807
f 632/4407/2807 695/4406/2806 534/4408/2808
f 632/4407/2807 534/4408/2808 529/4409/2809
f 529/4409/2809 534/4408/2808 381/4410/2810
f 381/4410/2810 239/4411/2811 324/4412/2812
f 324/4412/2812 239/4411/2811 202/4413/2813
f 325/4414/2814 202/4413/2813 240/4415/2815
f 325/4414/2814 240/4415/2815 436/4416/2816
f 436/4416/2816 240/4415/2815 383/4417/2817
f 239/4411/2811 173/4418/2818 202/4413/2813
f 202/4413/2813 173/4418/2818 240/4415/2815
f 383/4417/2817 538/4419/2819 436/4416/2816
f 436/4416/2816 538/4419/2819 533/4420/2820
f 765/4421/2821 634/4422/2822 791/4423/2823
f 765/4421/2821 791/4423/2823 810/4424/2824
f 810/4424/2824 791/4423/2823 903/4425/2825
f 538/4419/2819 696/4426/2826 533/4420/2820
f 533/4420/2820 696/4426/2826 634/4422/2822
f 696/4426/2826 791/4423/2823 634/4422/2822
f 810/4424/2824 903/4425/2825 792/4427/2827
f 636/4428/2828 792/4427/2827 697/4429/2829
f 636/4428/2828 697/4429/2829 542/4430/2830
f 636/4428/2828 542/4430/2830 537/4431/2831
f 537/4431/2831 542/4430/2830 385/4432/2832
f 537/4431/2831 385/4432/2832 438/4433/2833
f 438/4433/2833 385/4432/2832 243/4434/2834
f 438/4433/2833 243/4434/2834 292/4435/2835
f 292/4435/2835 243/4434/2834 203/4436/2836
f 293/4437/2837 203/4436/2836 244/4438/2838
f 293/4437/2837 244/4438/2838 440/4439/2839
f 440/4439/2839 244/4438/2838 387/4440/2840
f 243/4434/2834 175/4441/2841 203/4436/2836
f 203/4436/2836 175/4441/2841 244/4438/2838
f 387/4440/2840 546/4442/2842 440/4439/2839
f 440/4439/2839 546/4442/2842 541/4443/2843
f 770/4444/2844 812/4445/2845 793/4446/2846
f 770/4444/2844 793/4446/2846 640/4447/2847
f 640/4447/2847 793/4446/2846 700/4448/2848
f 546/4442/2842 699/4449/2849 541/4443/2843
f 541/4443/2843 699/4449/2849 638/4450/2850
f 699/4449/2849 858/4451/2851 638/4450/2850
f 638/4450/2850 858/4451/2851 769/4452/2852
f 769/4452/2852 858/4451/2851 812/4445/2845
f 812/4445/2845 858/4451/2851 905/4453/2853
f 812/4445/2845 905/4453/2853 793/4446/2846
f 700/4448/2848 549/4454/2854 640/4447/2847
f 640/4447/2847 549/4454/2854 545/4455/2855
f 545/4455/2855 549/4454/2854 442/4456/2856
f 444/4457/2857 297/4458/2858 391/4459/2859
f 444/4457/2857 391/4459/2859 554/4460/2860
f 549/4454/2854 389/4461/2861 442/4456/2856
f 389/4461/2861 247/4462/2862 442/4456/2856
f 442/4456/2856 247/4462/2862 296/4463/2863
f 296/4463/2863 247/4462/2862 205/4464/2864
f 205/4464/2864 247/4462/2862 177/4465/2865
f 205/4464/2864 177/4465/2865 297/4458/2858
f 297/4458/2858 177/4465/2865 248/4466/2866
f 297/4458/2858 248/4466/2866 391/4459/2859
f 444/4457/2857 554/4460/2860 550/4467/2867
f 550/4467/2867 554/4460/2860 702/4468/2868
f 550/4467/2867 702/4468/2868 642/4469/2869
f 642/4469/2869 702/4468/2868 861/4470/2870
f 642/4469/2869 861/4470/2870 773/4471/2871
f 773/4471/2871 861/4470/2870 814/4472/2872
f 774/4473/2873 814/4472/2872 794/4474/2874
f 774/4473/2873 794/4474/2874 644/4475/2875
f 644/4475/2875 794/4474/2874 703/4476/2876
f 861/4470/2870 907/4477/2877 814/4472/2872
f 814/4472/2872 907/4477/2877 794/4474/2874
f 644/4475/2875 703/4476/2876 553/4478/2878
f 553/4478/2878 703/4476/2876 558/4479/2879
f 553/4478/2878 558/4479/2879 393/4480/2880
f 393/4480/2880 251/4481/2881 300/4482/2882
f 300/4482/2882 251/4481/2881 179/4483/2883
f 300/4482/2882 179/4483/2883 206/4484/2884
f 206/4484/2884 179/4483/2883 252/4485/2885
f 206/4484/2884 252/4485/2885 301/4486/2886
f 301/4486/2886 252/4485/2885 448/4487/2887
f 557/4488/2888 448/4487/2887 562/4489/2889
f 557/4488/2888 562/4489/2889 646/4490/2890
f 646/4490/2890 562/4489/2889 704/4491/2891
f 252/4485/2885 395/4492/2892 448/4487/2887
f 448/4487/2887 395/4492/2892 562/4489/2889
f 704/4491/2891 864/4493/2893 646/4490/2890
f 646/4490/2890 864/4493/2893 777/4494/2894
f 561/4495/2895 648/4496/2896 566/4497/2897
f 561/4495/2895 566/4497/2897 450/4498/2898
f 450/4498/2898 566/4497/2897 397/4499/2899
f 864/4493/2893 908/4500/2900 777/4494/2894
f 777/4494/2894 908/4500/2900 816/4501/2901
f 908/4500/2900 865/4502/2902 816/4501/2901
f 816/4501/2901 865/4502/2902 778/4503/2903
f 778/4503/2903 865/4502/2902 648/4496/2896
f 648/4496/2896 865/4502/2902 706/4504/2904
f 648/4496/2896 706/4504/2904 566/4497/2897
f 397/4499/2899 255/4505/2905 450/4498/2898
f 450/4498/2898 255/4505/2905 326/4506/2906
f 565/4507/2907 451/4508/2908 570/4509/2909
f 565/4507/2907 570/4509/2909 650/4510/2910
f 650/4510/2910 570/4509/2909 708/4511/2911
f 255/4505/2905 181/4512/2912 326/4506/2906
f 326/4506/2906 181/4512/2912 207/4513/2913
f 181/4512/2912 256/4514/2914 207/4513/2913
f 207/4513/2913 256/4514/2914 304/4515/2915
f 304/4515/2915 256/4514/2914 451/4508/2908
f 451/4508/2908 256/4514/2914 399/4516/2916
f 451/4508/2908 399/4516/2916 570/4509/2909
f 650/4510/2910 708/4511/2911 781/4517/2917
f 781/4517/2917 708/4511/2911 867/4518/2918
f 781/4517/2917 867/4518/2918 909/4519/2919
f 781/4517/2917 909/4519/2919 818/4520/2920
f 818/4520/2920 909/4519/2919 868/4521/2921
f 818/4520/2920 868/4521/2921 782/4522/2922
f 782/4522/2922 868/4521/2921 652/4523/2923
f 569/4524/2924 652/4523/2923 574/4525/2925
f 569/4524/2924 574/4525/2925 453/4526/2926
f 453/4526/2926 574/4525/2925 401/4527/2927
f 868/4521/2921 710/4528/2928 652/4523/2923
f 652/4523/2923 710/4528/2928 574/4525/2925
f 453/4526/2926 401/4527/2927 327/4529/2929
f 327/4529/2929 401/4527/2927 259/4530/2930
f 327/4529/2929 259/4530/2930 183/4531/2931
f 327/4529/2929 183/4531/2931 209/4532/2932
f 209/4532/2932 183/4531/2931 260/4533/2933
f 209/4532/2932 260/4533/2933 307/4534/2934
f 307/4534/2934 260/4533/2933 455/4535/2935
f 573/4536/2936 455/4535/2935 578/4537/2937
f 573/4536/2936 578/4537/2937 654/4538/2938
f 654/4538/2938 578/4537/2937 712/4539/2939
f 260/4533/2933 403/4540/2940 455/4535/2935
f 455/4535/2935 403/4540/2940 578/4537/2937
f 654/4538/2938 712/4539/2939 785/4541/2941
f 785/4541/2941 712/4539/2939 871/4542/2942
f 785/4541/2941 871/4542/2942 878/4543/2943
f 878/4543/2943 872/4544/2944 786/4545/2945
f 786/4545/2945 872/4544/2944 713/4546/2946
f 786/4545/2945 713/4546/2946 656/4547/2947
f 656/4547/2947 713/4546/2946 581/4548/2948
f 581/4548/2948 457/4549/2949 577/4550/2950
f 329/4551/2951 457/4549/2949 263/4552/2952
f 329/4551/2951 263/4552/2952 211/4553/2953
f 211/4553/2953 263/4552/2952 185/4554/2954
f 581/4548/2948 405/4555/2955 457/4549/2949
f 457/4549/2949 405/4555/2955 263/4552/2952
f 185/4554/2954 264/4556/2956 211/4553/2953
f 211/4553/2953 264/4556/2956 330/4557/2957
f 412/4558/2674 330/4557/2957 341/4559/2679
f 341/4559/2679 330/4557/2957 264/4556/2956
f 581/4548/2948 577/4550/2950 656/4547/2947
f 786/4545/2945 820/4560/2958 878/4543/2943
f 878/4543/2943 820/4560/2958 785/4541/2941
f 300/4482/2882 446/4561/2959 393/4480/2880
f 393/4480/2880 446/4561/2959 553/4478/2878
f 636/4428/2828 766/4562/2960 792/4427/2827
f 792/4427/2827 766/4562/2960 810/4424/2824
f 381/4410/2810 324/4412/2812 434/4563/2961
f 381/4410/2810 434/4563/2961 529/4409/2809
f 664/4359/2759 513/4361/2761 624/4564/2962
f 664/4359/2759 624/4564/2962 754/4358/2758
f 514/4349/2749 509/4351/2751 425/4348/2748
f 194/4296/2697 319/4565/2963 219/4293/2694
f 219/4293/2694 319/4565/2963 417/4291/2692
f 413/4566/2964 213/4567/2965 412/4568/2966
f 412/4568/2966 213/4567/2965 317/4569/2675
f 317/4569/2675 213/4567/2965 313/4570/2669
f 313/4570/2669 213/4567/2965 309/4571/2967
f 313/4570/2669 309/4571/2967 475/4572/2968
f 475/4572/2968 309/4571/2967 583/4573/2969
f 475/4572/2968 583/4573/2969 608/4574/2672
f 357/4575/2681 486/4266/2678 417/4576/2692
f 417/4576/2692 486/4266/2678 489/3651/35
f 417/4576/2692 319/4577/2963 215/4578/2682
f 161/4579/2685 215/4578/2682 194/4580/2697
f 161/4579/2685 194/4580/2697 275/4581/2699
f 215/4578/2682 319/4577/2963 194/4580/2697
f 275/4581/2699 419/4582/2700 216/4583/2683
f 216/4583/2683 419/4582/2700 359/4584/2684
f 359/4584/2684 419/4582/2700 490/4585/2686
f 678/4586/2687 490/4585/2686 614/4587/2701
f 678/4586/2687 614/4587/2701 833/4588/2688
f 893/4589/2689 833/4588/2688 800/4590/2709
f 893/4589/2689 800/4590/2709 834/4591/2690
f 834/4591/2690 800/4590/2709 746/4592/2711
f 834/4591/2690 746/4592/2711 616/4593/2712
f 419/4582/2700 494/4594/2702 490/4585/2686
f 490/4585/2686 494/4594/2702 614/4587/2701
f 745/4595/2707 800/4590/2709 833/4588/2688
f 745/4595/2707 833/4588/2688 614/4587/2701
f 616/4593/2712 497/4596/2714 679/4597/2695
f 616/4593/2712 679/4597/2695 834/4591/2690
f 421/4598/2713 278/4599/2719 219/4600/2694
f 219/4600/2694 278/4599/2719 163/4601/2696
f 163/4601/2696 278/4599/2719 196/4602/2721
f 163/4601/2696 196/4602/2721 220/4603/2698
f 220/4603/2698 196/4602/2721 279/4604/2723
f 220/4603/2698 279/4604/2723 422/4605/2724
f 422/4605/2724 501/4606/2300 363/4607/2705
f 422/4605/2724 363/4607/2705 220/4603/2698
f 750/4608/2734 620/4609/2736 837/4610/2710
f 750/4608/2734 837/4610/2710 802/4611/2732
f 802/4611/2732 837/4610/2710 894/4612/2708
f 620/4609/2736 505/4613/2738 683/4614/2717
f 683/4614/2717 505/4613/2738 502/4615/2718
f 502/4615/2718 505/4613/2738 424/4616/2740
f 502/4615/2718 424/4616/2740 365/4617/2715
f 365/4617/2715 424/4616/2740 282/4618/2742
f 365/4617/2715 282/4618/2742 223/4619/2716
f 223/4619/2716 282/4618/2742 198/4620/2744
f 223/4619/2716 198/4620/2744 165/4621/2720
f 165/4621/2720 198/4620/2744 224/4622/2722
f 367/4623/2728 224/4622/2722 425/4624/2748
f 367/4623/2728 425/4624/2748 509/4625/2751
f 198/4620/2744 320/4626/2746 224/4622/2722
f 224/4622/2722 320/4626/2746 425/4624/2748
f 622/4627/2750 753/4628/2753 840/4629/2727
f 840/4629/2727 753/4628/2753 804/4630/2752
f 840/4629/2727 804/4630/2752 896/4631/2731
f 896/4631/2731 804/4630/2752 841/4632/2733
f 687/4633/2735 841/4632/2733 624/4634/2962
f 687/4633/2735 624/4634/2962 513/4635/2761
f 804/4630/2752 754/4636/2758 841/4632/2733
f 841/4632/2733 754/4636/2758 624/4634/2962
f 513/4635/2761 426/4637/2762 510/4638/2737
f 510/4638/2737 426/4637/2762 369/4639/2739
f 369/4639/2739 426/4637/2762 227/4640/2741
f 167/4641/2743 227/4640/2741 200/4642/2763
f 167/4641/2743 200/4642/2763 228/4643/2745
f 371/4644/2747 228/4643/2745 428/4645/2771
f 371/4644/2747 428/4645/2771 514/4646/2749
f 514/4646/2749 428/4645/2771 517/4647/2773
f 514/4646/2749 517/4647/2773 626/4648/2775
f 426/4637/2762 321/4649/2764 227/4640/2741
f 227/4640/2741 321/4649/2764 200/4642/2763
f 322/4650/2769 428/4645/2771 228/4643/2745
f 322/4650/2769 228/4643/2745 200/4642/2763
f 757/4651/2776 806/4652/2777 844/4653/2757
f 757/4651/2776 844/4653/2757 626/4648/2775
f 626/4648/2775 844/4653/2757 689/4654/2756
f 626/4648/2775 689/4654/2756 514/4646/2749
f 806/4652/2777 758/4655/2781 845/4656/2755
f 664/4657/2759 845/4656/2755 628/4658/2783
f 664/4657/2759 628/4658/2783 518/4659/2760
f 518/4659/2760 628/4658/2783 521/4660/2785
f 518/4659/2760 521/4660/2785 430/4661/2786
f 845/4656/2755 758/4655/2781 628/4658/2783
f 430/4661/2786 287/4662/2788 373/4663/2767
f 430/4661/2786 373/4663/2767 518/4659/2760
f 201/4664/2787 323/4665/2793 232/4666/2766
f 375/4667/2770 232/4666/2766 432/4668/2795
f 375/4667/2770 432/4668/2795 522/4669/2772
f 665/4670/2774 522/4669/2772 630/4671/2798
f 665/4670/2774 630/4671/2798 761/4672/2800
f 232/4666/2766 323/4665/2793 432/4668/2795
f 525/4673/2797 630/4671/2798 522/4669/2772
f 525/4673/2797 522/4669/2772 432/4668/2795
f 529/4674/2809 434/4675/2961 377/4676/2791
f 377/4676/2791 434/4675/2961 235/4677/2792
f 235/4677/2792 202/4678/2813 171/4679/2789
f 171/4679/2789 202/4678/2813 236/4680/2790
f 379/4681/2794 236/4680/2790 436/4682/2816
f 379/4681/2794 436/4682/2816 530/4683/2796
f 694/4684/2803 530/4683/2796 634/4685/2822
f 694/4684/2803 634/4685/2822 852/4686/2804
f 852/4686/2804 634/4685/2822 765/4687/2821
f 434/4675/2961 324/4688/2812 235/4677/2792
f 235/4677/2792 324/4688/2812 202/4678/2813
f 202/4678/2813 325/4689/2814 236/4680/2790
f 236/4680/2790 325/4689/2814 436/4682/2816
f 436/4682/2816 533/4690/2820 530/4683/2796
f 530/4683/2796 533/4690/2820 634/4685/2822
f 765/4687/2821 810/4691/2824 852/4686/2804
f 852/4686/2804 810/4691/2824 901/4692/2801
f 901/4692/2801 810/4691/2824 766/4693/2960
f 901/4692/2801 766/4693/2960 853/4694/2802
f 853/4694/2802 766/4693/2960 636/4695/2828
f 853/4694/2802 636/4695/2828 695/4696/2806
f 695/4696/2806 636/4695/2828 537/4697/2831
f 695/4696/2806 537/4697/2831 534/4698/2808
f 534/4698/2808 537/4697/2831 381/4699/2810
f 381/4699/2810 537/4697/2831 438/4700/2833
f 381/4699/2810 438/4700/2833 239/4701/2811
f 239/4701/2811 438/4700/2833 292/4702/2835
f 239/4701/2811 292/4702/2835 203/4703/2836
f 440/4704/2839 541/4705/2843 538/4706/2819
f 538/4706/2819 541/4705/2843 638/4707/2850
f 538/4706/2819 638/4707/2850 696/4708/2826
f 696/4708/2826 638/4707/2850 791/4709/2823
f 791/4709/2823 638/4707/2850 769/4710/2852
f 791/4709/2823 769/4710/2852 812/4711/2845
f 640/4712/2847 545/4713/2855 542/4714/2830
f 542/4714/2830 545/4713/2855 442/4715/2856
f 542/4714/2830 442/4715/2856 385/4716/2832
f 385/4716/2832 442/4715/2856 243/4717/2834
f 243/4717/2834 442/4715/2856 296/4718/2863
f 243/4717/2834 296/4718/2863 205/4719/2864
f 205/4719/2864 297/4720/2858 175/4721/2841
f 205/4719/2864 175/4721/2841 243/4717/2834
f 444/4722/2857 550/4723/2867 546/4724/2842
f 699/4725/2849 546/4724/2842 642/4726/2869
f 699/4725/2849 642/4726/2869 858/4727/2851
f 858/4727/2851 642/4726/2869 773/4728/2871
f 858/4727/2851 773/4728/2871 814/4729/2872
f 546/4724/2842 550/4723/2867 642/4726/2869
f 300/4730/2882 206/4731/2884 177/4732/2865
f 177/4732/2865 206/4731/2884 301/4733/2886
f 177/4732/2865 301/4733/2886 248/4734/2866
f 248/4734/2866 301/4733/2886 448/4735/2887
f 248/4734/2866 448/4735/2887 391/4736/2859
f 391/4736/2859 448/4735/2887 557/4737/2888
f 391/4736/2859 557/4737/2888 554/4738/2860
f 554/4738/2860 557/4737/2888 646/4739/2890
f 554/4738/2860 646/4739/2890 702/4740/2868
f 702/4740/2868 646/4739/2890 861/4741/2870
f 907/4742/2877 861/4741/2870 816/4743/2901
f 907/4742/2877 816/4743/2901 794/4744/2874
f 794/4744/2874 816/4743/2901 778/4745/2903
f 794/4744/2874 778/4745/2903 648/4746/2896
f 646/4739/2890 777/4747/2894 861/4741/2870
f 861/4741/2870 777/4747/2894 816/4743/2901
f 450/4748/2898 326/4749/2906 251/4750/2881
f 251/4750/2881 326/4749/2906 207/4751/2913
f 251/4750/2881 207/4751/2913 179/4752/2883
f 179/4752/2883 207/4751/2913 252/4753/2885
f 252/4753/2885 207/4751/2913 304/4754/2915
f 252/4753/2885 304/4754/2915 451/4755/2908
f 650/4756/2910 781/4757/2917 864/4758/2893
f 864/4758/2893 781/4757/2917 818/4759/2920
f 864/4758/2893 818/4759/2920 908/4760/2900
f 908/4760/2900 818/4759/2920 865/4761/2902
f 865/4761/2902 818/4759/2920 782/4762/2922
f 865/4761/2902 782/4762/2922 652/4763/2923
f 453/4764/2926 327/4765/2929 255/4766/2905
f 255/4766/2905 327/4765/2929 209/4767/2932
f 255/4766/2905 209/4767/2932 181/4768/2912
f 181/4768/2912 209/4767/2932 256/4769/2914
f 256/4769/2914 209/4767/2932 307/4770/2934
f 256/4769/2914 307/4770/2934 455/4771/2935
f 786/4772/2945 656/4773/2947 710/4774/2928
f 710/4774/2928 656/4773/2947 577/4775/2950
f 710/4774/2928 577/4775/2950 574/4776/2925
f 574/4776/2925 577/4775/2950 457/4777/2949
f 574/4776/2925 457/4777/2949 401/4778/2927
f 401/4778/2927 457/4777/2949 259/4779/2930
f 259/4779/2930 211/4780/2953 183/4781/2931
f 183/4781/2931 211/4780/2953 260/4782/2933
f 403/4783/2940 260/4782/2933 412/4784/2674
f 403/4783/2940 412/4784/2674 478/4785/2673
f 457/4777/2949 329/4786/2951 259/4779/2930
f 259/4779/2930 329/4786/2951 211/4780/2953
f 211/4780/2953 330/4787/2957 260/4782/2933
f 260/4782/2933 330/4787/2957 412/4784/2674
f 478/4785/2673 607/4788/2668 712/4789/2939
f 712/4789/2939 607/4788/2668 732/4790/2670
f 583/4791/2969 309/4792/2967 405/4793/2955
f 405/4793/2955 309/4792/2967 263/4794/2952
f 263/4794/2952 309/4792/2967 213/4795/2965
f 213/4795/2965 413/4796/2964 341/4797/2679
f 341/4797/2679 264/4798/2956 213/4795/2965
f 213/4795/2965 264/4798/2956 185/4799/2954
f 213/4795/2965 185/4799/2954 263/4794/2952
f 405/4793/2955 581/4800/2948 583/4791/2969
f 583/4791/2969 581/4800/2948 713/4801/2946
f 583/4791/2969 713/4801/2946 608/4802/2672
f 608/4802/2672 713/4801/2946 872/4803/2944
f 608/4802/2672 872/4803/2944 737/4804/2676
f 737/4804/2676 872/4803/2944 878/4805/2943
f 737/4804/2676 878/4805/2943 797/4806/2677
f 797/4806/2677 878/4805/2943 871/4807/2942
f 797/4806/2677 871/4807/2942 732/4790/2670
f 732/4790/2670 871/4807/2942 712/4789/2939
f 712/4789/2939 578/4808/2937 478/4785/2673
f 478/4785/2673 578/4808/2937 403/4783/2940
f 710/4774/2928 868/4809/2921 786/4772/2945
f 786/4772/2945 868/4809/2921 909/4810/2919
f 786/4772/2945 909/4810/2919 820/4811/2958
f 820/4811/2958 909/4810/2919 867/4812/2918
f 820/4811/2958 867/4812/2918 785/4813/2941
f 785/4813/2941 867/4812/2918 708/4814/2911
f 785/4813/2941 708/4814/2911 654/4815/2938
f 654/4815/2938 708/4814/2911 570/4816/2909
f 654/4815/2938 570/4816/2909 573/4817/2936
f 573/4817/2936 570/4816/2909 399/4818/2916
f 573/4817/2936 399/4818/2916 455/4771/2935
f 455/4771/2935 399/4818/2916 256/4769/2914
f 255/4766/2905 397/4819/2899 453/4764/2926
f 453/4764/2926 397/4819/2899 566/4820/2897
f 453/4764/2926 566/4820/2897 569/4821/2924
f 569/4821/2924 566/4820/2897 706/4822/2904
f 569/4821/2924 706/4822/2904 652/4763/2923
f 652/4763/2923 706/4822/2904 865/4761/2902
f 864/4758/2893 704/4823/2891 650/4756/2910
f 650/4756/2910 704/4823/2891 562/4824/2889
f 650/4756/2910 562/4824/2889 565/4825/2907
f 565/4825/2907 562/4824/2889 395/4826/2892
f 565/4825/2907 395/4826/2892 451/4755/2908
f 451/4755/2908 395/4826/2892 252/4753/2885
f 251/4750/2881 393/4827/2880 450/4748/2898
f 450/4748/2898 393/4827/2880 558/4828/2879
f 450/4748/2898 558/4828/2879 561/4829/2895
f 561/4829/2895 558/4828/2879 703/4830/2876
f 561/4829/2895 703/4830/2876 648/4746/2896
f 648/4746/2896 703/4830/2876 794/4744/2874
f 177/4732/2865 247/4831/2862 300/4730/2882
f 300/4730/2882 247/4831/2862 389/4832/2861
f 300/4730/2882 389/4832/2861 446/4833/2959
f 446/4833/2959 389/4832/2861 549/4834/2854
f 446/4833/2959 549/4834/2854 553/4835/2878
f 553/4835/2878 549/4834/2854 700/4836/2848
f 553/4835/2878 700/4836/2848 644/4837/2875
f 644/4837/2875 700/4836/2848 793/4838/2846
f 644/4837/2875 793/4838/2846 774/4839/2873
f 774/4839/2873 793/4838/2846 905/4840/2853
f 774/4839/2873 905/4840/2853 814/4729/2872
f 814/4729/2872 905/4840/2853 858/4727/2851
f 546/4724/2842 387/4841/2840 444/4722/2857
f 444/4722/2857 387/4841/2840 297/4720/2858
f 387/4841/2840 244/4842/2838 297/4720/2858
f 297/4720/2858 244/4842/2838 175/4721/2841
f 542/4714/2830 697/4843/2829 640/4712/2847
f 640/4712/2847 697/4843/2829 792/4844/2827
f 640/4712/2847 792/4844/2827 770/4845/2844
f 770/4845/2844 792/4844/2827 903/4846/2825
f 770/4845/2844 903/4846/2825 812/4711/2845
f 812/4711/2845 903/4846/2825 791/4709/2823
f 538/4706/2819 383/4847/2817 440/4704/2839
f 440/4704/2839 383/4847/2817 240/4848/2815
f 440/4704/2839 240/4848/2815 293/4849/2837
f 293/4849/2837 240/4848/2815 173/4850/2818
f 293/4849/2837 173/4850/2818 203/4703/2836
f 203/4703/2836 173/4850/2818 239/4701/2811
f 377/4676/2791 526/4851/2784 529/4674/2809
f 529/4674/2809 526/4851/2784 692/4852/2782
f 529/4674/2809 692/4852/2782 632/4853/2807
f 632/4853/2807 692/4852/2782 849/4854/2779
f 632/4853/2807 849/4854/2779 762/4855/2805
f 762/4855/2805 849/4854/2779 899/4856/2778
f 762/4855/2805 899/4856/2778 808/4857/2799
f 808/4857/2799 899/4856/2778 848/4858/2780
f 808/4857/2799 848/4858/2780 761/4672/2800
f 761/4672/2800 848/4858/2780 665/4670/2774
f 232/4666/2766 169/4859/2765 201/4664/2787
f 201/4664/2787 169/4859/2765 287/4662/2788
f 169/4859/2765 231/4860/2768 287/4662/2788
f 287/4662/2788 231/4860/2768 373/4663/2767
f 845/4656/2755 897/4861/2754 806/4652/2777
f 806/4652/2777 897/4861/2754 844/4653/2757
f 510/4638/2737 687/4633/2735 513/4635/2761
f 840/4629/2727 685/4862/2726 622/4627/2750
f 622/4627/2750 685/4862/2726 506/4863/2729
f 622/4627/2750 506/4863/2729 509/4625/2751
f 509/4625/2751 506/4863/2729 367/4623/2728
f 620/4609/2736 683/4614/2717 837/4610/2710
f 802/4611/2732 894/4612/2708 749/4864/2730
f 749/4864/2730 894/4612/2708 836/4865/2704
f 749/4864/2730 836/4865/2704 618/4866/2725
f 618/4866/2725 836/4865/2704 681/4867/2703
f 618/4866/2725 681/4867/2703 501/4606/2300
f 501/4606/2300 681/4867/2703 498/4868/2706
f 501/4606/2300 498/4868/2706 363/4607/2705
f 219/4600/2694 361/4869/2693 421/4598/2713
f 421/4598/2713 361/4869/2693 497/4596/2714
f 361/4869/2693 493/4870/2691 497/4596/2714
f 497/4596/2714 493/4870/2691 679/4597/2695
f 216/4583/2683 161/4579/2685 275/4581/2699
f 215/4578/2682 357/4575/2681 417/4576/2692
f 2291/4871/2970 2404/3645/33 2405/3646/34
f 2863/4267/2664 2956/4872/2971 2864/3649/2972
f 2410/4873/93 2404/73/33 2291/3651/2970
f 2410/4873/93 2291/3651/2970 2347/4270/2973
f 2347/4270/2973 2484/4271/2974 2410/4873/93
f 2410/4873/93 2484/4271/2974 2537/4874/18
f 2871/4875/25 2932/4876/24 2959/4282/2975
f 2871/4875/25 2959/4282/2975 2808/4283/2976
f 2484/4271/2974 2629/4278/2977 2537/4874/18
f 2537/4874/18 2629/4278/2977 2626/4877/19
f 2629/4278/2977 2806/4878/2978 2626/4877/19
f 2626/4877/19 2806/4878/2978 2733/4879/20
f 2733/4879/20 2806/4878/2978 2870/4880/22
f 2870/4880/22 2806/4878/2978 2958/4277/2979
f 2870/4880/22 2958/4277/2979 2932/4876/24
f 2932/4876/24 2958/4277/2979 3020/4280/2980
f 2932/4876/24 3020/4280/2980 2959/4282/2975
f 2871/4875/25 2808/4283/2976 2738/4881/27
f 2738/4881/27 2808/4283/2976 2633/4882/2981
f 2738/4881/27 2633/4882/2981 2539/4883/29
f 2539/4883/29 2633/4882/2981 2486/4884/2982
f 2539/4883/29 2486/4884/2982 2413/4885/32
f 2405/4886/34 2413/4885/32 2293/4887/2983
f 2405/4886/34 2293/4887/2983 2351/4888/2984
f 2486/4884/2982 2350/4294/2985 2413/4885/32
f 2413/4885/32 2350/4294/2985 2293/4887/2983
f 2488/4889/2986 2637/4295/2987 2632/4890/2988
f 2632/4890/2988 2637/4295/2987 2810/4297/2989
f 2632/4890/2988 2810/4297/2989 2740/4891/2990
f 2740/4891/2990 2810/4297/2989 2874/4892/2991
f 2934/4893/2992 2874/4892/2991 3006/4894/2993
f 2934/4893/2992 3006/4894/2993 2875/4895/2994
f 2875/4895/2994 3006/4894/2993 2962/4302/2995
f 2875/4895/2994 2962/4302/2995 2812/4303/2996
f 2810/4297/2989 2961/4304/2997 2874/4892/2991
f 2874/4892/2991 2961/4304/2997 3006/4894/2993
f 2875/4895/2994 2812/4303/2996 2742/4896/2998
f 2742/4896/2998 2812/4303/2996 2641/4307/2999
f 2742/4896/2998 2641/4307/2999 2636/4897/3000
f 2636/4897/3000 2641/4307/2999 2490/4309/3001
f 2636/4897/3000 2490/4309/3001 2542/4898/3002
f 2542/4898/3002 2490/4309/3001 2354/4316/3003
f 2542/4898/3002 2354/4316/3003 2415/4899/3004
f 2415/4899/3004 2354/4316/3003 2295/4317/3005
f 2415/4899/3004 2295/4317/3005 2328/4900/3006
f 2328/4900/3006 2295/4317/3005 2416/4901/3007
f 2544/4902/3008 2416/4901/3007 2492/4903/3009
f 2544/4902/3008 2492/4903/3009 2640/4904/3010
f 2640/4904/3010 2492/4903/3009 2645/4905/3011
f 2640/4904/3010 2645/4905/3011 2744/4906/3012
f 2744/4906/3012 2645/4905/3011 2814/4907/3013
f 2744/4906/3012 2814/4907/3013 2965/4908/3014
f 2295/4317/3005 2355/4314/3015 2416/4901/3007
f 2416/4901/3007 2355/4314/3015 2492/4903/3009
f 2744/4906/3012 2965/4908/3014 2878/4909/3016
f 2878/4909/3016 2965/4908/3014 3023/4910/3017
f 2878/4909/3016 3023/4910/3017 2936/4911/3018
f 2936/4911/3018 3023/4910/3017 2879/4912/3019
f 2746/4913/3020 2879/4912/3019 2792/4914/3021
f 2746/4913/3020 2792/4914/3021 2644/4915/3022
f 2644/4915/3022 2792/4914/3021 2649/4331/3023
f 2644/4915/3022 2649/4331/3023 2494/4333/3024
f 3023/4910/3017 2966/4916/3025 2879/4912/3019
f 2879/4912/3019 2966/4916/3025 2792/4914/3021
f 2644/4915/3022 2494/4333/3024 2546/4917/3026
f 2546/4917/3026 2494/4333/3024 2358/4335/3027
f 2546/4917/3026 2358/4335/3027 2418/4918/3028
f 2418/4918/3028 2358/4335/3027 2297/4337/3029
f 2418/4918/3028 2297/4337/3029 2330/4919/3030
f 2330/4919/3030 2297/4337/3029 2419/4920/3031
f 2548/4921/3032 2419/4920/3031 2496/4922/3033
f 2548/4921/3032 2496/4922/3033 2648/4923/3034
f 2648/4923/3034 2496/4922/3033 2653/4343/3035
f 2648/4923/3034 2653/4343/3035 2817/4345/3036
f 2297/4337/3029 2359/4339/3037 2419/4920/3031
f 2419/4920/3031 2359/4339/3037 2496/4922/3033
f 2648/4923/3034 2817/4345/3036 2748/4924/3038
f 2748/4924/3038 2817/4345/3036 2969/4347/3039
f 2748/4924/3038 2969/4347/3039 2882/4925/3040
f 2882/4925/3040 2969/4347/3039 3024/4926/3041
f 2882/4925/3040 3024/4926/3041 2938/4927/3042
f 2938/4927/3042 3024/4926/3041 2883/4928/3043
f 2652/4929/3044 2750/4930/3045 2657/4931/3046
f 2652/4929/3044 2657/4931/3046 2498/4355/3047
f 3024/4926/3041 2970/4356/3048 2883/4928/3043
f 2883/4928/3043 2970/4356/3048 2750/4930/3045
f 2970/4356/3048 2819/4357/3049 2750/4930/3045
f 2750/4930/3045 2819/4357/3049 2657/4931/3046
f 2652/4929/3044 2498/4355/3047 2584/4932/3050
f 2584/4932/3050 2498/4355/3047 2362/4933/3051
f 2584/4932/3050 2362/4933/3051 2421/4934/3052
f 2421/4934/3052 2362/4933/3051 2299/4360/3053
f 2421/4934/3052 2299/4360/3053 2332/4935/3054
f 2332/4935/3054 2299/4360/3053 2422/4936/3055
f 2656/4937/3056 2551/4938/3057 2661/4365/3058
f 2656/4937/3056 2661/4365/3058 2821/4939/3059
f 2299/4360/3053 2363/4367/3060 2422/4936/3055
f 2422/4936/3055 2363/4367/3060 2551/4938/3057
f 2363/4367/3060 2500/4940/3061 2551/4938/3057
f 2551/4938/3057 2500/4940/3061 2661/4365/3058
f 2656/4937/3056 2821/4939/3059 2752/4941/3062
f 2752/4941/3062 2821/4939/3059 2972/4370/3063
f 2752/4941/3062 2972/4370/3063 2886/4942/3064
f 2886/4942/3064 2972/4370/3063 3026/4943/3065
f 2886/4942/3064 3026/4943/3065 2940/4944/3066
f 2940/4944/3066 3026/4943/3065 2887/4945/3067
f 2660/4946/3068 2754/4947/3069 2665/4378/3070
f 2660/4946/3068 2665/4378/3070 2502/4379/3071
f 3026/4943/3065 2973/4948/3072 2887/4945/3067
f 2887/4945/3067 2973/4948/3072 2754/4947/3069
f 2973/4948/3072 2823/4380/3073 2754/4947/3069
f 2754/4947/3069 2823/4380/3073 2665/4378/3070
f 2660/4946/3068 2502/4379/3071 2585/4949/3074
f 2585/4949/3074 2502/4379/3071 2366/4382/3075
f 2585/4949/3074 2366/4382/3075 2423/4950/3076
f 2423/4950/3076 2366/4382/3075 2301/4384/3077
f 2423/4950/3076 2301/4384/3077 2334/4951/3078
f 2334/4951/3078 2301/4384/3077 2367/4391/3079
f 2334/4951/3078 2367/4391/3079 2424/4952/3080
f 2424/4952/3080 2367/4391/3079 2504/4392/3081
f 2424/4952/3080 2504/4392/3081 2586/4953/3082
f 2586/4953/3082 2504/4392/3081 2664/4954/3083
f 2890/4955/3084 2756/4956/3085 2976/4957/3086
f 2890/4955/3084 2976/4957/3086 3028/4958/3087
f 2504/4392/3081 2669/4959/3088 2664/4954/3083
f 2664/4954/3083 2669/4959/3088 2756/4956/3085
f 2669/4959/3088 2825/4960/3089 2756/4956/3085
f 2756/4956/3085 2825/4960/3089 2976/4957/3086
f 2890/4955/3084 3028/4958/3087 2942/4961/3090
f 2942/4961/3090 3028/4958/3087 2977/4962/3091
f 2942/4961/3090 2977/4962/3091 2891/4963/3092
f 2891/4963/3092 2977/4962/3091 2827/4964/3093
f 2891/4963/3092 2827/4964/3093 2758/4965/3094
f 2758/4965/3094 2827/4964/3093 2668/4966/3095
f 2427/4967/3096 2555/4968/3097 2370/4406/3098
f 2427/4967/3096 2370/4406/3098 2303/4408/3099
f 2827/4964/3093 2673/4969/3100 2668/4966/3095
f 2668/4966/3095 2673/4969/3100 2555/4968/3097
f 2673/4969/3100 2506/4970/3101 2555/4968/3097
f 2555/4968/3097 2506/4970/3101 2370/4406/3098
f 2427/4967/3096 2303/4408/3099 2406/4971/3102
f 2406/4971/3102 2303/4408/3099 2371/4972/3103
f 2406/4971/3102 2371/4972/3103 2428/4973/3104
f 2428/4973/3104 2371/4972/3103 2508/4411/3105
f 2428/4973/3104 2508/4411/3105 2557/4974/3106
f 2557/4974/3106 2508/4411/3105 2672/4975/3107
f 2760/4976/3108 2672/4975/3107 2793/4977/3109
f 2760/4976/3108 2793/4977/3109 2894/4978/3110
f 2894/4978/3110 2793/4977/3109 2980/4417/3111
f 2508/4411/3105 2677/4418/3112 2672/4975/3107
f 2672/4975/3107 2677/4418/3112 2793/4977/3109
f 2980/4417/3111 3008/4979/3113 2894/4978/3110
f 2894/4978/3110 3008/4979/3113 2944/4980/3114
f 2944/4980/3114 3008/4979/3113 2895/4981/3115
f 2559/4982/3116 2676/4983/3117 2510/4984/3118
f 2559/4982/3116 2510/4984/3118 2430/4985/3119
f 2430/4985/3119 2510/4984/3118 2374/4986/3120
f 3008/4979/3113 2981/4987/3121 2895/4981/3115
f 2981/4987/3121 2830/4988/3122 2895/4981/3115
f 2895/4981/3115 2830/4988/3122 2762/4989/3123
f 2762/4989/3123 2830/4988/3122 2676/4983/3117
f 2676/4983/3117 2830/4988/3122 2681/4425/3124
f 2676/4983/3117 2681/4425/3124 2510/4984/3118
f 2374/4986/3120 2305/4990/3125 2430/4985/3119
f 2430/4985/3119 2305/4990/3125 2407/4991/3126
f 2407/4991/3126 2305/4990/3125 2431/4992/3127
f 2764/4993/3128 2680/4994/3129 2794/4995/3130
f 2764/4993/3128 2794/4995/3130 2898/4996/3131
f 2898/4996/3131 2794/4995/3130 2983/4997/3132
f 2898/4996/3131 2983/4997/3132 3031/4998/3133
f 2305/4990/3125 2375/4999/3134 2431/4992/3127
f 2375/4999/3134 2512/5000/3135 2431/4992/3127
f 2431/4992/3127 2512/5000/3135 2561/5001/3136
f 2561/5001/3136 2512/5000/3135 2680/4994/3129
f 2680/4994/3129 2512/5000/3135 2685/5002/3137
f 2680/4994/3129 2685/5002/3137 2794/4995/3130
f 2898/4996/3131 3031/4998/3133 2946/5003/3138
f 2946/5003/3138 3031/4998/3133 2984/4449/3139
f 2946/5003/3138 2984/4449/3139 2899/5004/3140
f 2899/5004/3140 2984/4449/3139 2833/5005/3141
f 2899/5004/3140 2833/5005/3141 2766/5006/3142
f 2766/5006/3142 2833/5005/3141 2684/5007/3143
f 2465/5008/3144 2563/5009/3145 2514/5010/3146
f 2465/5008/3144 2514/5010/3146 2378/5011/3147
f 2833/5005/3141 2689/4453/3148 2684/5007/3143
f 2684/5007/3143 2689/4453/3148 2563/5009/3145
f 2689/4453/3148 2514/5010/3146 2563/5009/3145
f 2465/5008/3144 2378/5011/3147 2408/5012/3149
f 2408/5012/3149 2378/5011/3147 2307/5013/3150
f 2408/5012/3149 2307/5013/3150 2434/5014/3151
f 2434/5014/3151 2307/5013/3150 2379/4461/3152
f 2434/5014/3151 2379/4461/3152 2516/5015/3153
f 2516/5015/3153 2693/5016/3154 2688/5017/3155
f 2688/5017/3155 2693/5016/3154 2835/4466/3156
f 2688/5017/3155 2835/4466/3156 2768/5018/3157
f 2768/5018/3157 2835/4466/3156 2902/5019/3158
f 2903/5020/3159 2948/5021/3160 3033/5022/3161
f 2903/5020/3159 3033/5022/3161 2988/5023/3162
f 2835/4466/3156 2987/4459/3163 2902/5019/3158
f 2902/5019/3158 2987/4459/3163 2948/5021/3160
f 2987/4459/3163 3033/5022/3161 2948/5021/3160
f 2988/5023/3162 2837/5024/3164 2903/5020/3159
f 2903/5020/3159 2837/5024/3164 2770/5025/3165
f 2339/5026/3166 2437/5027/3167 2309/5028/3168
f 2339/5026/3166 2309/5028/3168 2438/5029/3169
f 2438/5029/3169 2309/5028/3168 2383/5030/3170
f 2837/5024/3164 2697/5031/3171 2770/5025/3165
f 2770/5025/3165 2697/5031/3171 2692/5032/3172
f 2697/5031/3171 2518/5033/3173 2692/5032/3172
f 2692/5032/3172 2518/5033/3173 2567/5034/3174
f 2567/5034/3174 2518/5033/3173 2437/5027/3167
f 2437/5027/3167 2518/5033/3173 2382/4476/3175
f 2437/5027/3167 2382/4476/3175 2309/5028/3168
f 2383/5030/3170 2520/5035/3176 2438/5029/3169
f 2438/5029/3169 2520/5035/3176 2569/5036/3177
f 2950/5037/3178 2906/5038/3179 3009/5039/3180
f 2950/5037/3178 3009/5039/3180 2907/5040/3181
f 2907/5040/3181 3009/5039/3180 2991/4491/3182
f 2520/5035/3176 2701/4483/3183 2569/5036/3177
f 2569/5036/3177 2701/4483/3183 2696/5041/3184
f 2701/4483/3183 2838/4485/3185 2696/5041/3184
f 2696/5041/3184 2838/4485/3185 2772/5042/3186
f 2772/5042/3186 2838/4485/3185 2906/5038/3179
f 2906/5038/3179 2838/4485/3185 2990/5043/3187
f 2906/5038/3179 2990/5043/3187 3009/5039/3180
f 2907/5040/3181 2991/4491/3182 2774/5044/3188
f 2774/5044/3188 2991/4491/3182 2840/4493/3189
f 2774/5044/3188 2840/4493/3189 2705/4500/3190
f 2774/5044/3188 2705/4500/3190 2700/5045/3191
f 2700/5045/3191 2705/4500/3190 2522/5046/3192
f 2700/5045/3191 2522/5046/3192 2571/5047/3193
f 2571/5047/3193 2522/5046/3192 2441/5048/3194
f 2341/5049/3195 2441/5048/3194 2311/5050/3196
f 2341/5049/3195 2311/5050/3196 2442/5051/3197
f 2442/5051/3197 2311/5050/3196 2387/5052/3198
f 2522/5046/3192 2386/5053/3199 2441/5048/3194
f 2441/5048/3194 2386/5053/3199 2311/5050/3196
f 2442/5051/3197 2387/5052/3198 2587/5054/3200
f 2587/5054/3200 2387/5052/3198 2524/5055/3201
f 2587/5054/3200 2524/5055/3201 2709/5056/3202
f 2587/5054/3200 2709/5056/3202 2704/5057/3203
f 2704/5057/3203 2709/5056/3202 2842/5058/3204
f 2704/5057/3203 2842/5058/3204 2776/5059/3205
f 2776/5059/3205 2842/5058/3204 2910/5060/3206
f 2952/5061/3207 2910/5060/3206 3010/5062/3208
f 2952/5061/3207 3010/5062/3208 2911/5063/3209
f 2911/5063/3209 3010/5062/3208 2995/5064/3210
f 2842/5058/3204 2994/5065/3211 2910/5060/3206
f 2910/5060/3206 2994/5065/3211 3010/5062/3208
f 2911/5063/3209 2995/5064/3210 2778/5066/3212
f 2778/5066/3212 2995/5064/3210 2844/5067/3213
f 2778/5066/3212 2844/5067/3213 2708/5068/3214
f 2708/5068/3214 2844/5067/3213 2713/5069/3215
f 2708/5068/3214 2713/5069/3215 2526/5070/3216
f 2526/5070/3216 2390/5071/3217 2444/5072/3218
f 2444/5072/3218 2390/5071/3217 2313/5073/3219
f 2313/5073/3219 2445/5074/3220 2409/5075/3221
f 2576/5076/3222 2445/5074/3220 2528/5077/3223
f 2576/5076/3222 2528/5077/3223 2712/5078/3224
f 2712/5078/3224 2528/5077/3223 2717/4531/3225
f 2313/5073/3219 2391/5079/3226 2445/5074/3220
f 2445/5074/3220 2391/5079/3226 2528/5077/3223
f 2717/4531/3225 2846/5080/3227 2712/5078/3224
f 2712/5078/3224 2846/5080/3227 2780/5081/3228
f 2954/5082/3229 2914/5083/3230 3011/5084/3231
f 2954/5082/3229 3011/5084/3231 2915/5085/3232
f 2915/5085/3232 3011/5084/3231 2999/4539/3233
f 2846/5080/3227 2998/5086/3234 2780/5081/3228
f 2780/5081/3228 2998/5086/3234 2914/5083/3230
f 2998/5086/3234 3011/5084/3231 2914/5083/3230
f 2915/5085/3232 2999/4539/3233 2796/5087/3235
f 2716/5088/3236 2796/5087/3235 2721/5089/3237
f 2716/5088/3236 2721/5089/3237 2530/4544/3238
f 2716/5088/3236 2530/4544/3238 2577/5090/3239
f 2577/5090/3239 2530/4544/3238 2394/5091/3240
f 2577/5090/3239 2394/5091/3240 2448/5092/3241
f 2448/5092/3241 2394/5091/3240 2315/5093/3242
f 2448/5092/3241 2315/5093/3242 2344/5094/3243
f 2344/5094/3243 2315/5093/3242 2449/5095/3244
f 2579/5096/3245 2449/5095/3244 2532/5097/3246
f 2579/5096/3245 2532/5097/3246 2720/5098/3247
f 2720/5098/3247 2532/5097/3246 2725/5099/3248
f 2315/5093/3242 2395/5100/3249 2449/5095/3244
f 2449/5095/3244 2395/5100/3249 2532/5097/3246
f 2720/5098/3247 2725/5099/3248 2784/5101/3250
f 2784/5101/3250 2725/5099/3248 2849/5102/3251
f 2784/5101/3250 2849/5102/3251 2956/4559/2971
f 2956/4559/2971 2863/5103/2664 2784/5101/3250
f 2716/5088/3236 2782/5104/3252 2796/5087/3235
f 2796/5087/3235 2782/5104/3252 2915/5085/3232
f 2313/5073/3219 2409/5075/3221 2444/5072/3218
f 2444/5072/3218 2574/5105/3253 2526/5070/3216
f 2526/5070/3216 2574/5105/3253 2708/5068/3214
f 2688/5017/3155 2565/5106/3254 2516/5015/3153
f 2516/5015/3153 2565/5106/3254 2434/5014/3151
f 2632/4890/2988 2583/4565/3255 2488/4889/2986
f 2488/4889/2986 2583/4565/3255 2411/5107/3256
f 2488/4889/2986 2411/5107/3256 2351/4888/2984
f 2351/4888/2984 2411/5107/3256 2405/4886/34
f 2864/4566/3257 2727/5108/3258 2863/4568/3259
f 2863/4568/3259 2727/5108/3258 2734/4569/2665
f 2734/4569/2665 2727/5108/3258 2481/5109/2659
f 2481/5109/2659 2727/5108/3258 2452/5110/3260
f 2481/5109/2659 2452/5110/3260 2453/4572/3261
f 2453/4572/3261 2452/5110/3260 2346/4573/3262
f 2453/4572/3261 2346/4573/3262 2456/4574/2662
f 2347/4575/2973 2291/4871/2970 2411/5111/3256
f 2411/5111/3256 2291/4871/2970 2405/3651/34
f 2411/5111/3256 2583/5112/3255 2484/5113/2974
f 2629/4579/2977 2484/5113/2974 2632/5114/2988
f 2629/4579/2977 2632/5114/2988 2806/4583/2978
f 2806/4583/2978 2632/5114/2988 2740/5115/2990
f 2806/4583/2978 2740/5115/2990 2874/5116/2991
f 2484/5113/2974 2583/5112/3255 2632/5114/2988
f 2874/5116/2991 2934/5117/2992 2958/4584/2979
f 2874/5116/2991 2958/4584/2979 2806/4583/2978
f 2875/5118/2994 2742/5119/2998 2808/5120/2976
f 2633/4589/2981 2808/5120/2976 2636/5121/3000
f 2633/4589/2981 2636/5121/3000 2486/4591/2982
f 2486/4591/2982 2636/5121/3000 2542/5122/3002
f 2486/4591/2982 2542/5122/3002 2415/5123/3004
f 2808/5120/2976 2742/5119/2998 2636/5121/3000
f 2415/5123/3004 2328/5124/3006 2350/4597/2985
f 2415/5123/3004 2350/4597/2985 2486/4591/2982
f 2416/5125/3007 2544/5126/3008 2488/4600/2986
f 2488/4600/2986 2544/5126/3008 2637/4601/2987
f 2637/4601/2987 2544/5126/3008 2640/5127/3010
f 2637/4601/2987 2640/5127/3010 2810/5128/2989
f 2810/5128/2989 2640/5127/3010 2744/5129/3012
f 2810/5128/2989 2744/5129/3012 2961/4607/2997
f 2961/4607/2997 2744/5129/3012 2878/5130/3016
f 2961/4607/2997 2878/5130/3016 2936/5131/3018
f 2546/5132/3026 2418/5133/3028 2354/4614/3003
f 2354/4614/3003 2418/5133/3028 2330/5134/3030
f 2354/4614/3003 2330/5134/3030 2295/4615/3005
f 2295/4615/3005 2330/5134/3030 2419/5135/3031
f 2295/4615/3005 2419/5135/3031 2355/4617/3015
f 2355/4617/3015 2419/5135/3031 2548/5136/3032
f 2355/4617/3015 2548/5136/3032 2492/5137/3009
f 2492/5137/3009 2548/5136/3032 2645/4621/3011
f 2645/4621/3011 2548/5136/3032 2648/5138/3034
f 2645/4621/3011 2648/5138/3034 2814/5139/3013
f 2965/4623/3014 2814/5139/3013 2882/5140/3040
f 2965/4623/3014 2882/5140/3040 3023/5141/3017
f 3023/5141/3017 2882/5140/3040 2938/5142/3042
f 3023/5141/3017 2938/5142/3042 2883/5143/3043
f 2648/5138/3034 2748/4626/3038 2814/5139/3013
f 2814/5139/3013 2748/4626/3038 2882/5140/3040
f 2883/5143/3043 2750/5144/3045 2966/4862/3025
f 2883/5143/3043 2966/4862/3025 3023/5141/3017
f 2652/5145/3044 2584/4636/3050 2494/5146/3024
f 2358/5147/3027 2494/5146/3024 2421/5148/3052
f 2358/5147/3027 2421/5148/3052 2297/4638/3029
f 2297/4638/3029 2421/5148/3052 2332/5149/3054
f 2297/4638/3029 2332/5149/3054 2422/5150/3055
f 2494/5146/3024 2584/4636/3050 2421/5148/3052
f 2422/5150/3055 2551/5151/3057 2359/4639/3037
f 2422/5150/3055 2359/4639/3037 2297/4638/3029
f 2656/5152/3056 2752/5153/3062 2817/5154/3036
f 2969/4644/3039 2817/5154/3036 2886/5155/3064
f 2969/4644/3039 2886/5155/3064 3024/4646/3041
f 3024/4646/3041 2886/5155/3064 2940/5156/3066
f 3024/4646/3041 2940/5156/3066 2887/5157/3067
f 2817/5154/3036 2752/5153/3062 2886/5155/3064
f 2754/5158/3069 2660/5159/3068 2819/5160/3049
f 2754/5158/3069 2819/5160/3049 2887/5157/3067
f 2887/5157/3067 2819/5160/3049 2970/4654/3048
f 2887/5157/3067 2970/4654/3048 3024/4646/3041
f 2660/5159/3068 2585/5161/3074 2498/5162/3047
f 2362/4657/3051 2498/5162/3047 2423/5163/3076
f 2362/4657/3051 2423/5163/3076 2299/4659/3053
f 2299/4659/3053 2423/5163/3076 2334/5164/3078
f 2299/4659/3053 2334/5164/3078 2424/5165/3080
f 2498/5162/3047 2585/5161/3074 2423/5163/3076
f 2586/5166/3082 2664/5167/3083 2500/5168/3061
f 2586/5166/3082 2500/5168/3061 2424/5165/3080
f 2424/5165/3080 2500/5168/3061 2363/4663/3060
f 2424/5165/3080 2363/4663/3060 2299/4659/3053
f 2942/5169/3090 2891/5170/3092 3026/5171/3065
f 2942/5169/3090 3026/5171/3065 2890/5172/3084
f 2890/5172/3084 3026/5171/3065 2972/5173/3063
f 2891/5170/3092 2758/5174/3094 2973/4670/3072
f 2973/4670/3072 2758/5174/3094 2823/4858/3073
f 2823/4858/3073 2758/5174/3094 2668/5175/3095
f 2823/4858/3073 2668/5175/3095 2665/5176/3070
f 2665/5176/3070 2668/5175/3095 2555/5177/3097
f 2665/5176/3070 2555/5177/3097 2502/5178/3071
f 2502/5178/3071 2555/5177/3097 2366/4852/3075
f 2366/4852/3075 2555/5177/3097 2427/5179/3096
f 2366/4852/3075 2427/5179/3096 2301/5180/3077
f 2367/4676/3079 2301/5180/3077 2428/5181/3104
f 2367/4676/3079 2428/5181/3104 2504/5182/3081
f 2504/5182/3081 2428/5181/3104 2557/5183/3106
f 2504/5182/3081 2557/5183/3106 2672/5184/3107
f 2406/5185/3102 2428/5181/3104 2301/5180/3077
f 2406/5185/3102 2301/5180/3077 2427/5179/3096
f 2760/4689/3108 2894/5186/3110 2825/5187/3089
f 2760/4689/3108 2825/5187/3089 2672/5184/3107
f 2672/5184/3107 2825/5187/3089 2669/4679/3088
f 2672/5184/3107 2669/4679/3088 2504/5182/3081
f 2894/5186/3110 2944/5188/3114 3028/5189/3087
f 2977/5190/3091 3028/5189/3087 2895/5191/3115
f 2977/5190/3091 2895/5191/3115 2827/5192/3093
f 2827/5192/3093 2895/5191/3115 2762/5193/3123
f 2827/5192/3093 2762/5193/3123 2676/5194/3117
f 3028/5189/3087 2944/5188/3114 2895/5191/3115
f 2430/5195/3119 2407/5196/3126 2303/5197/3099
f 2303/5197/3099 2407/5196/3126 2431/5198/3127
f 2303/5197/3099 2431/5198/3127 2371/4699/3103
f 2371/4699/3103 2431/5198/3127 2508/4701/3105
f 2508/4701/3105 2431/5198/3127 2561/5199/3136
f 2508/4701/3105 2561/5199/3136 2680/5200/3129
f 2946/5201/3138 2899/5202/3140 2981/4708/3121
f 2981/4708/3121 2899/5202/3140 2830/4709/3122
f 2830/4709/3122 2899/5202/3140 2766/5203/3142
f 2830/4709/3122 2766/5203/3142 2684/5204/3143
f 2563/5205/3145 2465/5206/3144 2374/5207/3120
f 2374/5207/3120 2465/5206/3144 2408/5208/3149
f 2374/5207/3120 2408/5208/3149 2305/5209/3125
f 2305/5209/3125 2408/5208/3149 2434/5210/3151
f 2305/5209/3125 2434/5210/3151 2375/5211/3134
f 2375/5211/3134 2434/5210/3151 2512/5212/3135
f 2512/5212/3135 2434/5210/3151 2565/5213/3254
f 2512/5212/3135 2565/5213/3254 2688/5214/3155
f 2770/5215/3165 2692/5216/3172 2689/4840/3148
f 2689/4840/3148 2692/5216/3172 2567/5217/3174
f 2689/4840/3148 2567/5217/3174 2514/5218/3146
f 2514/5218/3146 2567/5217/3174 2437/5219/3167
f 2514/5218/3146 2437/5219/3167 2378/5220/3147
f 2378/5220/3147 2437/5219/3167 2339/5221/3166
f 2378/5220/3147 2339/5221/3166 2307/5222/3150
f 2307/5222/3150 2339/5221/3166 2438/5223/3169
f 2307/5222/3150 2438/5223/3169 2379/5224/3152
f 2379/5224/3152 2438/5223/3169 2569/5225/3177
f 2379/5224/3152 2569/5225/3177 2516/5226/3153
f 2516/5226/3153 2569/5225/3177 2693/4732/3154
f 2693/4732/3154 2569/5225/3177 2696/5227/3184
f 2693/4732/3154 2696/5227/3184 2772/5228/3186
f 2772/5228/3186 2906/5229/3179 2835/5230/3156
f 2835/5230/3156 2906/5229/3179 2987/4736/3163
f 2987/4736/3163 2906/5229/3179 2950/5231/3178
f 2987/4736/3163 2950/5231/3178 3033/4738/3161
f 3033/4738/3161 2950/5231/3178 2907/5232/3181
f 3033/4738/3161 2907/5232/3181 2988/5233/3162
f 2988/5233/3162 2907/5232/3181 2774/5234/3188
f 2988/5233/3162 2774/5234/3188 2837/5235/3164
f 2837/5235/3164 2774/5234/3188 2697/5236/3171
f 2697/5236/3171 2774/5234/3188 2700/5237/3191
f 2697/5236/3171 2700/5237/3191 2518/4744/3173
f 2518/4744/3173 2700/5237/3191 2571/5238/3193
f 2518/4744/3173 2571/5238/3193 2441/5239/3194
f 2442/5240/3197 2587/5241/3200 2520/5242/3176
f 2520/5242/3176 2587/5241/3200 2704/5243/3203
f 2520/5242/3176 2704/5243/3203 2701/5244/3183
f 2701/5244/3183 2704/5243/3203 2838/5245/3185
f 2838/5245/3185 2704/5243/3203 2776/5246/3205
f 2838/5245/3185 2776/5246/3205 2910/5247/3206
f 2910/5247/3206 2952/5248/3207 3009/5249/3180
f 3009/5249/3180 2952/5248/3207 2911/5250/3209
f 3009/5249/3180 2911/5250/3209 2991/5251/3182
f 2991/5251/3182 2911/5250/3209 2778/5252/3212
f 2778/5252/3212 2708/5253/3214 2705/5254/3190
f 2705/5254/3190 2708/5253/3214 2522/5255/3192
f 2522/5255/3192 2708/5253/3214 2574/5256/3253
f 2522/5255/3192 2574/5256/3253 2444/5257/3218
f 2444/5257/3218 2409/5258/3221 2311/5259/3196
f 2311/5259/3196 2409/5258/3221 2445/5260/3220
f 2577/5261/3239 2448/5262/3241 2390/4774/3217
f 2390/4774/3217 2448/5262/3241 2344/5263/3243
f 2390/4774/3217 2344/5263/3243 2313/5264/3219
f 2313/5264/3219 2344/5263/3243 2449/5265/3244
f 2313/5264/3219 2449/5265/3244 2391/5266/3226
f 2391/5266/3226 2449/5265/3244 2579/5267/3245
f 2391/5266/3226 2579/5267/3245 2528/5268/3223
f 2528/5268/3223 2579/5267/3245 2720/5269/3247
f 2528/5268/3223 2720/5269/3247 2717/5270/3225
f 2717/5270/3225 2720/5269/3247 2784/5271/3250
f 2717/5270/3225 2784/5271/3250 2846/5272/3227
f 2846/5272/3227 2784/5271/3250 2998/4783/3234
f 2998/4783/3234 2784/5271/3250 2863/5273/2664
f 2998/4783/3234 2863/5273/2664 2929/5274/2663
f 2929/5274/2663 2919/5275/2658 2999/5276/3233
f 2929/5274/2663 2999/5276/3233 3011/5277/3231
f 2796/5278/3235 2999/5276/3233 2786/5279/2660
f 2796/5278/3235 2786/5279/2660 2724/5280/2667
f 2919/5275/2658 2786/5279/2660 2999/5276/3233
f 2727/5281/3258 2864/5282/3257 2956/5283/2971
f 2956/5283/2971 2849/5284/3251 2727/5281/3258
f 2727/5281/3258 2849/5284/3251 2725/5285/3248
f 2727/5281/3258 2725/5285/3248 2532/5286/3246
f 2727/5281/3258 2532/5286/3246 2452/5287/3260
f 2452/5287/3260 2532/5286/3246 2395/5288/3249
f 2452/5287/3260 2395/5288/3249 2315/5289/3242
f 2452/5287/3260 2315/5289/3242 2346/5290/3262
f 2346/5290/3262 2315/5289/3242 2394/5291/3240
f 2346/5290/3262 2394/5291/3240 2456/5292/2662
f 2456/5292/2662 2394/5291/3240 2530/5293/3238
f 2456/5292/2662 2530/5293/3238 2582/5294/2666
f 2582/5294/2666 2530/5293/3238 2721/4805/3237
f 2582/5294/2666 2721/4805/3237 2724/5280/2667
f 2724/5280/2667 2721/4805/3237 2796/5278/3235
f 3011/5277/3231 2998/4783/3234 2929/5274/2663
f 2390/4774/3217 2526/5295/3216 2577/5261/3239
f 2577/5261/3239 2526/5295/3216 2713/4810/3215
f 2577/5261/3239 2713/4810/3215 2716/5296/3236
f 2716/5296/3236 2713/4810/3215 2844/5297/3213
f 2716/5296/3236 2844/5297/3213 2782/5298/3252
f 2782/5298/3252 2844/5297/3213 2995/5299/3210
f 2782/5298/3252 2995/5299/3210 2915/5300/3232
f 2915/5300/3232 2995/5299/3210 3010/5301/3208
f 2915/5300/3232 3010/5301/3208 2954/5302/3229
f 2954/5302/3229 3010/5301/3208 2994/5303/3211
f 2954/5302/3229 2994/5303/3211 2914/5304/3230
f 2914/5304/3230 2994/5303/3211 2842/5305/3204
f 2914/5304/3230 2842/5305/3204 2780/5306/3228
f 2780/5306/3228 2842/5305/3204 2709/5307/3202
f 2780/5306/3228 2709/5307/3202 2712/5308/3224
f 2712/5308/3224 2709/5307/3202 2524/5309/3201
f 2712/5308/3224 2524/5309/3201 2576/5310/3222
f 2576/5310/3222 2524/5309/3201 2387/5311/3198
f 2576/5310/3222 2387/5311/3198 2445/5260/3220
f 2445/5260/3220 2387/5311/3198 2311/5259/3196
f 2311/5259/3196 2386/5312/3199 2444/5257/3218
f 2444/5257/3218 2386/5312/3199 2522/5255/3192
f 2705/5254/3190 2840/5313/3189 2778/5252/3212
f 2778/5252/3212 2840/5313/3189 2991/5251/3182
f 3009/5249/3180 2990/5314/3187 2910/5247/3206
f 2910/5247/3206 2990/5314/3187 2838/5245/3185
f 2520/5242/3176 2383/5315/3170 2442/5240/3197
f 2442/5240/3197 2383/5315/3170 2309/5316/3168
f 2442/5240/3197 2309/5316/3168 2341/5317/3195
f 2341/5317/3195 2309/5316/3168 2382/5318/3175
f 2341/5317/3195 2382/5318/3175 2441/5239/3194
f 2441/5239/3194 2382/5318/3175 2518/4744/3173
f 2835/5230/3156 2693/4732/3154 2772/5228/3186
f 2689/4840/3148 2833/4727/3141 2770/5215/3165
f 2770/5215/3165 2833/4727/3141 2984/4725/3139
f 2770/5215/3165 2984/4725/3139 2903/5319/3159
f 2903/5319/3159 2984/4725/3139 3031/5320/3133
f 2903/5319/3159 3031/5320/3133 2948/5321/3160
f 2948/5321/3160 3031/5320/3133 2983/5322/3132
f 2948/5321/3160 2983/5322/3132 2902/5323/3158
f 2902/5323/3158 2983/5322/3132 2794/5324/3130
f 2902/5323/3158 2794/5324/3130 2768/5325/3157
f 2768/5325/3157 2794/5324/3130 2685/4721/3137
f 2768/5325/3157 2685/4721/3137 2688/5214/3155
f 2688/5214/3155 2685/4721/3137 2512/5212/3135
f 2374/5207/3120 2510/4844/3118 2563/5205/3145
f 2563/5205/3145 2510/4844/3118 2681/5326/3124
f 2563/5205/3145 2681/5326/3124 2684/5204/3143
f 2684/5204/3143 2681/5326/3124 2830/4709/3122
f 2981/4708/3121 3008/5327/3113 2946/5201/3138
f 2946/5201/3138 3008/5327/3113 2980/5328/3111
f 2946/5201/3138 2980/5328/3111 2898/5329/3131
f 2898/5329/3131 2980/5328/3111 2793/5330/3109
f 2898/5329/3131 2793/5330/3109 2764/5331/3128
f 2764/5331/3128 2793/5330/3109 2677/5332/3112
f 2764/5331/3128 2677/5332/3112 2680/5200/3129
f 2680/5200/3129 2677/5332/3112 2508/4701/3105
f 2303/5197/3099 2370/5333/3098 2430/5195/3119
f 2430/5195/3119 2370/5333/3098 2506/4694/3101
f 2430/5195/3119 2506/4694/3101 2559/5334/3116
f 2559/5334/3116 2506/4694/3101 2673/4692/3100
f 2559/5334/3116 2673/4692/3100 2676/5194/3117
f 2676/5194/3117 2673/4692/3100 2827/5192/3093
f 3028/5189/3087 2976/4681/3086 2894/5186/3110
f 2894/5186/3110 2976/4681/3086 2825/5187/3089
f 2891/5170/3092 2973/4670/3072 3026/5171/3065
f 2890/5172/3084 2972/5173/3063 2756/5335/3085
f 2756/5335/3085 2972/5173/3063 2821/5336/3059
f 2756/5335/3085 2821/5336/3059 2664/5167/3083
f 2664/5167/3083 2821/5336/3059 2661/4859/3058
f 2664/5167/3083 2661/4859/3058 2500/5168/3061
f 2498/5162/3047 2657/4861/3046 2660/5159/3068
f 2660/5159/3068 2657/4861/3046 2819/5160/3049
f 2817/5154/3036 2653/5337/3035 2656/5152/3056
f 2656/5152/3056 2653/5337/3035 2551/5151/3057
f 2653/5337/3035 2496/5338/3033 2551/5151/3057
f 2551/5151/3057 2496/5338/3033 2359/4639/3037
f 2494/5146/3024 2649/4631/3023 2652/5145/3044
f 2652/5145/3044 2649/4631/3023 2750/5144/3045
f 2649/4631/3023 2792/5339/3021 2750/5144/3045
f 2750/5144/3045 2792/5339/3021 2966/4862/3025
f 2354/4614/3003 2490/5340/3001 2546/5132/3026
f 2546/5132/3026 2490/5340/3001 2641/5341/2999
f 2546/5132/3026 2641/5341/2999 2644/5342/3022
f 2644/5342/3022 2641/5341/2999 2812/4865/2996
f 2644/5342/3022 2812/4865/2996 2746/5343/3020
f 2746/5343/3020 2812/4865/2996 2962/4867/2995
f 2746/5343/3020 2962/4867/2995 2879/5344/3019
f 2879/5344/3019 2962/4867/2995 3006/4868/2993
f 2879/5344/3019 3006/4868/2993 2936/5131/3018
f 2936/5131/3018 3006/4868/2993 2961/4607/2997
f 2488/4600/2986 2351/4869/2984 2416/5125/3007
f 2416/5125/3007 2351/4869/2984 2328/5124/3006
f 2351/4869/2984 2293/4870/2983 2328/5124/3006
f 2328/5124/3006 2293/4870/2983 2350/4597/2985
f 2808/5120/2976 2959/5345/2975 2875/5118/2994
f 2875/5118/2994 2959/5345/2975 2934/5117/2992
f 2959/5345/2975 3020/5346/2980 2934/5117/2992
f 2934/5117/2992 3020/5346/2980 2958/4584/2979
f 2484/5113/2974 2347/4575/2973 2411/5111/3256
f 2627/5347/3263 2625/3645/16 2630/3646/17
f 2785/4267/2654 2857/5348/3264 2798/3649/3265
f 2736/5349/80 2625/73/16 2627/3651/3263
f 2736/5349/80 2627/3651/3263 2805/4270/3266
f 2805/4270/3266 2957/4271/3267 2736/5349/80
f 2736/5349/80 2957/4271/3267 2868/5350/1
f 2869/4273/3 2931/5351/2 2924/5352/3268
f 2869/4273/3 2924/5352/3268 2737/5353/5
f 2737/5353/5 2924/5352/3268 2807/4277/3269
f 2957/4271/3267 3019/4278/3270 2868/5350/1
f 2868/5350/1 3019/4278/3270 2931/5351/2
f 3019/4278/3270 2924/5352/3268 2931/5351/2
f 2737/5353/5 2807/4277/3269 2628/5354/7
f 2628/5354/7 2807/4277/3269 2631/4280/3271
f 2628/5354/7 2631/4280/3271 2538/5355/8
f 2538/5355/8 2631/4280/3271 2485/4282/3272
f 2538/5355/8 2485/4282/3272 2348/4283/3273
f 2538/5355/8 2348/4283/3273 2326/5356/10
f 2326/5356/10 2348/4283/3273 2292/4882/3274
f 2326/5356/10 2292/4882/3274 2349/4884/3275
f 2326/5356/10 2349/4884/3275 2412/5357/13
f 2412/5357/13 2349/4884/3275 2540/5358/15
f 2630/4289/17 2540/5358/15 2634/5359/3276
f 2630/4289/17 2634/5359/3276 2739/5360/3277
f 2739/5360/3277 2634/5359/3276 2809/4292/3278
f 2739/5360/3277 2809/4292/3278 2925/5361/3279
f 2349/4884/3275 2487/4294/3280 2540/5358/15
f 2540/5358/15 2487/4294/3280 2634/5359/3276
f 2925/5361/3279 3021/4295/3281 2933/5362/3282
f 2933/5362/3282 3021/4295/3281 2960/4297/3283
f 2933/5362/3282 2960/4297/3283 2873/5363/3284
f 2873/5363/3284 2960/4297/3283 2741/5364/3285
f 2635/5365/3286 2741/5364/3285 2639/5366/3287
f 2635/5365/3286 2639/5366/3287 2541/5367/3288
f 2541/5367/3288 2639/5366/3287 2489/4302/3289
f 2541/5367/3288 2489/4302/3289 2352/4303/3290
f 2960/4297/3283 2811/4304/3291 2741/5364/3285
f 2741/5364/3285 2811/4304/3291 2639/5366/3287
f 2541/5367/3288 2352/4303/3290 2459/5368/3292
f 2459/5368/3292 2352/4303/3290 2294/4307/3293
f 2459/5368/3292 2294/4307/3293 2327/5369/3294
f 2327/5369/3294 2294/4307/3293 2353/4309/3295
f 2327/5369/3294 2353/4309/3295 2414/5370/3296
f 2414/5370/3296 2353/4309/3295 2543/5371/3297
f 2743/5372/3298 2638/5373/3299 2813/4314/3300
f 2743/5372/3298 2813/4314/3300 2963/4315/3301
f 2353/4309/3295 2491/4316/3302 2543/5371/3297
f 2543/5371/3297 2491/4316/3302 2638/5373/3299
f 2491/4316/3302 2643/4317/3303 2638/5373/3299
f 2638/5373/3299 2643/4317/3303 2813/4314/3300
f 2743/5372/3298 2963/4315/3301 2876/5374/3304
f 2876/5374/3304 2963/4315/3301 3022/4319/3305
f 2876/5374/3304 3022/4319/3305 2935/5375/3306
f 2935/5375/3306 3022/4319/3305 2964/4907/3307
f 2935/5375/3306 2964/4907/3307 2877/5376/3308
f 2877/5376/3308 2964/4907/3307 2745/5377/3309
f 2545/5378/3310 2642/5379/3311 2493/4916/3312
f 2545/5378/3310 2493/4916/3312 2356/4327/3313
f 2964/4907/3307 2815/4908/3314 2745/5377/3309
f 2745/5377/3309 2815/4908/3314 2642/5379/3311
f 2815/4908/3314 2647/4910/3315 2642/5379/3311
f 2642/5379/3311 2647/4910/3315 2493/4916/3312
f 2545/5378/3310 2356/4327/3313 2460/5380/3316
f 2460/5380/3316 2356/4327/3313 2296/4331/3317
f 2460/5380/3316 2296/4331/3317 2329/5381/3318
f 2329/5381/3318 2296/4331/3317 2357/4333/3319
f 2329/5381/3318 2357/4333/3319 2417/5382/3320
f 2417/5382/3320 2357/4333/3319 2495/4335/3321
f 2417/5382/3320 2495/4335/3321 2547/5383/3322
f 2547/5383/3322 2495/4335/3321 2651/4337/3323
f 2547/5383/3322 2651/4337/3323 2646/5384/3324
f 2646/5384/3324 2651/4337/3323 2747/5385/3325
f 2937/5386/3326 2880/5387/3327 3007/5388/3328
f 2937/5386/3326 3007/5388/3328 2881/5389/3329
f 2881/5389/3329 3007/5388/3328 2968/4345/3330
f 2881/5389/3329 2968/4345/3330 2818/4347/3331
f 2651/4337/3323 2816/4339/3332 2747/5385/3325
f 2747/5385/3325 2816/4339/3332 2880/5387/3327
f 2816/4339/3332 2967/4341/3333 2880/5387/3327
f 2880/5387/3327 2967/4341/3333 3007/5388/3328
f 2881/5389/3329 2818/4347/3331 2749/5390/3334
f 2749/5390/3334 2818/4347/3331 2655/5391/3335
f 2655/5391/3335 2549/5392/3336 2650/4351/3337
f 2331/5393/3338 2420/5394/3339 2298/4931/3340
f 2331/5393/3338 2298/4931/3340 2361/5395/3341
f 2655/5391/3335 2497/4356/3342 2549/5392/3336
f 2549/5392/3336 2497/4356/3342 2420/5394/3339
f 2497/4356/3342 2360/4357/3343 2420/5394/3339
f 2420/5394/3339 2360/4357/3343 2298/4931/3340
f 2361/5395/3341 2499/4933/3344 2550/5396/3345
f 2550/5396/3345 2499/4933/3344 2659/4360/3346
f 2550/5396/3345 2659/4360/3346 2654/5397/3347
f 2654/5397/3347 2659/4360/3346 2751/5398/3348
f 2884/5399/3349 2751/5398/3348 2926/5400/3350
f 2884/5399/3349 2926/5400/3350 2939/5401/3351
f 2939/5401/3351 2926/5400/3350 3025/4365/3352
f 2939/5401/3351 3025/4365/3352 2971/4939/3353
f 2659/4360/3346 2820/4367/3354 2751/5398/3348
f 2751/5398/3348 2820/4367/3354 2926/5400/3350
f 2939/5401/3351 2971/4939/3353 2885/5402/3355
f 2885/5402/3355 2971/4939/3353 2822/4370/3356
f 2885/5402/3355 2822/4370/3356 2753/5403/3357
f 2753/5403/3357 2822/4370/3356 2663/4943/3358
f 2753/5403/3357 2663/4943/3358 2658/5404/3359
f 2658/5404/3359 2663/4943/3358 2552/5405/3360
f 2462/5406/3361 2552/5405/3360 2364/5407/3362
f 2462/5406/3361 2364/5407/3362 2333/5408/3363
f 2333/5408/3363 2364/5407/3362 2300/4378/3364
f 2333/5408/3363 2300/4378/3364 2365/4379/3365
f 2663/4943/3358 2501/4948/3366 2552/5405/3360
f 2552/5405/3360 2501/4948/3366 2364/5407/3362
f 2333/5408/3363 2365/4379/3365 2463/5409/3367
f 2463/5409/3367 2365/4379/3365 2503/4382/3368
f 2463/5409/3367 2503/4382/3368 2553/5410/3369
f 2553/5410/3369 2503/4382/3368 2667/4384/3370
f 2553/5410/3369 2667/4384/3370 2662/5411/3371
f 2662/5411/3371 2667/4384/3370 2755/5412/3372
f 2941/5413/3373 2888/5414/3064 3027/4959/3374
f 2941/5413/3373 3027/4959/3374 2975/4960/3375
f 2667/4384/3370 2824/4391/3376 2755/5412/3372
f 2755/5412/3372 2824/4391/3376 2888/5414/3064
f 2824/4391/3376 2974/4392/3377 2888/5414/3064
f 2888/5414/3064 2974/4392/3377 3027/4959/3374
f 2941/5413/3373 2975/4960/3375 2889/5415/3378
f 2889/5415/3378 2975/4960/3375 2826/4957/3379
f 2889/5415/3378 2826/4957/3379 2757/5416/3380
f 2757/5416/3380 2826/4957/3379 2671/4958/3381
f 2757/5416/3380 2671/4958/3381 2666/5417/3382
f 2666/5417/3382 2671/4958/3381 2554/5418/3383
f 2335/5419/3384 2425/5420/3385 2302/4969/3386
f 2335/5419/3384 2302/4969/3386 2369/4970/3387
f 2671/4958/3381 2505/4962/3388 2554/5418/3383
f 2554/5418/3383 2505/4962/3388 2425/5420/3385
f 2505/4962/3388 2368/4964/3389 2425/5420/3385
f 2425/5420/3385 2368/4964/3389 2302/4969/3386
f 2335/5419/3384 2369/4970/3387 2426/5421/3390
f 2426/5421/3390 2369/4970/3387 2507/4406/3391
f 2426/5421/3390 2507/4406/3391 2556/5422/3392
f 2556/5422/3392 2507/4406/3391 2675/4408/3393
f 2556/5422/3392 2675/4408/3393 2670/5423/3394
f 2670/5423/3394 2675/4408/3393 2828/4972/3395
f 2670/5423/3394 2828/4972/3395 2759/5424/3396
f 2759/5424/3396 2828/4972/3395 2978/4411/3397
f 2759/5424/3396 2978/4411/3397 2892/5425/3398
f 2892/5425/3398 2978/4411/3397 2943/5426/3399
f 2761/5427/3400 2893/5428/3401 2979/5429/3402
f 2761/5427/3400 2979/5429/3402 2829/4417/3403
f 2978/4411/3397 3029/4418/3404 2943/5426/3399
f 2943/5426/3399 3029/4418/3404 2893/5428/3401
f 3029/4418/3404 2979/5429/3402 2893/5428/3401
f 2829/4417/3403 2679/5430/3405 2761/5427/3400
f 2761/5427/3400 2679/5430/3405 2674/4980/3406
f 2674/4980/3406 2679/5430/3405 2558/5431/3407
f 2464/5432/3408 2558/5431/3407 2372/5433/3409
f 2464/5432/3408 2372/5433/3409 2336/5434/3410
f 2336/5434/3410 2372/5433/3409 2304/4425/3411
f 2679/5430/3405 2509/4987/3412 2558/5431/3407
f 2509/4987/3412 2372/5433/3409 2558/5431/3407
f 2336/5434/3410 2304/4425/3411 2373/5435/3413
f 2560/5436/3414 2373/5435/3413 2511/4986/3415
f 2560/5436/3414 2511/4986/3415 2683/5437/3416
f 2560/5436/3414 2683/5437/3416 2678/5438/3417
f 2678/5438/3417 2683/5437/3416 2831/4999/3418
f 2678/5438/3417 2831/4999/3418 2763/5439/3419
f 2763/5439/3419 2831/4999/3418 2982/5000/3420
f 2763/5439/3419 2982/5000/3420 2896/5440/3421
f 2896/5440/3421 2982/5000/3420 2945/5441/3422
f 2897/4437/3423 2945/5441/3422 2927/5442/3424
f 2897/4437/3423 2927/5442/3424 2765/5443/3425
f 2765/5443/3425 2927/5442/3424 2832/4997/3426
f 2982/5000/3420 3030/5002/3427 2945/5441/3422
f 2945/5441/3422 3030/5002/3427 2927/5442/3424
f 2832/4997/3426 2687/4998/3428 2765/5443/3425
f 2765/5443/3425 2687/4998/3428 2682/5444/3429
f 2433/5445/3430 2337/5446/3431 2377/5447/3432
f 2433/5445/3430 2377/5447/3432 2564/5448/3433
f 2564/5448/3433 2377/5447/3432 2515/5011/3434
f 2687/4998/3428 2513/4449/3435 2682/5444/3429
f 2682/5444/3429 2513/4449/3435 2562/5449/3436
f 2513/4449/3435 2376/5005/3437 2562/5449/3436
f 2562/5449/3436 2376/5005/3437 2432/5450/3438
f 2432/5450/3438 2376/5005/3437 2337/5446/3431
f 2337/5446/3431 2376/5005/3437 2306/4453/3439
f 2337/5446/3431 2306/4453/3439 2377/5447/3432
f 2515/5011/3434 2690/5451/3440 2564/5448/3433
f 2564/5448/3433 2690/5451/3440 2686/5452/3441
f 2686/5452/3441 2690/5451/3440 2767/5453/3442
f 2769/5454/3443 2901/5455/3444 2836/4459/3445
f 2769/5454/3443 2836/4459/3445 2695/5022/3446
f 2690/5451/3440 2834/4461/3447 2767/5453/3442
f 2834/4461/3447 2985/5456/3448 2767/5453/3442
f 2767/5453/3442 2985/5456/3448 2900/5457/3449
f 2900/5457/3449 2985/5456/3448 2947/5458/3450
f 2947/5458/3450 2985/5456/3448 3032/5016/3451
f 2947/5458/3450 3032/5016/3451 2901/5455/3444
f 2901/5455/3444 3032/5016/3451 2986/4466/3452
f 2901/5455/3444 2986/4466/3452 2836/4459/3445
f 2769/5454/3443 2695/5022/3446 2691/5459/3453
f 2691/5459/3453 2695/5022/3446 2517/5023/3454
f 2691/5459/3453 2517/5023/3454 2566/5460/3455
f 2566/5460/3455 2517/5023/3454 2380/5024/3456
f 2566/5460/3455 2380/5024/3456 2435/5461/3457
f 2435/5461/3457 2380/5024/3456 2338/5462/3458
f 2436/5463/3459 2338/5462/3458 2381/5464/3460
f 2436/5463/3459 2381/5464/3460 2568/5465/3461
f 2568/5465/3461 2381/5464/3460 2519/4476/3462
f 2380/5024/3456 2308/5031/3463 2338/5462/3458
f 2338/5462/3458 2308/5031/3463 2381/5464/3460
f 2568/5465/3461 2519/4476/3462 2694/5466/3464
f 2694/5466/3464 2519/4476/3462 2699/5467/3465
f 2694/5466/3464 2699/5467/3465 2795/5468/3466
f 2928/5469/3467 3034/4483/3468 2949/5470/3469
f 2949/5470/3469 3034/4483/3468 2989/4485/3470
f 2949/5470/3469 2989/4485/3470 2905/5471/3471
f 2905/5471/3471 2989/4485/3470 2773/5472/3472
f 2570/5473/3473 2698/5474/3474 2703/5475/3475
f 2570/5473/3473 2703/5475/3475 2521/4491/3476
f 2989/4485/3470 2839/5043/3477 2773/5472/3472
f 2773/5472/3472 2839/5043/3477 2698/5474/3474
f 2839/5043/3477 2703/5475/3475 2698/5474/3474
f 2521/4491/3476 2384/4493/3478 2570/5473/3473
f 2570/5473/3473 2384/4493/3478 2439/5476/3479
f 2702/5477/3480 2572/5478/3481 2707/5479/3482
f 2702/5477/3480 2707/5479/3482 2775/5480/3483
f 2775/5480/3483 2707/5479/3482 2841/5052/3484
f 2384/4493/3478 2310/4500/3485 2439/5476/3479
f 2439/5476/3479 2310/4500/3485 2340/5481/3486
f 2310/4500/3485 2385/5046/3487 2340/5481/3486
f 2340/5481/3486 2385/5046/3487 2440/5482/3488
f 2440/5482/3488 2385/5046/3487 2572/5478/3481
f 2572/5478/3481 2385/5046/3487 2523/5053/3489
f 2572/5478/3481 2523/5053/3489 2707/5479/3482
f 2841/5052/3484 2992/5055/3490 2775/5480/3483
f 2775/5480/3483 2992/5055/3490 2908/5483/3491
f 2706/4507/3492 2777/5484/3493 2711/5485/3494
f 2706/4507/3492 2711/5485/3494 2573/5486/3495
f 2573/5486/3495 2711/5485/3494 2525/5064/3496
f 2992/5055/3490 3035/5056/3497 2908/5483/3491
f 2908/5483/3491 3035/5056/3497 2951/5487/3498
f 3035/5056/3497 2993/5058/3499 2951/5487/3498
f 2951/5487/3498 2993/5058/3499 2909/5488/3500
f 2909/5488/3500 2993/5058/3499 2777/5484/3493
f 2777/5484/3493 2993/5058/3499 2843/5065/3501
f 2777/5484/3493 2843/5065/3501 2711/5485/3494
f 2573/5486/3495 2525/5064/3496 2466/5489/3502
f 2466/5489/3502 2525/5064/3496 2388/5067/3503
f 2466/5489/3502 2388/5067/3503 2312/5069/3504
f 2466/5489/3502 2312/5069/3504 2342/5490/3505
f 2342/5490/3505 2312/5069/3504 2389/4521/3506
f 2342/5490/3505 2389/4521/3506 2443/5491/3507
f 2443/5491/3507 2389/4521/3506 2575/5492/3508
f 2710/5493/2936 2575/5492/3508 2714/5494/3509
f 2710/5493/2936 2714/5494/3509 2779/5495/3510
f 2779/5495/3510 2714/5494/3509 2845/5079/3511
f 2389/4521/3506 2527/5071/3512 2575/5492/3508
f 2575/5492/3508 2527/5071/3512 2714/5494/3509
f 2779/5495/3510 2845/5079/3511 2912/5496/3513
f 2912/5496/3513 2845/5079/3511 2996/5497/3514
f 2912/5496/3513 2996/5497/3514 3036/4531/3515
f 2912/5496/3513 3036/4531/3515 2953/5498/3516
f 2953/5498/3516 3036/4531/3515 2997/5080/3517
f 2953/5498/3516 2997/5080/3517 2913/5499/3518
f 2913/5499/3518 2997/5080/3517 2781/5500/3519
f 2715/5501/3520 2781/5500/3519 2719/5502/3521
f 2715/5501/3520 2719/5502/3521 2588/5503/3522
f 2588/5503/3522 2719/5502/3521 2529/4539/3523
f 2997/5080/3517 2847/5086/3524 2781/5500/3519
f 2781/5500/3519 2847/5086/3524 2719/5502/3521
f 2588/5503/3522 2529/4539/3523 2446/5504/3525
f 2446/5504/3525 2529/4539/3523 2392/5505/3526
f 2446/5504/3525 2392/5505/3526 2314/5506/3527
f 2393/5507/3528 2531/5091/3529 2578/5508/3530
f 2578/5508/3530 2531/5091/3529 2723/5509/3531
f 2723/5509/3531 2783/5510/3532 2718/5511/3533
f 2955/5512/3534 2916/5513/3535 3000/5514/3536
f 2955/5512/3534 3000/5514/3536 3037/5099/3537
f 2723/5509/3531 2848/5100/3538 2783/5510/3532
f 2783/5510/3532 2848/5100/3538 2916/5513/3535
f 2848/5100/3538 3000/5514/3536 2916/5513/3535
f 3037/5099/3537 3001/5102/3539 2955/5512/3534
f 2955/5512/3534 3001/5102/3539 2917/5515/3540
f 2785/5103/2654 2917/5515/3540 2857/4559/3264
f 2857/4559/3264 2917/5515/3540 3001/5102/3539
f 2723/5509/3531 2718/5511/3533 2578/5508/3530
f 2578/5508/3530 2447/5516/3541 2393/5507/3528
f 2393/5507/3528 2447/5516/3541 2343/5517/3542
f 2393/5507/3528 2343/5517/3542 2314/5506/3527
f 2314/5506/3527 2343/5517/3542 2446/5504/3525
f 2949/5470/3469 2904/5518/3543 2928/5469/3467
f 2928/5469/3467 2904/5518/3543 2771/5519/3544
f 2928/5469/3467 2771/5519/3544 2795/5468/3466
f 2795/5468/3466 2771/5519/3544 2694/5466/3464
f 2560/5436/3414 2429/4562/3545 2373/5435/3413
f 2373/5435/3413 2429/4562/3545 2336/5434/3410
f 2550/5396/3345 2461/5520/3546 2361/5395/3341
f 2361/5395/3341 2461/5520/3546 2331/5393/3338
f 2655/5391/3335 2650/4351/3337 2749/5390/3334
f 2933/5362/3282 2872/4565/3547 2925/5361/3279
f 2925/5361/3279 2872/4565/3547 2739/5360/3277
f 2798/4566/3548 2918/5521/3549 2785/4568/3550
f 2785/4568/3550 2918/5521/3549 2921/4569/2655
f 2921/4569/2655 2918/5521/3549 2850/5109/2649
f 2850/5109/2649 2918/5521/3549 2787/5110/3551
f 2850/5109/2649 2787/5110/3551 2729/4572/3552
f 2729/4572/3552 2787/5110/3551 2726/4573/3553
f 2729/4572/3552 2726/4573/3553 2580/5522/2652
f 2805/4575/3266 2627/5347/3263 2739/5523/3277
f 2739/5523/3277 2627/5347/3263 2630/3651/17
f 2739/5523/3277 2872/5524/3547 2957/5525/3267
f 3019/4579/3270 2957/5525/3267 2933/5526/3282
f 3019/4579/3270 2933/5526/3282 2873/5527/3284
f 2957/5525/3267 2872/5524/3547 2933/5526/3282
f 2741/5528/3285 2635/4594/3286 2631/5529/3271
f 2631/5529/3271 2635/4594/3286 2541/5530/3288
f 2631/5529/3271 2541/5530/3288 2485/5345/3272
f 2485/5345/3272 2541/5530/3288 2348/5531/3273
f 2292/4589/3274 2348/5531/3273 2327/5532/3294
f 2292/4589/3274 2327/5532/3294 2414/5533/3296
f 2541/5530/3288 2459/5534/3292 2348/5531/3273
f 2348/5531/3273 2459/5534/3292 2327/5532/3294
f 2638/5535/3299 2743/5536/3298 2809/4869/3278
f 2809/4869/3278 2743/5536/3298 2925/5537/3279
f 3021/4601/3281 2925/5537/3279 2935/5538/3306
f 3021/4601/3281 2935/5538/3306 2877/5539/3308
f 2743/5536/3298 2876/5540/3304 2925/5537/3279
f 2925/5537/3279 2876/5540/3304 2935/5538/3306
f 2877/5539/3308 2745/5541/3309 2960/5128/3283
f 2960/5128/3283 2745/5541/3309 2811/4607/3291
f 2811/4607/3291 2745/5541/3309 2642/5542/3311
f 2811/4607/3291 2642/5542/3311 2639/4868/3287
f 2639/4868/3287 2642/5542/3311 2489/4867/3289
f 2489/4867/3289 2642/5542/3311 2545/5543/3310
f 2489/4867/3289 2545/5543/3310 2352/5544/3290
f 2294/5341/3293 2352/5544/3290 2329/5545/3318
f 2294/5341/3293 2329/5545/3318 2353/5340/3295
f 2353/5340/3295 2329/5545/3318 2417/5546/3320
f 2353/5340/3295 2417/5546/3320 2547/5547/3322
f 2460/5548/3316 2329/5545/3318 2352/5544/3290
f 2460/5548/3316 2352/5544/3290 2545/5543/3310
f 2646/5549/3324 2747/5550/3325 2643/5551/3303
f 2646/5549/3324 2643/5551/3303 2547/5547/3322
f 2547/5547/3322 2643/5551/3303 2491/4614/3302
f 2547/5547/3322 2491/4614/3302 2353/5340/3295
f 2747/5550/3325 2880/5552/3327 2963/5553/3301
f 3022/4621/3305 2963/5553/3301 2937/5554/3326
f 3022/4621/3305 2937/5554/3326 2964/5555/3307
f 2964/5555/3307 2937/5554/3326 2881/5556/3329
f 2964/5555/3307 2881/5556/3329 2749/5557/3334
f 2963/5553/3301 2880/5552/3327 2937/5554/3326
f 2650/5558/3337 2549/5559/3336 2647/5560/3315
f 2650/5558/3337 2647/5560/3315 2749/5557/3334
f 2749/5557/3334 2647/5560/3315 2815/4623/3314
f 2749/5557/3334 2815/4623/3314 2964/5555/3307
f 2461/4636/3546 2550/5561/3345 2357/5562/3319
f 2461/4636/3546 2357/5562/3319 2331/5563/3338
f 2331/5563/3338 2357/5562/3319 2296/4631/3317
f 2550/5561/3345 2654/5564/3347 2495/5147/3321
f 2495/5147/3321 2654/5564/3347 2651/4638/3323
f 2651/4638/3323 2654/5564/3347 2751/5565/3348
f 2651/4638/3323 2751/5565/3348 2816/4639/3332
f 2816/4639/3332 2751/5565/3348 2884/5566/3349
f 2816/4639/3332 2884/5566/3349 2967/5338/3333
f 2967/5338/3333 2884/5566/3349 2939/5567/3351
f 2967/5338/3333 2939/5567/3351 3007/5337/3328
f 3007/5337/3328 2939/5567/3351 2968/5568/3330
f 2818/4644/3331 2968/5568/3330 2753/5569/3357
f 2818/4644/3331 2753/5569/3357 2658/5570/3359
f 2939/5567/3351 2885/5571/3355 2968/5568/3330
f 2968/5568/3330 2885/5571/3355 2753/5569/3357
f 2552/5572/3360 2462/4651/3361 2360/5573/3343
f 2360/5573/3343 2462/4651/3361 2333/5574/3363
f 2360/5573/3343 2333/5574/3363 2298/4861/3340
f 2298/4861/3340 2333/5574/3363 2361/5575/3341
f 2499/4657/3344 2361/5575/3341 2553/5576/3369
f 2499/4657/3344 2553/5576/3369 2662/5577/3371
f 2333/5574/3363 2463/5578/3367 2361/5575/3341
f 2361/5575/3341 2463/5578/3367 2553/5576/3369
f 2662/5577/3371 2755/5579/3372 2659/4659/3346
f 2659/4659/3346 2755/5579/3372 2820/4663/3354
f 2820/4663/3354 2755/5579/3372 2888/5580/3064
f 2820/4663/3354 2888/5580/3064 2926/4860/3350
f 2926/4860/3350 2888/5580/3064 3025/4859/3352
f 3025/4859/3352 2888/5580/3064 2941/5581/3373
f 3025/4859/3352 2941/5581/3373 2971/5582/3353
f 2822/5173/3356 2971/5582/3353 2757/5583/3380
f 2822/5173/3356 2757/5583/3380 2663/5584/3358
f 2663/5584/3358 2757/5583/3380 2666/5585/3382
f 2663/5584/3358 2666/5585/3382 2554/5586/3383
f 2889/5587/3378 2757/5583/3380 2971/5582/3353
f 2889/5587/3378 2971/5582/3353 2941/5581/3373
f 2554/5586/3383 2425/5588/3385 2501/4670/3366
f 2554/5586/3383 2501/4670/3366 2663/5584/3358
f 2335/5589/3384 2426/5590/3390 2365/5178/3365
f 2365/5178/3365 2426/5590/3390 2503/4852/3368
f 2503/4852/3368 2426/5590/3390 2556/5591/3392
f 2503/4852/3368 2556/5591/3392 2667/4851/3370
f 2667/4851/3370 2556/5591/3392 2670/5592/3394
f 2667/4851/3370 2670/5592/3394 2759/5593/3396
f 2892/4688/3398 2943/5594/3399 2974/5595/3377
f 2892/4688/3398 2974/5595/3377 2759/5593/3396
f 2759/5593/3396 2974/5595/3377 2824/4676/3376
f 2759/5593/3396 2824/4676/3376 2667/4851/3370
f 2943/5594/3399 2893/5596/3401 2975/5597/3375
f 2826/4681/3379 2975/5597/3375 2761/5598/3400
f 2826/4681/3379 2761/5598/3400 2671/5599/3381
f 2671/5599/3381 2761/5598/3400 2674/5600/3406
f 2671/5599/3381 2674/5600/3406 2505/5190/3388
f 2505/5190/3388 2674/5600/3406 2558/5601/3407
f 2505/5190/3388 2558/5601/3407 2368/5602/3389
f 2368/5602/3389 2558/5601/3407 2464/5603/3408
f 2368/5602/3389 2464/5603/3408 2336/5604/3410
f 2975/5597/3375 2893/5596/3401 2761/5598/3400
f 2682/5605/3429 2562/5606/3436 2509/4708/3412
f 2509/4708/3412 2562/5606/3436 2432/5607/3438
f 2509/4708/3412 2432/5607/3438 2372/4709/3409
f 2372/4709/3409 2432/5607/3438 2337/5608/3431
f 2372/4709/3409 2337/5608/3431 2304/5326/3411
f 2304/5326/3411 2337/5608/3431 2433/5609/3430
f 2304/5326/3411 2433/5609/3430 2373/4844/3413
f 2373/4844/3413 2433/5609/3430 2564/5610/3433
f 2373/4844/3413 2564/5610/3433 2511/5611/3415
f 2511/5611/3415 2564/5610/3433 2683/5612/3416
f 2831/5211/3418 2683/5612/3416 2767/5613/3442
f 2831/5211/3418 2767/5613/3442 2982/5212/3420
f 2982/5212/3420 2767/5613/3442 2900/5614/3449
f 2982/5212/3420 2900/5614/3449 2947/5615/3450
f 2564/5610/3433 2686/5616/3441 2683/5612/3416
f 2683/5612/3416 2686/5616/3441 2767/5613/3442
f 2769/5617/3443 2691/5618/3453 2687/5619/3428
f 2687/5619/3428 2691/5618/3453 2566/5620/3455
f 2687/5619/3428 2566/5620/3455 2513/4725/3435
f 2513/4725/3435 2566/5620/3455 2376/4727/3437
f 2376/4727/3437 2566/5620/3455 2435/5621/3457
f 2376/4727/3437 2435/5621/3457 2338/5622/3458
f 2568/5623/3461 2694/5624/3464 2690/5625/3440
f 2690/5625/3440 2694/5624/3464 2771/5626/3544
f 2690/5625/3440 2771/5626/3544 2834/5224/3447
f 2834/5224/3447 2771/5626/3544 2985/5226/3448
f 2985/5226/3448 2771/5626/3544 2904/5627/3543
f 2985/5226/3448 2904/5627/3543 2949/5628/3469
f 2905/5629/3471 2773/5630/3472 2986/5631/3452
f 2905/5629/3471 2986/5631/3452 2949/5628/3469
f 2949/5628/3469 2986/5631/3452 3032/4732/3451
f 2949/5628/3469 3032/4732/3451 2985/5226/3448
f 2773/5630/3472 2698/5632/3474 2695/5633/3446
f 2517/5233/3454 2695/5633/3446 2570/5634/3473
f 2517/5233/3454 2570/5634/3473 2380/5235/3456
f 2380/5235/3456 2570/5634/3473 2439/5635/3479
f 2380/5235/3456 2439/5635/3479 2340/5636/3486
f 2695/5633/3446 2698/5632/3474 2570/5634/3473
f 2908/5637/3491 2951/5638/3498 3034/5244/3468
f 3034/5244/3468 2951/5638/3498 2909/5639/3500
f 3034/5244/3468 2909/5639/3500 2989/5245/3470
f 2989/5245/3470 2909/5639/3500 2777/5640/3493
f 2989/5245/3470 2777/5640/3493 2839/5314/3477
f 2839/5314/3477 2777/5640/3493 2706/5641/3492
f 2839/5314/3477 2706/5641/3492 2703/4824/3475
f 2703/4824/3475 2706/5641/3492 2573/5642/3495
f 2703/4824/3475 2573/5642/3495 2521/4823/3476
f 2521/4823/3476 2573/5642/3495 2384/5643/3478
f 2310/5254/3485 2384/5643/3478 2342/5644/3505
f 2310/5254/3485 2342/5644/3505 2385/5255/3487
f 2385/5255/3487 2342/5644/3505 2443/5645/3507
f 2385/5255/3487 2443/5645/3507 2575/5646/3508
f 2573/5642/3495 2466/5647/3502 2384/5643/3478
f 2384/5643/3478 2466/5647/3502 2342/5644/3505
f 2779/5648/3510 2912/5649/3513 2992/5650/3490
f 2992/5650/3490 2912/5649/3513 2953/5651/3516
f 2992/5650/3490 2953/5651/3516 3035/5307/3497
f 3035/5307/3497 2953/5651/3516 2993/5305/3499
f 2993/5305/3499 2953/5651/3516 2913/5652/3518
f 2993/5305/3499 2913/5652/3518 2781/5653/3519
f 2781/5653/3519 2715/5654/3520 2711/5655/3494
f 2711/5655/3494 2715/5654/3520 2588/5656/3522
f 2711/5655/3494 2588/5656/3522 2525/5657/3496
f 2525/5657/3496 2588/5656/3522 2446/5658/3525
f 2446/5658/3525 2343/5659/3542 2312/4810/3504
f 2312/4810/3504 2343/5659/3542 2389/5295/3506
f 2389/5295/3506 2343/5659/3542 2447/5660/3541
f 2389/5295/3506 2447/5660/3541 2578/5661/3530
f 2783/5662/3532 2916/5663/3535 2996/5664/3514
f 2996/5664/3514 2916/5663/3535 2955/5665/3534
f 2996/5664/3514 2955/5665/3534 3036/5270/3515
f 3036/5270/3515 2955/5665/3534 2997/5272/3517
f 2997/5272/3517 2955/5665/3534 2917/5666/3540
f 2997/5272/3517 2917/5666/3540 2785/5667/2654
f 2722/5668/2653 2590/5669/2648 2529/5670/3523
f 2529/5670/3523 2590/5669/2648 2450/5671/2650
f 2918/5672/3549 2798/5282/3548 2857/5283/3264
f 2857/5283/3264 3001/5284/3539 2918/5672/3549
f 2918/5672/3549 3001/5284/3539 3037/5285/3537
f 2918/5672/3549 3037/5285/3537 3000/5286/3536
f 2918/5672/3549 3000/5286/3536 2787/5673/3551
f 2787/5673/3551 3000/5286/3536 2848/5288/3538
f 2787/5673/3551 2848/5288/3538 2723/5289/3531
f 2787/5673/3551 2723/5289/3531 2726/5674/3553
f 2726/5674/3553 2723/5289/3531 2531/5291/3529
f 2726/5674/3553 2531/5291/3529 2580/5675/2652
f 2580/5675/2652 2531/5291/3529 2393/5293/3528
f 2580/5675/2652 2393/5293/3528 2451/5676/2656
f 2451/5676/2656 2393/5293/3528 2314/4805/3527
f 2451/5676/2656 2314/4805/3527 2345/4806/2657
f 2345/4806/2657 2314/4805/3527 2392/5278/3526
f 2345/4806/2657 2392/5278/3526 2450/5671/2650
f 2450/5671/2650 2392/5278/3526 2529/5670/3523
f 2529/5670/3523 2719/5277/3521 2722/5668/2653
f 2722/5668/2653 2719/5277/3521 2847/4783/3524
f 2722/5668/2653 2847/4783/3524 2785/5667/2654
f 2785/5667/2654 2847/4783/3524 2997/5272/3517
f 2996/5664/3514 2845/5266/3511 2783/5662/3532
f 2783/5662/3532 2845/5266/3511 2714/5264/3509
f 2783/5662/3532 2714/5264/3509 2718/5677/3533
f 2718/5677/3533 2714/5264/3509 2527/4774/3512
f 2718/5677/3533 2527/4774/3512 2578/5661/3530
f 2578/5661/3530 2527/4774/3512 2389/5295/3506
f 2312/4810/3504 2388/5297/3503 2446/5658/3525
f 2446/5658/3525 2388/5297/3503 2525/5657/3496
f 2711/5655/3494 2843/5303/3501 2781/5653/3519
f 2781/5653/3519 2843/5303/3501 2993/5305/3499
f 2992/5650/3490 2841/5311/3484 2779/5648/3510
f 2779/5648/3510 2841/5311/3484 2707/5678/3482
f 2779/5648/3510 2707/5678/3482 2710/5679/2936
f 2710/5679/2936 2707/5678/3482 2523/5312/3489
f 2710/5679/2936 2523/5312/3489 2575/5646/3508
f 2575/5646/3508 2523/5312/3489 2385/5255/3487
f 3034/5244/3468 2928/5680/3467 2908/5637/3491
f 2908/5637/3491 2928/5680/3467 2795/5315/3466
f 2908/5637/3491 2795/5315/3466 2775/5681/3483
f 2775/5681/3483 2795/5315/3466 2699/5316/3465
f 2775/5681/3483 2699/5316/3465 2702/5682/3480
f 2702/5682/3480 2699/5316/3465 2519/5318/3462
f 2702/5682/3480 2519/5318/3462 2572/5683/3481
f 2572/5683/3481 2519/5318/3462 2381/4744/3460
f 2572/5683/3481 2381/4744/3460 2440/5684/3488
f 2440/5684/3488 2381/4744/3460 2308/5236/3463
f 2440/5684/3488 2308/5236/3463 2340/5636/3486
f 2340/5636/3486 2308/5236/3463 2380/5235/3456
f 2695/5633/3446 2836/4736/3445 2773/5630/3472
f 2773/5630/3472 2836/4736/3445 2986/5631/3452
f 2690/5625/3440 2515/5220/3434 2568/5623/3461
f 2568/5623/3461 2515/5220/3434 2377/5218/3432
f 2568/5623/3461 2377/5218/3432 2436/5685/3459
f 2436/5685/3459 2377/5218/3432 2306/4840/3439
f 2436/5685/3459 2306/4840/3439 2338/5622/3458
f 2338/5622/3458 2306/4840/3439 2376/4727/3437
f 2687/5619/3428 2832/5322/3426 2769/5617/3443
f 2769/5617/3443 2832/5322/3426 2927/5324/3424
f 2769/5617/3443 2927/5324/3424 2901/5686/3444
f 2901/5686/3444 2927/5324/3424 3030/4721/3427
f 2901/5686/3444 3030/4721/3427 2947/5615/3450
f 2947/5615/3450 3030/4721/3427 2982/5212/3420
f 2509/4708/3412 2679/5327/3405 2682/5605/3429
f 2682/5605/3429 2679/5327/3405 2829/5328/3403
f 2682/5605/3429 2829/5328/3403 2765/5687/3425
f 2765/5687/3425 2829/5328/3403 2979/5330/3402
f 2765/5687/3425 2979/5330/3402 2897/5688/3423
f 2897/5688/3423 2979/5330/3402 3029/5332/3404
f 2897/5688/3423 3029/5332/3404 2945/5689/3422
f 2945/5689/3422 3029/5332/3404 2978/4701/3397
f 2945/5689/3422 2978/4701/3397 2896/5690/3421
f 2896/5690/3421 2978/4701/3397 2828/4699/3395
f 2896/5690/3421 2828/4699/3395 2763/5691/3419
f 2763/5691/3419 2828/4699/3395 2675/4698/3393
f 2763/5691/3419 2675/4698/3393 2678/5692/3417
f 2678/5692/3417 2675/4698/3393 2507/5333/3391
f 2678/5692/3417 2507/5333/3391 2560/5693/3414
f 2560/5693/3414 2507/5333/3391 2369/4694/3387
f 2560/5693/3414 2369/4694/3387 2429/5694/3545
f 2429/5694/3545 2369/4694/3387 2302/4692/3386
f 2429/5694/3545 2302/4692/3386 2336/5604/3410
f 2336/5604/3410 2302/4692/3386 2368/5602/3389
f 2975/5597/3375 3027/4679/3374 2943/5594/3399
f 2943/5594/3399 3027/4679/3374 2974/5595/3377
f 2365/5178/3365 2300/5176/3364 2335/5589/3384
f 2335/5589/3384 2300/5176/3364 2425/5588/3385
f 2300/5176/3364 2364/4858/3362 2425/5588/3385
f 2425/5588/3385 2364/4858/3362 2501/4670/3366
f 2659/4659/3346 2499/4657/3344 2662/5577/3371
f 2360/5573/3343 2497/4654/3342 2552/5572/3360
f 2552/5572/3360 2497/4654/3342 2655/4646/3335
f 2552/5572/3360 2655/4646/3335 2658/5570/3359
f 2658/5570/3359 2655/4646/3335 2818/4644/3331
f 2550/5561/3345 2495/5147/3321 2357/5562/3319
f 2331/5563/3338 2296/4631/3317 2420/5695/3339
f 2420/5695/3339 2296/4631/3317 2356/5339/3313
f 2420/5695/3339 2356/5339/3313 2549/5559/3336
f 2549/5559/3336 2356/5339/3313 2493/4862/3312
f 2549/5559/3336 2493/4862/3312 2647/5560/3315
f 2963/5553/3301 2813/4617/3300 2747/5550/3325
f 2747/5550/3325 2813/4617/3300 2643/5551/3303
f 2960/5128/3283 3021/4601/3281 2877/5539/3308
f 2809/4869/3278 2634/4870/3276 2638/5535/3299
f 2638/5535/3299 2634/4870/3276 2487/4597/3280
f 2638/5535/3299 2487/4597/3280 2543/5696/3297
f 2543/5696/3297 2487/4597/3280 2349/4591/3275
f 2543/5696/3297 2349/4591/3275 2414/5533/3296
f 2414/5533/3296 2349/4591/3275 2292/4589/3274
f 2631/5529/3271 2807/4584/3269 2741/5528/3285
f 2741/5528/3285 2807/4584/3269 2924/4583/3268
f 2741/5528/3285 2924/4583/3268 2873/5527/3284
f 2873/5527/3284 2924/4583/3268 3019/4579/3270
f 2957/5525/3267 2805/4575/3266 2739/5523/3277
